"University","Program","Course","Title","Credits","Bulletin"
"Virginia Commonwealth University","Anthropology","ANTH103","Introduction to Anthropology","3","3 lecture hours (delivered online, face-to-face or hybrid). 3 credits. A general survey of anthropology with emphasis on learning about and from global cultures, and on the four fields of anthropology."
"Virginia Commonwealth University","Anthropology","ANTH105","Introduction to Archaeology","3","3 lecture hours. 3 credits. A survey of archaeological sites, methods and theories from around the world, from the earliest human cultures, to the rise and spread of civilizations, to the modern era. Crosslisted as: INTL 104."
"Virginia Commonwealth University","Anthropology","ANTH302","Archaeological Theory","3","3 lecture hours. 3 credits. Prerequisites: ANTH 105/ INTL 104 and UNIV 200 or HONR 200 with a minimum grade of C. Covers the basic theoretical perspectives and tools of archaeology, including analysis and interpretation of archaeological materials. Students will review the intellectual history of archaeology, applying a variety of theoretical approaches to archaeological data sets and sites."
"Virginia Commonwealth University","Anthropology","ANTH399","Junior Seminar","1","1 lecture hour. 1 credit. Prerequisites: ANTH 210, 220 or 230; and junior standing. Focuses on self-assessment, compilation of a portfolio and curriculum vitae, career and graduate school preparation, and lifelong application of skills and knowledge acquired in the program. Students will critically assess their experience in the anthropology program."
"Virginia Commonwealth University","Anthropology","ANTH454","Theory in Cultural Anthropology","3","3 lecture hours. 3 credits. Prerequisites: ANTH 220 or ANTH 230, and at least one 3-credit 300-level ANTH course . A study of the connections between theoretical work that addresses understandings of culture and methodological practice centered on creating ethnography."
"Virginia Commonwealth University","Anthropology","ANTH490","Anthropology Senior Capstone","3","3 lecture hours. 3 credits. Prerequisites: completion of 15 credits in anthropology at the 300 and 400 level or the equivalent; senior standing. Open only to anthropology majors. Explores current research that transects more than one subfield of anthropology. Research foci will be at the discretion of the instructor, but students will explore how the anthropological subfields influence and speak to each other in new translational research, and will assess the emerging literature and scientific questions with a critical and scientific perspective. ANTH 491. Advanced Topics in Anthropology. 1-3 Hours. Semester course; variable hours. 1-3 credits. Maximum 6 credits per semester with different topics.Prerequisites: ANTH/INTL 103; ANTH 210, 220, or 230; and UNIV 200 or HONR 200. Seminar on current specialized areas of anthropological interest. See the Schedule of Classes for specific topics to be offered each semester. A maximum total of 18 credits in departmental topics courses (including ANTH 391 and 491) may be applied to the major. ANTH 492. Independent Study. 1-6 Hours. Semester course; variable hours. Variable credit. Maximum of 6 credits per semester; maximum total of 12 credits for all independent study and internship courses. Prerequisites: determination of the amount of credit and permission of the instructor and the group coordinator must be procured prior to enrollment in the course; a minimum GPA of 3.0 in the major. Generally open only to students of junior or senior standing who have acquired at least 12 credits in the anthropology program. ANTH 493. Anthropology Internship. 1-3 Hours. Semester course; variable hours. 1-3 credits (40 clock hours per credit). May be repeated for a maximum of 6 credits for majors and 3 credits for minors. Prerequisites: completion of 9 credits in anthropology courses at the 300 level or above, and permission of the internship coordinator. Student must be in good academic standing with a minimum major GPA of 2.25. Designed for the advanced student to gain workplace experience in a local, national or international business or agency offering opportunities in anthropological field methods or research."
"Virginia Commonwealth University","Anthropology","BIOL101","Biological Concepts","3","3 lecture hours (delivered online, face-to-face or hybrid). 3 credits. A topical approach to basic biological principles. Topics include molecular aspects of cells, bioenergetics, photosynthesis, cellular respiration, cellular and organismal reproduction, genetics and evolution, and ecology. Not applicable for credit toward the major in biology. "
"Virginia Commonwealth University","Anthropology","BIOL341","Human Evolution","4","3 lecture and 2 laboratory hours. 4 credits. Prerequisite: UNIV 200 or HONR 200 with a minimum grade of C. Introduces the range of human diversity as well as a broad understanding of evolution and evolutionary biology, particularly as it applies to hominid evolution. Specific topics include basic genetics, primatology, paleontology and the hominin fossil record. Crosslisted as: ANTH 301."
"Virginia Commonwealth University","Anthropology","HUMS202","Choices in a Consumer Society","1","1 lecture hour (delivered online). 1 credit. Corequisite: UNIV 111 or UNIV 112. Provides a framework for understanding the nature of choices made in a consumer society, with an emphasis on the financial consequences of those choices. Students will gain the practical knowledge needed to make informed personal financial decisions as they address immediate, short-term and long-term consumer choices. Administered primarily as a self-paced, computer-aided instructional course. HUMS 291. Special Topics in the Humanities and Sciences. 1-4 Hours. Semester course; 1-4 credits. May be repeated with different content. Specialized topics in the liberal arts and sciences designed to provide an overview of a topic not provided by an existing course or program. May be multidisciplinary. Graded as pass/fail or normal letter grading at the option of the instructor."
"Virginia Commonwealth University","Anthropology","MATH131","Introduction to Contemporary Mathematics","3","3 lecture hours (delivered online, face-to-face or hybrid). 3 credits. Topics include optimization problems, data handling, growth and symmetry, and mathematics with applications in areas of social choice. Major emphasis is on the process of taking a real-world situation, converting the situation to an abstract modeling problem, solving the problem and applying what is learned to the original situation. Does not serve as a prerequisite for MATH 151 or other advanced mathematical sciences courses."
"Virginia Commonwealth University","Anthropology","STAT210","Basic Practice of Statistics","3","3 lecture hours (delivered online, face-to-face or hybrid). 3 credits. Prerequisite: satisfactory score on the VCU Mathematics Placement Test within the one-year period immediately preceding the beginning of the course, or MATH 131, MATH 139, MATH 141, MATH 151, MATH 200 or MATH 201. Designed for students who will likely take another quantitative reasoning course for which statistics may be a prerequisite. Not open to mathematical sciences or computer science majors. Topics include examining distributions, examining relationships, producing data, sampling distributions and probability, introduction to inference. Students may receive credit toward graduation for only one of STAT 206, STAT 208, STAT 210, STAT 212, STAT 312 or SCMA 301."
"Virginia Commonwealth University","Anthropology","WRLD495","World ePass Portfolio","0","variable independent study hours (delivered online). 0 credits. Corequisite: WRLD 490, INTL 490, ANTH 490 or RELS 490. Enrollment is restricted to students with senior standing (90 credits earned) majoring in anthropology, international studies, foreign language or religious studies in the School of World Studies. Students create a personalized online portfolio, highlighting academic and experiential learning achievements and articulate post-graduation goals."
"Virginia Commonwealth University","Biology","BIOL151","Introduction to Biological Sciences I","3","3 lecture hours. 3 credits. Prerequisites: MATH 139, MATH 141, MATH 151, MATH 200, MATH 201 or a satisfactory score on the math placement exam; and CHEM 100 with a minimum grade of B, CHEM 101 with a minimum grade of C or a satisfactory score on the chemistry placement exam. Introduction to core biological concepts including cell structure, cellular metabolism, cell division, DNA replication, gene expression and genetics. Designed for biology majors."
"Virginia Commonwealth University","Biology","BIOL152","Introduction to Biological Sciences II","3","3 lecture hours. 3 credits. Prerequisites: BIOL 151 and CHEM 101, both with a minimum grade of C. Focuses on evolutionary principles, the role of natural selection in the evolution of life forms, taxonomy and phylogenies, biological diversity in the context of form and function of organisms, and and basic principles of ecology. Designed for biology majors."
"Virginia Commonwealth University","Biology","BIOL200","Quantitative Biology","3","3 lecture hours (delivered online or hybrid). 3 credits. Prerequisites: BIOL 151 and BIOZ 151 with minimum grades of C; and MATH 151, MATH 200, MATH 201, STAT 210 or satisfactory score on the VCU Mathematics Placement Test within a one-year period immediately preceding the beginning of the course. Enrollment is restricted to biology majors and biology minors. An introduction to the application of the scientific method, experimental design and quantitative aspects of biology."
"Virginia Commonwealth University","Biology","BIOL300","Cellular and Molecular Biology","3","3 lecture hours. 3 credits. Prerequisites: BIOL 151 and 152; BIOZ 151 or LFSC/BNFO 251; BIOZ 152 or LFSC/BNFO 252; CHEM 101 and CHEZ 101, all with a minimum grade of C; BIOL 200, MATH 200, MATH 201, STAT 210, STAT 212 or STAT 314. Biology majors must have completed BIOL 200. Pre- or corequisites: CHEM 102 and CHEZ 102. A study of the molecular biology of the cell as it relates to gene expression, cell signaling, and cell growth and differentiation."
"Virginia Commonwealth University","Biology","BIOL310","Genetics","3","3 lecture hours. 3 credits. Prerequisites: BIOL 151 and 152; BIOZ 151 or LFSC/BNFO 251; BIOZ 152 or LFSC/BNFO 252; BIOL 300; CHEM 101; and CHEZ 101, each with a minimum grade of C; and BIOL 200, MATH 200, MATH 201, STAT 210, STAT 212 or STAT 314. Biology majors must have completed BIOL 200. Pre- or corequisites: CHEM 102 and CHEZ 102. The basic principles of molecular and applied genetics of plants, animals and microorganisms."
"Virginia Commonwealth University","Biology","BIOL317","Ecology","3","3 lecture hours. 3 credits. Prerequisites: BIOL 151 and 152; BIOZ 151 or LFSC/BNFO 251; BIOZ 152 or LFSC/BNFO 252; CHEM 101 and CHEZ 101, all with a minimum grade of C; BIOL 200, MATH 200, MATH 201, STAT 210, STAT 212 or STAT 314. Biology majors must have completed BIOL 200. An introduction to the basic principles of ecology, including interactions among organisms and influences of the physical environment."
"Virginia Commonwealth University","Biology","BIOL318","Evolution","3","3 lecture hours. 3 credits. Prerequisites: BIOL 151 and 152; BIOZ 151 or LFSC/BNFO 251; BIOZ 152 or LFSC/BNFO 252; CHEM 101 and CHEZ 101, all with a minimum grade of C; BIOL 200, MATH 200, MATH 201, STAT 210, STAT 212 or STAT 314. Biology majors must have completed BIOL 200. An exploration of the theoretical and empirical foundations of evolutionary biology with a focus on the processes driving evolutionary change across all of life."
"Virginia Commonwealth University","Biology","BIOL475","Biology Capstone Seminar","3","1-3 seminar hours. 1-3 credits. Prerequisites: BIOL 300, BIOL 310, BIOL 317 and BIOL 318, each with a minimum grade of C. Enrollment is restricted to biology majors with senior standing. Students read assigned topical papers before class, prepare critical analyses, discuss and debate selected positions. See Schedule of Classes for specific topics. 702 Undergraduate courses"
"Virginia Commonwealth University","Biology","BIOL477","Biology Capstone Experience","0","variable hours. 0 credits. Prerequisites: BIOL 300,  BIOL 310, BIOL 317 and BIOL 318, each with a minimum grade of C; and 90 hours of undergraduate course work. The following courses qualify as a capstone experience if taken concurrently with this course: BIOL 492, BIOL 493, BIOL 495, BIOL 497 or other courses, including topics courses, which include the core competencies required for a capstone experience and are approved by the chair of the Department of Biology. Graded as pass/fail."
"Virginia Commonwealth University","Biology","BIOZ151","Introduction to Biological Science Laboratory I","1","3 laboratory hours. 1 credit. Prerequisite: MATH 139, MATH 141, MATH 151, MATH 200, MATH 201 or a satisfactory score on the math placement exam; and CHEM 100 with a minimum grade of B, CHEM 101 with a minimum grade of C or a satisfactory score on the chemistry placement exam. Pre- or corequisite: BIOL 151. Laboratory investigation of cellular metabolism, genetics and molecular biology, with an emphasis on formation and testing of hypotheses. Laboratory exercises will elaborate themes discussed in BIOL 151. "
"Virginia Commonwealth University","Biology","BIOZ152","Introduction to Biological Science Laboratory II","1","3 laboratory hours. 1 credit. Prerequisites: BIOL 151, BIOZ 151 and CHEM 101, each with a minimum grade of C. Pre- or corequisite: BIOL 152. Laboratory investigation of evolutionary concepts, evolution of organisms, biological diversity and ecology, with an emphasis on formation and testing of hypotheses. Laboratory exercises will elaborate themes discussed in BIOL 152."
"Virginia Commonwealth University","Biology","BIOZ476","Molecular Capstone Laboratory","2","1 lecture and 3 laboratory hours. 2 credits. Prerequisites: BIOL 300 and BIOL 310, each with a minimum grade of C; and 90 credit hours of undergraduate course work. Application of basic methods used in cellular and molecular biology to the investigation of topics of current biological interest. Emphasis on experimental design, data collection and analysis, communication skills, critical thinking, and ethical and social responsibility. BIOZ 491. Topics in Biology Laboratory. 1-4 Hours. Semester course; variable hours. Variable credit. Prerequisites: BIOL 300 with a minimum grade of C. Laboratory investigations in a selected topic of biology. See the Schedule of Classes for specific topics to be offered each semester and prerequisites."
"Virginia Commonwealth University","Biology","CHEM101","General Chemistry I","3","3 lecture and 1 recitation hours. 3 credits. Prerequisites: MATH 139, MATH 141, MATH 151, MATH 200, MATH 201 or satisfactory score on the VCU mathematics placement test within the one-year period immediately preceding the beginning of the course; and CHEM 100 with a minimum grade of B or satisfactory score on the chemistry placement exam/assessment within the one-year period immediately preceding the beginning of the course. Fundamental principles and theories of chemistry."
"Virginia Commonwealth University","Biology","CHEM102","General Chemistry II","3","3 lecture and 1 recitation hours. 3 credits. Prerequisites: MATH 151, MATH 200, MATH 201 or satisfactory score on the VCU Mathematics Placement Test within the one-year period immediately preceding the beginning of the course; and CHEM 101 with a minimum grade of C. Fundamental principles and theories of chemistry, including qualitative analysis."
"Virginia Commonwealth University","Biology","CHEM301","Organic Chemistry","3","Continuous courses; 3 lecture hours. 3-3 credits. Prerequisite: CHEM 102 with a minimum grade of C. Prerequisite for CHEM 302: CHEM 301 with a minimum grade of C. A comprehensive survey of aliphatic and aromatic compounds with emphasis on their structure, properties, reactions, reaction mechanisms and stereochemistry."
"Virginia Commonwealth University","Biology","CHEM302","Organic Chemistry","3","Continuous courses; 3 lecture hours. 3-3 credits. Prerequisite: CHEM 102 with a minimum grade of C. Prerequisite for CHEM 302: CHEM 301 with a minimum grade of C. A comprehensive survey of aliphatic and aromatic compounds with emphasis on their structure, properties, reactions, reaction mechanisms and stereochemistry."
"Virginia Commonwealth University","Biology","CHEZ101","General Chemistry Laboratory I","1","1 lecture and 2 laboratory hours. 1 credit. Pre- or corequisite: CHEM 101. Experimental work correlated with CHEM 101 with selected forensic science applications. Each student is charged for breakage incurred. Approved safety glasses are required. Failure to check out of laboratory upon withdrawal or for other reasons will incur a charge billed from the Student Accounting Department."
"Virginia Commonwealth University","Biology","CHEZ102","General Chemistry Laboratory II","1","1 lecture and 2 laboratory hours. 1 credit. Prerequisites: CHEM 101 and CHEZ 101 with minimum grades of C. Pre- or corequisite: CHEM 102. Experimental work includes qualitative analysis with selected forensic science applications. Each student is charged for breakage incurred. Approved safety glasses are required. Failure to check out of laboratory upon withdrawal or for other reasons will incur a charge billed from the Student Accounting Department."
"Virginia Commonwealth University","Biology","CHEZ301","Organic Chemistry Laboratory I","2","4 laboratory hours. 2 credits. Prerequisites: CHEM 102 and CHEZ 102 with minimum grades of C. Pre- or corequisite: CHEM 301. Experimental work correlated with CHEM 301. Each student is charged for breakage incurred. Approved safety glasses are required. Failure to check out of laboratory upon withdrawal or for other reasons will incur a charge billed from the Student Accounting Department."
"Virginia Commonwealth University","Biology","CHEZ302","Organic Chemistry Laboratory II","2","4 laboratory hours. 2 credits. Prerequisites: CHEM 301 and CHEZ 301 with minimum grades of C. Pre- or corequisite: CHEM 302. Experimental work correlated with CHEM 302. Each student is charged for breakage incurred. Approved safety glasses are required. Failure to check out of laboratory upon withdrawal or for other reasons will incur a charge billed from the Student Accounting Department."
"Virginia Commonwealth University","Biology","HUMS202","Choices in a Consumer Society","1","1 lecture hour (delivered online). 1 credit. Corequisite: UNIV 111 or UNIV 112. Provides a framework for understanding the nature of choices made in a consumer society, with an emphasis on the financial consequences of those choices. Students will gain the practical knowledge needed to make informed personal financial decisions as they address immediate, short-term and long-term consumer choices. Administered primarily as a self-paced, computer-aided instructional course. HUMS 291. Special Topics in the Humanities and Sciences. 1-4 Hours. Semester course; 1-4 credits. May be repeated with different content. Specialized topics in the liberal arts and sciences designed to provide an overview of a topic not provided by an existing course or program. May be multidisciplinary. Graded as pass/fail or normal letter grading at the option of the instructor."
"Virginia Commonwealth University","Biology","PHYS201","General Physics I","4","3 lecture and 3 laboratory hours. 4 credits. Prerequisite: MATH 151. Designed primarily for life-science majors. Basic concepts of motion, waves and heat. Not applicable toward the physics major."
"Virginia Commonwealth University","Biology","PHYS202","General Physics II","4","3 lecture and 3 laboratory hours. 4 credits. Prerequisite: PHYS 201 or PHYS 207. Designed primarily for life-science majors. Basic concepts of electricity, magnetism, light and modern physics. Not applicable toward the physics major."
"Virginia Commonwealth University","Biology","STAT210","Basic Practice of Statistics","3","3 lecture hours (delivered online, face-to-face or hybrid). 3 credits. Prerequisite: satisfactory score on the VCU Mathematics Placement Test within the one-year period immediately preceding the beginning of the course, or MATH 131, MATH 139, MATH 141, MATH 151, MATH 200 or MATH 201. Designed for students who will likely take another quantitative reasoning course for which statistics may be a prerequisite. Not open to mathematical sciences or computer science majors. Topics include examining distributions, examining relationships, producing data, sampling distributions and probability, introduction to inference. Students may receive credit toward graduation for only one of STAT 206, STAT 208, STAT 210, STAT 212, STAT 312 or SCMA 301."
"Virginia Commonwealth University","Biomedical Engineering","CHEM101","General Chemistry I","3","3 lecture and 1 recitation hours. 3 credits. Prerequisites: MATH 139, MATH 141, MATH 151, MATH 200, MATH 201 or satisfactory score on the VCU mathematics placement test within the one-year period immediately preceding the beginning of the course; and CHEM 100 with a minimum grade of B or satisfactory score on the chemistry placement exam/assessment within the one-year period immediately preceding the beginning of the course. Fundamental principles and theories of chemistry."
"Virginia Commonwealth University","Biomedical Engineering","CHEM102","General Chemistry II","3","3 lecture and 1 recitation hours. 3 credits. Prerequisites: MATH 151, MATH 200, MATH 201 or satisfactory score on the VCU Mathematics Placement Test within the one-year period immediately preceding the beginning of the course; and CHEM 101 with a minimum grade of C. Fundamental principles and theories of chemistry, including qualitative analysis."
"Virginia Commonwealth University","Biomedical Engineering","CHEZ101","General Chemistry Laboratory I","1","1 lecture and 2 laboratory hours. 1 credit. Pre- or corequisite: CHEM 101. Experimental work correlated with CHEM 101 with selected forensic science applications. Each student is charged for breakage incurred. Approved safety glasses are required. Failure to check out of laboratory upon withdrawal or for other reasons will incur a charge billed from the Student Accounting Department."
"Virginia Commonwealth University","Biomedical Engineering","CHEZ102","General Chemistry Laboratory II","1","1 lecture and 2 laboratory hours. 1 credit. Prerequisites: CHEM 101 and CHEZ 101 with minimum grades of C. Pre- or corequisite: CHEM 102. Experimental work includes qualitative analysis with selected forensic science applications. Each student is charged for breakage incurred. Approved safety glasses are required. Failure to check out of laboratory upon withdrawal or for other reasons will incur a charge billed from the Student Accounting Department."
"Virginia Commonwealth University","Biomedical Engineering","EGRB101","Biomedical Engineering Practicum","2","2 lecture hours. 2 credits. Enrollment is restricted to students in the biomedical engineering department and requires permission of course coordinator. This course involves the introduction of clinical procedures and biomedical devices and technology to biomedical engineering freshmen. Students will tour medical facilities, clinics and hospitals and will participate in medical seminars, workshops and medical rounds. Students will rotate among various programs and facilities including orthopaedics, cardiology, neurology, surgery, otolaryngology, emergency medicine, pharmacy, dentistry, nursing, oncology, physical medicine, ophthalmology, pediatrics and internal medicine."
"Virginia Commonwealth University","Biomedical Engineering","EGRB102","Introduction to Biomedical Engineering","3","3 lecture hours. 3 credits. Prerequisite: MATH 151, MATH 200, MATH 201 or a satisfactory score on the math placement exam. Biomedical engineering is a multidisciplinary STEM field that combines biology and engineering, applying engineering principles and materials to medicine and health care. This course provides students with an introduction to biomedical engineering, beginning with a framework of core engineering principles, expanding to specializations within the field of biomedical engineering and connecting the concepts to real-world examples in medicine and health care."
"Virginia Commonwealth University","Biomedical Engineering","EGRB104","Introduction to Biomedical Engineering Laboratory","1","3 laboratory hours. 1 credit. Enrollment is restricted to biomedical engineering majors. This laboratory course introduces students to practical laboratory skills required for biomedical engineering. Following successful completion of this course, students will be able to construct and design simple mechanical-electric prototypes; solder electrical components to a breadboard; construct a bridge measurement circuit in order to measure a physiological signal; use a digital multimeter to analyze a circuit. This course is also a writing- intensive course and will provide students with the skills necessary to analyze and write up the results of their experiments. Non-technical skills that will be introduced in this course include how to set up and maintain a laboratory notebook; record and analyze data in Excel, including how to use Excel formulas, create pivot tables and generate graphs; how to plan and execute an experiment; how to read and write a laboratory report in IMRD format; how to write a design concept paper; oral presentation."
"Virginia Commonwealth University","Biomedical Engineering","EGRB111","Introduction to Biological Systems in Engineering","3","3 lecture hours. 3 credits. Prerequisites: MATH 151, MATH 200, MATH 201 or a satisfactory score on the math placement exam; and CHEM 100 with a minimum grade of B, CHEM 101, CHEM 102 or a satisfactory score on the chemistry placement exam. The cell is the principle unit of the human body. In this course, students will explore how the cell works from an engineering perspective. Students will learn the essential functions of cells, the components of cells and terminology related to cell biology. The course will also introduce key concepts in engineering, and students will learn how to apply these concepts to mammalian cells."
"Virginia Commonwealth University","Biomedical Engineering","EGRB203","Statics and Mechanics of Materials","3","3 lecture hours. 3 credits. Prerequisites: MATH 201 and PHYS 207, both with a minimum grade of C. Enrollment is restricted to biomedical engineering majors. The theory and application of engineering mechanics applied to the design and analysis of rigid and deformable structures. The study of forces and their effects, including equilibrium of two- and three-dimensional bodies, stress, strain and constitutive relations, bending, torsion, shearing, deflection, and failure of materials."
"Virginia Commonwealth University","Biomedical Engineering","EGRB209","Applied Physiology for Biomedical Engineers","4","3 lecture and 3 laboratory hours. 4 credits. Prerequisite: MATH 200 with a minimum grade of C. Corequisite: EGRB 111. Enrollment is restricted to biomedical engineering students. This course introduces the concepts of mathematical models and describes physiological systems using applied mathematics and engineering principles. Physiological systems will include a comprehensive study of muscle, nervous, cardiovascular, respiratory, renal and endocrine, beginning with applied biophysical concepts in cell anatomy and physiology leading into the various physiological systems. This course also incorporates a laboratory that uses the knowledge-based tools gained through lecture and implements them in practice using exercises in biochemical and physiological calculations, osmosis, electrical network simulation of diffusion, EEG, blood pressure, ECG and spirometry."
"Virginia Commonwealth University","Biomedical Engineering","EGRB215","Computational Methods in Biomedical Engineering","3","3 lecture hours. 3 credits. Prerequisite: MATH 201 with a minimum grade of C. Corequisite: MATH 301, MATH 310 or permission of instructor. Enrollment is restricted to students with sophomore standing in biomedical engineering. The goal of this course is to enhance students' software skills for subsequent biomedical engineering courses and laboratories, as well their careers. The course covers the basic fundamentals of programming in MATLAB, as well as data analysis of biomedical data. An important component of this course is developing problem-solving skills."
"Virginia Commonwealth University","Biomedical Engineering","EGRB301","Biomedical Engineering Design Practicum","3","3 lecture hours. 3 credits. Prerequisites: EGRB 101, EGRB 102, EGRB 203, EGRB 209, EGRB 215, EGRE 206 (or equivalent), each with a minimum grade of C. Restricted to students with junior standing in the biomedical engineering program. Explores the professional and ethical responsibilities of a biomedical engineer. Emphasis will be placed on design issues associated with biomedical engineering, teamwork, regulatory issues and human and animal subjects. 664 Undergraduate courses"
"Virginia Commonwealth University","Biomedical Engineering","EGRB303","Biotransport Processes","3","3 lecture hours. 3 credits. Prerequisites: EGRB 209, MATH 301 and MATH 310, each with a minimum grade of C. Course involves the study of fundamental principles of fluid mechanics and mass transport as well as application of these principles to physiological systems. Fluid mechanics principles covered will include conservation of mass and momentum, laminar and turbulent flow, Navier-Stokes equations, dimensional analysis, Bernoulli’s equation, and boundary layer theory. Mass transport principles will include diffusion, convection, transport in porous media and transmembrane transport. Concepts will be applied to studying diffusion in biological tissues, electrolyte transport, vascular transport, blood flow mechanics and cardiovascular flow. The course will also cover organ-specific transport processes, including oxygen transport in the lungs and blood and mass transport in the kidney."
"Virginia Commonwealth University","Biomedical Engineering","EGRB307","Biomedical Instrumentation","4","3 lecture and 3 laboratory hours. 4 credits. Prerequisites: EGRB 102, EGRB 209, EGRB 215 and EGRE 206, each with a minimum grade of C. A study of the physical principles, design and clinical uses of biomedical instrumentation. Analysis and design of low frequency electronic circuits, which are most frequently used in biomedical instruments, will be conducted. Analysis of biosensors, biopotential electrodes, the measurements of biopotential signals including electrocardiogram, electroencephalogram and electromyogram, blood pressure, blood flow, and respiratory system will be conducted. Laboratory work on basic biomedical electronics and instrumentation will be performed."
"Virginia Commonwealth University","Biomedical Engineering","EGRB310","Biomechanics","4","3 lecture and 3 laboratory hours. 4 credits. Prerequisites: EGRB 203, EGRB 209 and EGRB 215; MATH 200 and MATH 201, all with a minimum grade of C. Corequisites: MATH 301 and MATH 310. A study of the forces, stresses and strains in the human body during normal function. Emphasis is placed on the mechanics of various components of the body including hard (bone) and soft (skin, vessels, cartilage, ligaments, tendons) tissues from a structure-function perspective. Stress and strain relationships for these biomaterials will be analyzed based upon the fundamentals of engineering mechanics. In addition, the distinctive features of biological materials will be studied with respect to their differences from nonliving materials and elaborated upon in laboratory exercises using material evaluation protocols."
"Virginia Commonwealth University","Biomedical Engineering","EGRB315","Device Design Methods","3","2 lecture and 3 laboratory hours. 3 credits. Prerequisites: EGRB 203, EGRB 215, EGRB 307, MATH 301 and MATH 310, all with a minimum grade of C. The main goal of the course is to introduce a variety of design and prototyping methods for biomedical devices. The focus will be on: (1) using first approximations and Solidworks for mechanical design and (2) using Arduino microcontrollers for controlling sensors and actuators."
"Virginia Commonwealth University","Biomedical Engineering","EGRB401","Biomedical Engineering Senior Design Studio","3","9 laboratory hours. 3 credits. Prerequisites: EGRB 301, EGRB 303 or EGRB 308; EGRB 307, EGRB 310, EGRB 315 and EGRB 427, all with a minimum grade of C. Corequisite: STAT 441. Enrollment is restricted to students with senior standing in the Department of Biomedical Engineering or by permission of instructor. A minimum of nine laboratory hours per week is dedicated to the design, development and execution of the senior design (capstone) project for biomedical engineering under the direction of a faculty research adviser in biomedical engineering or an acceptable substitute as determined by the course coordinator. Tasks include team meetings (for team projects), brainstorming, sponsor advising, designing, fabrications, assembling, reviewing, studying, researching, testing and validating projects. Monthly progress reports are due to the research adviser and course coordinator. At the end of the first semester, each team will orally present to the BME faculty project background information and discuss potential technical approaches and deliverables."
"Virginia Commonwealth University","Biomedical Engineering","EGRB402","Biomedical Engineering Senior Design Studio","3","9 laboratory hours. 3 credits. Prerequisites: Completion of EGRB 401 with a minimum grade of C. A minimum of nine laboratory hours per week is dedicated to the design, development and execution of the senior design (capstone) project for biomedical engineering under the direction of a faculty research adviser in biomedical engineering or an acceptable substitute as determined by the course coordinator. Tasks include team meetings (for team projects), brainstorming, sponsor advising, designing, fabrications, assembling, reviewing, studying, researching, testing and validating projects. Monthly progress reports are due to the research adviser and course coordinator. Final project reports must be submitted before the end of the semester. All design teams must participate in the College of Engineering public poster session. At the end of the semester and conclusion of the two-semester design process, teams must present their final designs and deliverables before the BME faculty."
"Virginia Commonwealth University","Biomedical Engineering","EGRB427","Biomaterials","3","3 lecture hours. 3 credits. Prerequisite: EGRB 209 with a minimum grade of C. Enrollment is restricted to students with junior standing in biomedical engineering or with permission of the instructor. Principles of materials science as it relates to the use of materials in the body. Characterization of biomaterials. Study of the properties of biomedical materials used as implants, prostheses, orthosis and as medical devices in contact with the human body. Analysis of physical, chemical, thermal and physiological response factors associated with materials and implant devices used in the human body. EGRB 491. Special Topics. 1-4 Hours. Semester course; 1-4 lecture hours. 1-4 credits. May be repeated with different topics. Advanced study of a selected topic in biomedical engineering. See the Schedule of Classes for specific topics to be offered each semester and prerequisites, corequisites or restrictions. Chemical and Life Science Engineering (CLSE)"
"Virginia Commonwealth University","Biomedical Engineering","EGRE206","Electric Circuits","4","3 lecture and 3 laboratory hours. 4 credits. Prerequisites: MATH 200; and one of EGRE 101 or EGRB 102, or both EGMN 190 and EGMN 203, or both EGMN 102 and EGMN 190, as applicable per department, all with minimum grades of C. Corequisite: MATH 201. An introduction to electrical circuit theory and its application to practical direct and alternating current circuits. Topics include Kirchhoff's Laws (review from departmental prerequisites, as applicable), fundamental principles of network theorems, transient and steady- state response of RC, RL and RLC circuits by classical methods, time- domain and frequency-domain relationships, phasor analysis and power. Laboratory work, practical applications and integral laboratory demonstrations emphasize and illustrate the fundamentals presented in this course. 672 Undergraduate courses"
"Virginia Commonwealth University","Biomedical Engineering","ENGR395","Professional Development","1","1 lecture and 1 workshop hour. 1 credit. Enrollment is restricted to majors in the School of Engineering. Professional development course to help prepare students to find a job and succeed in a professional environment, and specifically to work as an intern or in a cooperative education position. Topics covered include career paths; job searches; resume and cover letter writing; preparing for the interview; personal assessment of interests, values and strengths; networking; professional and ethical behavior on the job; overview of legal issues related to hiring, such as nondisclosure agreements and noncompete clauses; overview of personal finance management at the first job; workplace safety; and expectations and requirements for internships and cooperative education positions. 676 Undergraduate courses"
"Virginia Commonwealth University","Biomedical Engineering","MATH200","Calculus with Analytic Geometry I","4","4 lecture hours. 4 credits. Prerequisite: MATH 151 with a minimum grade of C or satisfactory score on the VCU Mathematics Placement Test within the one-year period immediately preceding the beginning of the course. Limits, continuity, derivatives, differentials, antiderivatives and definite integrals."
"Virginia Commonwealth University","Biomedical Engineering","MATH201","Calculus with Analytic Geometry II","4","4 lecture hours. 4 credits. Prerequisite: MATH 200 with a minimum grade of C. Applications of differentiation and integration. Selected topics in analytic geometry. Infinite series."
"Virginia Commonwealth University","Biomedical Engineering","MATH301","Differential Equations","3","3 lecture hours. 3 credits. Prerequisite: MATH 201 with a minimum grade of C. Solutions of ordinary differential equations of first order. Solutions of higher order linear differential equations with constant coefficients and variable coefficients by the methods of undetermined coefficients and variation of parameters, solutions by Laplace transforms and applications."
"Virginia Commonwealth University","Biomedical Engineering","MATH310","Linear Algebra","3","3 lecture hours. 3 credits. Prerequisite: MATH 201 with a minimum grade of C. Systems of linear equations, vector spaces, linear dependence, bases, dimensions, linear mappings, matrices, determinants, quadratic forms, orthogonal reduction to diagonal form, eigenvalues and geometric applications."
"Virginia Commonwealth University","Biomedical Engineering","PHYS207","University Physics I","5","3 lecture, 1 recitation and 3 laboratory hours. 5 credits. Prerequisite: MATH 200 or permission of instructor. A vector- and calculus-based introduction to the fundamental concepts of mechanics, heat and wave motion."
"Virginia Commonwealth University","Biomedical Engineering","PHYS208","University Physics II","5","3 lecture, 1 recitation and 3 laboratory hours. 5 credits. Prerequisite: PHYS 207. Corequisite: MATH 201. A vector- and calculus- based introduction to the fundamentals of electricity, magnetism and optics."
"Virginia Commonwealth University","Biomedical Engineering","STAT441","Applied Statistics for Engineers and Scientists","3","3 lecture hours. 3 credits. Prerequisite: MATH 201 or equivalent. An introduction to applied statistics intended primarily for students in engineering. The fundamental ideas about the collection and display of information, descriptive statistics and exploratory data analysis, elementary probability theory, frequency distributions, and sampling are covered. Other topics include tests of hypotheses and confidence intervals for one and two sample problems; ANOVA; principles of one-factor experimental designs including randomized complete block designs, fixed and random effects and multiple comparisons; correlation and linear regression analysis; control charts; contingency tables and goodness-of-fit. Statistical software is used extensively in this course, so a working knowledge of computers is necessary. Students may receive degree credit for only one of BIOS 543, STAT 441, STAT 541, STAT 543 or STAT 641."
"Virginia Commonwealth University","Bioinformatics (Computational)","BIOL152","Introduction to Biological Sciences II","3","3 lecture hours. 3 credits. Prerequisites: BIOL 151 and CHEM 101, both with a minimum grade of C. Focuses on evolutionary principles, the role of natural selection in the evolution of life forms, taxonomy and phylogenies, biological diversity in the context of form and function of organisms, and and basic principles of ecology. Designed for biology majors."
"Virginia Commonwealth University","Bioinformatics (Computational)","BIOL300","Cellular and Molecular Biology","3","3 lecture hours. 3 credits. Prerequisites: BIOL 151 and 152; BIOZ 151 or LFSC/BNFO 251; BIOZ 152 or LFSC/BNFO 252; CHEM 101 and CHEZ 101, all with a minimum grade of C; BIOL 200, MATH 200, MATH 201, STAT 210, STAT 212 or STAT 314. Biology majors must have completed BIOL 200. Pre- or corequisites: CHEM 102 and CHEZ 102. A study of the molecular biology of the cell as it relates to gene expression, cell signaling, and cell growth and differentiation."
"Virginia Commonwealth University","Bioinformatics (Computational)","BIOL310","Genetics","3","3 lecture hours. 3 credits. Prerequisites: BIOL 151 and 152; BIOZ 151 or LFSC/BNFO 251; BIOZ 152 or LFSC/BNFO 252; BIOL 300; CHEM 101; and CHEZ 101, each with a minimum grade of C; and BIOL 200, MATH 200, MATH 201, STAT 210, STAT 212 or STAT 314. Biology majors must have completed BIOL 200. Pre- or corequisites: CHEM 102 and CHEZ 102. The basic principles of molecular and applied genetics of plants, animals and microorganisms."
"Virginia Commonwealth University","Bioinformatics (Computational)","BNFO101","Introduction to Scientific Computing","1","1 lecture hour. 1 credit. Enrollment is restricted to bioinformatics majors. This course will introduce students to basic principles and skills for using a computer to solve scientific problems. It is hands-on course and does not assume any special prior knowledge or skill with computers. Students completing the course will become familiar with and develop skills and practical knowledge of how to use common computer-based command-line tools and systems critical for effective scientific computing."
"Virginia Commonwealth University","Bioinformatics (Computational)","BNFO201","Computing Skills and Concepts for Bioinformatics","3","3 lecture hours. 3 credits. Prerequisite: MATH 151 or 200 with a minimum grade of C, or satisfactory score on the VCU Mathematics Placement Test within the one-year period immediately preceding the beginning of the course. An introduction to computation in bioinformatics, including basics of data representation, and computer organization, as well as programming in Python or other appropriate scripting language. Bioinformatics applications in the literature will be discussed. Guest speakers will share bioinformatics career experiences and opportunities."
"Virginia Commonwealth University","Bioinformatics (Computational)","BNFO251","Phage Discovery I","2","4 laboratory hours. 2 credits. Corequisite: BIOL 151 or 152. An exploratory laboratory where students will purify phage from soil, visualize phage using electron microscopy and isolate genomic material for nucleic acid sequencing. Registration by override only."
"Virginia Commonwealth University","Bioinformatics (Computational)","BNFO252","Phage Discovery II","2","4 laboratory hours. 2 credits. Corequisite: BIOL 151 or 152. An exploratory laboratory where students will learn about the genomes of viruses infecting bacteria. Students will be given the genome sequence of a novel virus, which will be the basis for a series of computer-based analyses to understand the biology of the virus and to compare it with other viruses that infect the same host. Registration by override only. BNFO 291. Special Topics in Bioinformatics. 1-4 Hours. Semester course; 1-4 lecture hours. 1-4 credits. May be repeated for a maximum total of nine credits, with the provision that no more than nine combined credits of BNFO 291 and BNFO 293 can apply toward graduation. An introductory, detailed study of a selected topic in bioinformatics unavailable as an existing course. If multiple topics are offered, students may elect to take more than one. Adviser's approval is required for counting each special topics course toward meeting specific requirements of the B.S. program. BNFO 292. Independent Study. 1-2 Hours. Semester course; variable hours. 1-2 credits. May be repeated for a maximum total of 6 credits. Prerequisite: permission of instructor. A course designed to provide an opportunity for independent readings of the bioinformatics literature under supervision of a staff member. BNFO 293. Special Topics in Bioinformatics. 1-4 Hours. Semester course; 1-4 lecture hours. 1-4 credits. May be repeated for a maximum total of nine credits, with the provision that no more than nine combined credits of BNFO 291 and BNFO 293 can apply toward graduation. An introductory, detailed study of a selected topic in bioinformatics unavailable as an existing course. If multiple topics are offered, students may elect to take more than one. Adviser's approval is required for counting each special topics course toward meeting specific requirements of the B.S. program. Graded as pass/fail."
"Virginia Commonwealth University","Bioinformatics (Computational)","BNFO301","Introduction to Bioinformatics","3","3 lecture hours. 3 credits. Prerequisites: BNFO 201 or permission of instructor. The course will present a practical and theoretical introduction to the tools and techniques needed to obtain and interpret a variety of genome-related data types. The course will include several bioinformatic methods underlying nucleotide and protein sequence alignment, statistical methods for data visualization in R, the types of experimental results commonly encountered in bioinformatics data analysis and the public databases where these data can be accessed."
"Virginia Commonwealth University","Bioinformatics (Computational)","BNFO411","Ethical Issues in Life Sciences","2","2 lecture hours. 2 credits. This course will introduce fundamentals in ethical conduct with a focus on interdisciplinary application to the life sciences, with attention paid to the design, collection, analysis and dissemination of bioinformatic datasets. Graded as pass/fail."
"Virginia Commonwealth University","Bioinformatics (Computational)","BNFO420","Applications in Bioinformatics","3","2 lecture and 2 laboratory hours. 3 credits. Prerequisites: CMSC 245 or 255 and BNFO 301. Capstone course. Students will integrate biological, computational and quantitative skills to complete bioinformatics projects in a professional team-problem-solving context. Course includes explicit instruction in the conduct of research as well as a review of applicable strategies, methods and technologies. Written and oral presentation is emphasized, with systematic feedback and practice opportunities provided."
"Virginia Commonwealth University","Bioinformatics (Computational)","CHEM102","General Chemistry II","3","3 lecture and 1 recitation hours. 3 credits. Prerequisites: MATH 151, MATH 200, MATH 201 or satisfactory score on the VCU Mathematics Placement Test within the one-year period immediately preceding the beginning of the course; and CHEM 101 with a minimum grade of C. Fundamental principles and theories of chemistry, including qualitative analysis."
"Virginia Commonwealth University","Bioinformatics (Computational)","CHEZ102","General Chemistry Laboratory II","1","1 lecture and 2 laboratory hours. 1 credit. Prerequisites: CHEM 101 and CHEZ 101 with minimum grades of C. Pre- or corequisite: CHEM 102. Experimental work includes qualitative analysis with selected forensic science applications. Each student is charged for breakage incurred. Approved safety glasses are required. Failure to check out of laboratory upon withdrawal or for other reasons will incur a charge billed from the Student Accounting Department."
"Virginia Commonwealth University","Bioinformatics (Computational)","CMSC255","Introduction to Programming","4","3 lecture and 2 laboratory hours. 4 credits. Prerequisite: calculus-level placement on the VCU Mathematics Placement Test within the one-year period immediately preceding enrollment in the course, or MATH 151 or equivalent. Students are expected to have fundamental computer skills. Introduction to object-oriented programming using Java. Topics include problem-solving, top-down design of algorithms using control structures, methods, arrays, basic I/O, basic concepts of objects and classes in Java, Java classes for manipulating strings, and introduction to program testing, UML notation and integrated development environments. Students may not receive credit for both CMSC 255 and INFO 250."
"Virginia Commonwealth University","Bioinformatics (Computational)","STAT321","Introduction to Statistical Computing","3","3 lecture hours. 3 credits. Prerequisites: STAT 212 and MATH 200 or their equivalents. The application of computers and computing software to statistical concepts using R, SAS and other quantitative software. Topics include data storage and retrieval, data modification and file handling, standard statistical analyses, graphical representations, practical presentation of results. STAT 391. Topics in Statistics. 1-3 Hours. Semester course; 1-3 lecture hours. 1-3 credits. Prerequisite: because of the changing subject matter to be treated in this course, permission of the instructor is required. A study of selected topics in statistics. See the Schedule of Classes for specific topics to be offered each semester and prerequisites."
"Virginia Commonwealth University","Bioinformatics (Computational)","CMSC256","Data Structures and Object Oriented Programming","4","3 lecture and 2 laboratory hours. 4 credits. Prerequisite: CMSC 255 with a minimum grade of C; corequisite: CMSC 302. Advanced programming using Java. Topics include introduction to object-oriented design, inheritance, polymorphism, exceptions, interfaces, linked lists, stacks, queues, binary trees, recursion, and basic searching and sorting techniques. Continued focus on program testing and UML notation. Students may not receive credit for both CMSC 256 and INFO 350."
"Virginia Commonwealth University","Bioinformatics (Computational)","CMSC302","Introduction to Discrete Structures","3","3 lecture hours. 3 credits. Prerequisite: CMSC 255 with minimum grade of C. Logic and proofs, sets, functions, sequences and sums, relations, graphs, trees, induction and recursion, advanced counting technique (recurrences)."
"Virginia Commonwealth University","Bioinformatics (Computational)","CMSC355","Fundamentals of Software Engineering","3","3 lecture hours. 3 credits. Prerequisite: CMSC 256 or EGRE 246, either with a minimum grade of C. Provides an overview of how to engineer software systems, including all stages of the software development process based on agile principles. Familiarizes students with modern software tooling and the principles of software quality and testing. Students will work in teams to gain experience in software development methodology, write specification and design documents, and develop a prototype."
"Virginia Commonwealth University","Bioinformatics (Computational)","CMSC401","Algorithm Analysis with Advanced Data Structures","3","3 lecture hours. 3 credits. Prerequisites: CMSC 256 with a grade of C or better and CMSC 302 with a grade of C or better. Introduction to algorithm analysis and complexity classes. Advanced data structures topics including multiple linked lists, height-balanced trees, B-trees, hashing and graph representation; incorporating data structures into object-oriented design. Analysis of various searching and sorting algorithms. Algorithm design topics include divide-and-conquer, dynamic programming and greedy methods."
"Virginia Commonwealth University","Bioinformatics (Computational)","BIOL151","Introduction to Biological Sciences I","3","3 lecture hours. 3 credits. Prerequisites: MATH 139, MATH 141, MATH 151, MATH 200, MATH 201 or a satisfactory score on the math placement exam; and CHEM 100 with a minimum grade of B, CHEM 101 with a minimum grade of C or a satisfactory score on the chemistry placement exam. Introduction to core biological concepts including cell structure, cellular metabolism, cell division, DNA replication, gene expression and genetics. Designed for biology majors."
"Virginia Commonwealth University","Bioinformatics (Computational)","CHEM101","General Chemistry I","3","3 lecture and 1 recitation hours. 3 credits. Prerequisites: MATH 139, MATH 141, MATH 151, MATH 200, MATH 201 or satisfactory score on the VCU mathematics placement test within the one-year period immediately preceding the beginning of the course; and CHEM 100 with a minimum grade of B or satisfactory score on the chemistry placement exam/assessment within the one-year period immediately preceding the beginning of the course. Fundamental principles and theories of chemistry."
"Virginia Commonwealth University","Bioinformatics (Computational)","CHEZ101","General Chemistry Laboratory I","1","1 lecture and 2 laboratory hours. 1 credit. Pre- or corequisite: CHEM 101. Experimental work correlated with CHEM 101 with selected forensic science applications. Each student is charged for breakage incurred. Approved safety glasses are required. Failure to check out of laboratory upon withdrawal or for other reasons will incur a charge billed from the Student Accounting Department."
"Virginia Commonwealth University","Bioinformatics (Computational)","MATH200","Calculus with Analytic Geometry I","4","4 lecture hours. 4 credits. Prerequisite: MATH 151 with a minimum grade of C or satisfactory score on the VCU Mathematics Placement Test within the one-year period immediately preceding the beginning of the course. Limits, continuity, derivatives, differentials, antiderivatives and definite integrals."
"Virginia Commonwealth University","Bioinformatics (Computational)","PHYS207","University Physics I","5","3 lecture, 1 recitation and 3 laboratory hours. 5 credits. Prerequisite: MATH 200 or permission of instructor. A vector- and calculus-based introduction to the fundamental concepts of mechanics, heat and wave motion."
"Virginia Commonwealth University","Bioinformatics (Computational)","STAT212","Concepts of Statistics","3","3 lecture hours. 3 credits. Prerequisite: satisfactory score on the VCU Mathematics Placement Test within the one-year period immediately preceding the beginning of the course, or MATH 151, MATH 200 or MATH 201. Introductory statistics course with an emphasis on descriptive statistics, correlation and regression, probability, normal distributions, t distributions, and statistical inference. Graphing calculators will be used extensively. A core course for mathematical sciences. Students may receive credit toward graduation for only one of STAT 206, STAT 208, STAT 210, STAT 212, STAT 312 or SCMA 301. STAT 291. Topics in Statistics. 1-3 Hours. Semester course; 1-3 lecture hours. 1-3 credits. A study of selected topics in statistics. Specific topics may fulfill general education requirements. See the Schedule of Classes for specific topics and prerequisites."
"Virginia Commonwealth University","Bioinformatics (Genomic)","BIOL151","Introduction to Biological Sciences I","3","3 lecture hours. 3 credits. Prerequisites: MATH 139, MATH 141, MATH 151, MATH 200, MATH 201 or a satisfactory score on the math placement exam; and CHEM 100 with a minimum grade of B, CHEM 101 with a minimum grade of C or a satisfactory score on the chemistry placement exam. Introduction to core biological concepts including cell structure, cellular metabolism, cell division, DNA replication, gene expression and genetics. Designed for biology majors."
"Virginia Commonwealth University","Bioinformatics (Genomic)","BIOL152","Introduction to Biological Sciences II","3","3 lecture hours. 3 credits. Prerequisites: BIOL 151 and CHEM 101, both with a minimum grade of C. Focuses on evolutionary principles, the role of natural selection in the evolution of life forms, taxonomy and phylogenies, biological diversity in the context of form and function of organisms, and and basic principles of ecology. Designed for biology majors."
"Virginia Commonwealth University","Bioinformatics (Genomic)","BIOL300","Cellular and Molecular Biology","3","3 lecture hours. 3 credits. Prerequisites: BIOL 151 and 152; BIOZ 151 or LFSC/BNFO 251; BIOZ 152 or LFSC/BNFO 252; CHEM 101 and CHEZ 101, all with a minimum grade of C; BIOL 200, MATH 200, MATH 201, STAT 210, STAT 212 or STAT 314. Biology majors must have completed BIOL 200. Pre- or corequisites: CHEM 102 and CHEZ 102. A study of the molecular biology of the cell as it relates to gene expression, cell signaling, and cell growth and differentiation."
"Virginia Commonwealth University","Bioinformatics (Genomic)","BIOL310","Genetics","3","3 lecture hours. 3 credits. Prerequisites: BIOL 151 and 152; BIOZ 151 or LFSC/BNFO 251; BIOZ 152 or LFSC/BNFO 252; BIOL 300; CHEM 101; and CHEZ 101, each with a minimum grade of C; and BIOL 200, MATH 200, MATH 201, STAT 210, STAT 212 or STAT 314. Biology majors must have completed BIOL 200. Pre- or corequisites: CHEM 102 and CHEZ 102. The basic principles of molecular and applied genetics of plants, animals and microorganisms."
"Virginia Commonwealth University","Bioinformatics (Genomic)","BIOL540","FUNDAMENTALS OF MOLECULAR GENETICS","3","3 lecture hours. 3 credits. Prerequisite: BIOL 310 or consent  of instructor. The basic principles and methodologies of molecular biology and  genetics are applied to genome organization, replication, expression, regulation,  mutation and reorganization. Emphasis will be placed on a broad introduction to  and integration of important topics in prokaryotic and eukaryotic systems.  Crosslisted as: BNFO 540."
"Virginia Commonwealth University","Bioinformatics (Genomic)","BIOL541","LABORATORY IN MOLECULAR GENETICS","2","1 lecture and 4 laboratory hours. 2 credits. Pre- or corequisite:  BIOL 540 or equivalent. Experiments are designed to apply advanced techniques and  concepts of molecular biology and genetics using prokaryotic and eukaryotic  systems. Emphasis will be placed on experimental design, integrating results  throughout the semester, making use of relevant published literature, scientific  writing and providing hands-on experience with advanced equipment and methodologies."
"Virginia Commonwealth University","Bioinformatics (Genomic)","BNFO101","Introduction to Scientific Computing","1","1 lecture hour. 1 credit. Enrollment is restricted to bioinformatics majors. This course will introduce students to basic principles and skills for using a computer to solve scientific problems. It is hands-on course and does not assume any special prior knowledge or skill with computers. Students completing the course will become familiar with and develop skills and practical knowledge of how to use common computer-based command-line tools and systems critical for effective scientific computing."
"Virginia Commonwealth University","Bioinformatics (Genomic)","BNFO201","Computing Skills and Concepts for Bioinformatics","3","3 lecture hours. 3 credits. Prerequisite: MATH 151 or 200 with a minimum grade of C, or satisfactory score on the VCU Mathematics Placement Test within the one-year period immediately preceding the beginning of the course. An introduction to computation in bioinformatics, including basics of data representation, and computer organization, as well as programming in Python or other appropriate scripting language. Bioinformatics applications in the literature will be discussed. Guest speakers will share bioinformatics career experiences and opportunities."
"Virginia Commonwealth University","Bioinformatics (Genomic)","BNFO251","Phage Discovery I","2","4 laboratory hours. 2 credits. Corequisite: BIOL 151 or 152. An exploratory laboratory where students will purify phage from soil, visualize phage using electron microscopy and isolate genomic material for nucleic acid sequencing. Registration by override only."
"Virginia Commonwealth University","Bioinformatics (Genomic)","BNFO252","Phage Discovery II","2","4 laboratory hours. 2 credits. Corequisite: BIOL 151 or 152. An exploratory laboratory where students will learn about the genomes of viruses infecting bacteria. Students will be given the genome sequence of a novel virus, which will be the basis for a series of computer-based analyses to understand the biology of the virus and to compare it with other viruses that infect the same host. Registration by override only. BNFO 291. Special Topics in Bioinformatics. 1-4 Hours. Semester course; 1-4 lecture hours. 1-4 credits. May be repeated for a maximum total of nine credits, with the provision that no more than nine combined credits of BNFO 291 and BNFO 293 can apply toward graduation. An introductory, detailed study of a selected topic in bioinformatics unavailable as an existing course. If multiple topics are offered, students may elect to take more than one. Adviser's approval is required for counting each special topics course toward meeting specific requirements of the B.S. program. BNFO 292. Independent Study. 1-2 Hours. Semester course; variable hours. 1-2 credits. May be repeated for a maximum total of 6 credits. Prerequisite: permission of instructor. A course designed to provide an opportunity for independent readings of the bioinformatics literature under supervision of a staff member. BNFO 293. Special Topics in Bioinformatics. 1-4 Hours. Semester course; 1-4 lecture hours. 1-4 credits. May be repeated for a maximum total of nine credits, with the provision that no more than nine combined credits of BNFO 291 and BNFO 293 can apply toward graduation. An introductory, detailed study of a selected topic in bioinformatics unavailable as an existing course. If multiple topics are offered, students may elect to take more than one. Adviser's approval is required for counting each special topics course toward meeting specific requirements of the B.S. program. Graded as pass/fail."
"Virginia Commonwealth University","Bioinformatics (Genomic)","BNFO301","Introduction to Bioinformatics","3","3 lecture hours. 3 credits. Prerequisites: BNFO 201 or permission of instructor. The course will present a practical and theoretical introduction to the tools and techniques needed to obtain and interpret a variety of genome-related data types. The course will include several bioinformatic methods underlying nucleotide and protein sequence alignment, statistical methods for data visualization in R, the types of experimental results commonly encountered in bioinformatics data analysis and the public databases where these data can be accessed."
"Virginia Commonwealth University","Bioinformatics (Genomic)","BNFO411","Ethical Issues in Life Sciences","2","2 lecture hours. 2 credits. This course will introduce fundamentals in ethical conduct with a focus on interdisciplinary application to the life sciences, with attention paid to the design, collection, analysis and dissemination of bioinformatic datasets. Graded as pass/fail."
"Virginia Commonwealth University","Bioinformatics (Genomic)","BNFO420","Applications in Bioinformatics","3","2 lecture and 2 laboratory hours. 3 credits. Prerequisites: CMSC 245 or 255 and BNFO 301. Capstone course. Students will integrate biological, computational and quantitative skills to complete bioinformatics projects in a professional team-problem-solving context. Course includes explicit instruction in the conduct of research as well as a review of applicable strategies, methods and technologies. Written and oral presentation is emphasized, with systematic feedback and practice opportunities provided."
"Virginia Commonwealth University","Bioinformatics (Genomic)","CHEM101","General Chemistry I","3","3 lecture and 1 recitation hours. 3 credits. Prerequisites: MATH 139, MATH 141, MATH 151, MATH 200, MATH 201 or satisfactory score on the VCU mathematics placement test within the one-year period immediately preceding the beginning of the course; and CHEM 100 with a minimum grade of B or satisfactory score on the chemistry placement exam/assessment within the one-year period immediately preceding the beginning of the course. Fundamental principles and theories of chemistry."
"Virginia Commonwealth University","Bioinformatics (Genomic)","CHEM102","General Chemistry II","3","3 lecture and 1 recitation hours. 3 credits. Prerequisites: MATH 151, MATH 200, MATH 201 or satisfactory score on the VCU Mathematics Placement Test within the one-year period immediately preceding the beginning of the course; and CHEM 101 with a minimum grade of C. Fundamental principles and theories of chemistry, including qualitative analysis."
"Virginia Commonwealth University","Bioinformatics (Genomic)","CHEM301","Organic Chemistry","3","Continuous courses; 3 lecture hours. 3-3 credits. Prerequisite: CHEM 102 with a minimum grade of C. Prerequisite for CHEM 302: CHEM 301 with a minimum grade of C. A comprehensive survey of aliphatic and aromatic compounds with emphasis on their structure, properties, reactions, reaction mechanisms and stereochemistry."
"Virginia Commonwealth University","Bioinformatics (Genomic)","CHEM302","Organic Chemistry","3","Continuous courses; 3 lecture hours. 3-3 credits. Prerequisite: CHEM 102 with a minimum grade of C. Prerequisite for CHEM 302: CHEM 301 with a minimum grade of C. A comprehensive survey of aliphatic and aromatic compounds with emphasis on their structure, properties, reactions, reaction mechanisms and stereochemistry."
"Virginia Commonwealth University","Bioinformatics (Genomic)","CHEM403","Biochemistry I","3","3 lecture hours. 3 credits. Prerequisites: CHEM 302 with a minimum grade of C. A presentation of structural biochemistry, enzymology, biophysical techniques, bioenergetics and an introduction to intermediary metabolism."
"Virginia Commonwealth University","Bioinformatics (Genomic)","CHEZ101","General Chemistry Laboratory I","1","1 lecture and 2 laboratory hours. 1 credit. Pre- or corequisite: CHEM 101. Experimental work correlated with CHEM 101 with selected forensic science applications. Each student is charged for breakage incurred. Approved safety glasses are required. Failure to check out of laboratory upon withdrawal or for other reasons will incur a charge billed from the Student Accounting Department."
"Virginia Commonwealth University","Bioinformatics (Genomic)","CHEZ102","General Chemistry Laboratory II","1","1 lecture and 2 laboratory hours. 1 credit. Prerequisites: CHEM 101 and CHEZ 101 with minimum grades of C. Pre- or corequisite: CHEM 102. Experimental work includes qualitative analysis with selected forensic science applications. Each student is charged for breakage incurred. Approved safety glasses are required. Failure to check out of laboratory upon withdrawal or for other reasons will incur a charge billed from the Student Accounting Department."
"Virginia Commonwealth University","Bioinformatics (Genomic)","CMSC255","Introduction to Programming","4","3 lecture and 2 laboratory hours. 4 credits. Prerequisite: calculus-level placement on the VCU Mathematics Placement Test within the one-year period immediately preceding enrollment in the course, or MATH 151 or equivalent. Students are expected to have fundamental computer skills. Introduction to object-oriented programming using Java. Topics include problem-solving, top-down design of algorithms using control structures, methods, arrays, basic I/O, basic concepts of objects and classes in Java, Java classes for manipulating strings, and introduction to program testing, UML notation and integrated development environments. Students may not receive credit for both CMSC 255 and INFO 250."
"Virginia Commonwealth University","Bioinformatics (Genomic)","MATH200","Calculus with Analytic Geometry I","4","4 lecture hours. 4 credits. Prerequisite: MATH 151 with a minimum grade of C or satisfactory score on the VCU Mathematics Placement Test within the one-year period immediately preceding the beginning of the course. Limits, continuity, derivatives, differentials, antiderivatives and definite integrals."
"Virginia Commonwealth University","Bioinformatics (Genomic)","PHYS207","University Physics I","5","3 lecture, 1 recitation and 3 laboratory hours. 5 credits. Prerequisite: MATH 200 or permission of instructor. A vector- and calculus-based introduction to the fundamental concepts of mechanics, heat and wave motion."
"Virginia Commonwealth University","Bioinformatics (Genomic)","STAT212","Concepts of Statistics","3","3 lecture hours. 3 credits. Prerequisite: satisfactory score on the VCU Mathematics Placement Test within the one-year period immediately preceding the beginning of the course, or MATH 151, MATH 200 or MATH 201. Introductory statistics course with an emphasis on descriptive statistics, correlation and regression, probability, normal distributions, t distributions, and statistical inference. Graphing calculators will be used extensively. A core course for mathematical sciences. Students may receive credit toward graduation for only one of STAT 206, STAT 208, STAT 210, STAT 212, STAT 312 or SCMA 301. STAT 291. Topics in Statistics. 1-3 Hours. Semester course; 1-3 lecture hours. 1-3 credits. A study of selected topics in statistics. Specific topics may fulfill general education requirements. See the Schedule of Classes for specific topics and prerequisites."
"Virginia Commonwealth University","Bioinformatics (Genomic)","STAT321","Introduction to Statistical Computing","3","3 lecture hours. 3 credits. Prerequisites: STAT 212 and MATH 200 or their equivalents. The application of computers and computing software to statistical concepts using R, SAS and other quantitative software. Topics include data storage and retrieval, data modification and file handling, standard statistical analyses, graphical representations, practical presentation of results. STAT 391. Topics in Statistics. 1-3 Hours. Semester course; 1-3 lecture hours. 1-3 credits. Prerequisite: because of the changing subject matter to be treated in this course, permission of the instructor is required. A study of selected topics in statistics. See the Schedule of Classes for specific topics to be offered each semester and prerequisites."
"Virginia Commonwealth University","Bioinformatics (Statistics)","BIOL152","Introduction to Biological Sciences II","3","3 lecture hours. 3 credits. Prerequisites: BIOL 151 and CHEM 101, both with a minimum grade of C. Focuses on evolutionary principles, the role of natural selection in the evolution of life forms, taxonomy and phylogenies, biological diversity in the context of form and function of organisms, and and basic principles of ecology. Designed for biology majors."
"Virginia Commonwealth University","Bioinformatics (Statistics)","BIOL300","Cellular and Molecular Biology","3","3 lecture hours. 3 credits. Prerequisites: BIOL 151 and 152; BIOZ 151 or LFSC/BNFO 251; BIOZ 152 or LFSC/BNFO 252; CHEM 101 and CHEZ 101, all with a minimum grade of C; BIOL 200, MATH 200, MATH 201, STAT 210, STAT 212 or STAT 314. Biology majors must have completed BIOL 200. Pre- or corequisites: CHEM 102 and CHEZ 102. A study of the molecular biology of the cell as it relates to gene expression, cell signaling, and cell growth and differentiation."
"Virginia Commonwealth University","Bioinformatics (Statistics)","BIOL310","Genetics","3","3 lecture hours. 3 credits. Prerequisites: BIOL 151 and 152; BIOZ 151 or LFSC/BNFO 251; BIOZ 152 or LFSC/BNFO 252; BIOL 300; CHEM 101; and CHEZ 101, each with a minimum grade of C; and BIOL 200, MATH 200, MATH 201, STAT 210, STAT 212 or STAT 314. Biology majors must have completed BIOL 200. Pre- or corequisites: CHEM 102 and CHEZ 102. The basic principles of molecular and applied genetics of plants, animals and microorganisms."
"Virginia Commonwealth University","Bioinformatics (Statistics)","BNFO101","Introduction to Scientific Computing","1","1 lecture hour. 1 credit. Enrollment is restricted to bioinformatics majors. This course will introduce students to basic principles and skills for using a computer to solve scientific problems. It is hands-on course and does not assume any special prior knowledge or skill with computers. Students completing the course will become familiar with and develop skills and practical knowledge of how to use common computer-based command-line tools and systems critical for effective scientific computing."
"Virginia Commonwealth University","Bioinformatics (Statistics)","BNFO201","Computing Skills and Concepts for Bioinformatics","3","3 lecture hours. 3 credits. Prerequisite: MATH 151 or 200 with a minimum grade of C, or satisfactory score on the VCU Mathematics Placement Test within the one-year period immediately preceding the beginning of the course. An introduction to computation in bioinformatics, including basics of data representation, and computer organization, as well as programming in Python or other appropriate scripting language. Bioinformatics applications in the literature will be discussed. Guest speakers will share bioinformatics career experiences and opportunities."
"Virginia Commonwealth University","Bioinformatics (Statistics)","BNFO251","Phage Discovery I","2","4 laboratory hours. 2 credits. Corequisite: BIOL 151 or 152. An exploratory laboratory where students will purify phage from soil, visualize phage using electron microscopy and isolate genomic material for nucleic acid sequencing. Registration by override only."
"Virginia Commonwealth University","Bioinformatics (Statistics)","BNFO252","Phage Discovery II","2","4 laboratory hours. 2 credits. Corequisite: BIOL 151 or 152. An exploratory laboratory where students will learn about the genomes of viruses infecting bacteria. Students will be given the genome sequence of a novel virus, which will be the basis for a series of computer-based analyses to understand the biology of the virus and to compare it with other viruses that infect the same host. Registration by override only. BNFO 291. Special Topics in Bioinformatics. 1-4 Hours. Semester course; 1-4 lecture hours. 1-4 credits. May be repeated for a maximum total of nine credits, with the provision that no more than nine combined credits of BNFO 291 and BNFO 293 can apply toward graduation. An introductory, detailed study of a selected topic in bioinformatics unavailable as an existing course. If multiple topics are offered, students may elect to take more than one. Adviser's approval is required for counting each special topics course toward meeting specific requirements of the B.S. program. BNFO 292. Independent Study. 1-2 Hours. Semester course; variable hours. 1-2 credits. May be repeated for a maximum total of 6 credits. Prerequisite: permission of instructor. A course designed to provide an opportunity for independent readings of the bioinformatics literature under supervision of a staff member. BNFO 293. Special Topics in Bioinformatics. 1-4 Hours. Semester course; 1-4 lecture hours. 1-4 credits. May be repeated for a maximum total of nine credits, with the provision that no more than nine combined credits of BNFO 291 and BNFO 293 can apply toward graduation. An introductory, detailed study of a selected topic in bioinformatics unavailable as an existing course. If multiple topics are offered, students may elect to take more than one. Adviser's approval is required for counting each special topics course toward meeting specific requirements of the B.S. program. Graded as pass/fail."
"Virginia Commonwealth University","Bioinformatics (Statistics)","BNFO301","Introduction to Bioinformatics","3","3 lecture hours. 3 credits. Prerequisites: BNFO 201 or permission of instructor. The course will present a practical and theoretical introduction to the tools and techniques needed to obtain and interpret a variety of genome-related data types. The course will include several bioinformatic methods underlying nucleotide and protein sequence alignment, statistical methods for data visualization in R, the types of experimental results commonly encountered in bioinformatics data analysis and the public databases where these data can be accessed."
"Virginia Commonwealth University","Bioinformatics (Statistics)","BNFO411","Ethical Issues in Life Sciences","2","2 lecture hours. 2 credits. This course will introduce fundamentals in ethical conduct with a focus on interdisciplinary application to the life sciences, with attention paid to the design, collection, analysis and dissemination of bioinformatic datasets. Graded as pass/fail."
"Virginia Commonwealth University","Bioinformatics (Statistics)","BNFO420","Applications in Bioinformatics","3","2 lecture and 2 laboratory hours. 3 credits. Prerequisites: CMSC 245 or 255 and BNFO 301. Capstone course. Students will integrate biological, computational and quantitative skills to complete bioinformatics projects in a professional team-problem-solving context. Course includes explicit instruction in the conduct of research as well as a review of applicable strategies, methods and technologies. Written and oral presentation is emphasized, with systematic feedback and practice opportunities provided."
"Virginia Commonwealth University","Bioinformatics (Statistics)","CHEM102","General Chemistry II","3","3 lecture and 1 recitation hours. 3 credits. Prerequisites: MATH 151, MATH 200, MATH 201 or satisfactory score on the VCU Mathematics Placement Test within the one-year period immediately preceding the beginning of the course; and CHEM 101 with a minimum grade of C. Fundamental principles and theories of chemistry, including qualitative analysis."
"Virginia Commonwealth University","Bioinformatics (Statistics)","CHEZ102","General Chemistry Laboratory II","1","1 lecture and 2 laboratory hours. 1 credit. Prerequisites: CHEM 101 and CHEZ 101 with minimum grades of C. Pre- or corequisite: CHEM 102. Experimental work includes qualitative analysis with selected forensic science applications. Each student is charged for breakage incurred. Approved safety glasses are required. Failure to check out of laboratory upon withdrawal or for other reasons will incur a charge billed from the Student Accounting Department."
"Virginia Commonwealth University","Bioinformatics (Statistics)","CMSC255","Introduction to Programming","4","3 lecture and 2 laboratory hours. 4 credits. Prerequisite: calculus-level placement on the VCU Mathematics Placement Test within the one-year period immediately preceding enrollment in the course, or MATH 151 or equivalent. Students are expected to have fundamental computer skills. Introduction to object-oriented programming using Java. Topics include problem-solving, top-down design of algorithms using control structures, methods, arrays, basic I/O, basic concepts of objects and classes in Java, Java classes for manipulating strings, and introduction to program testing, UML notation and integrated development environments. Students may not receive credit for both CMSC 255 and INFO 250."
"Virginia Commonwealth University","Bioinformatics (Statistics)","STAT321","Introduction to Statistical Computing","3","3 lecture hours. 3 credits. Prerequisites: STAT 212 and MATH 200 or their equivalents. The application of computers and computing software to statistical concepts using R, SAS and other quantitative software. Topics include data storage and retrieval, data modification and file handling, standard statistical analyses, graphical representations, practical presentation of results. STAT 391. Topics in Statistics. 1-3 Hours. Semester course; 1-3 lecture hours. 1-3 credits. Prerequisite: because of the changing subject matter to be treated in this course, permission of the instructor is required. A study of selected topics in statistics. See the Schedule of Classes for specific topics to be offered each semester and prerequisites."
"Virginia Commonwealth University","Bioinformatics (Statistics)","MATH201","Calculus with Analytic Geometry II","4","4 lecture hours. 4 credits. Prerequisite: MATH 200 with a minimum grade of C. Applications of differentiation and integration. Selected topics in analytic geometry. Infinite series."
"Virginia Commonwealth University","Bioinformatics (Statistics)","MATH307","Multivariate Calculus","4","4 lecture hours. 4 credits. Prerequisite: MATH 201 with a minimum grade of C. The calculus of vector-valued functions and of functions of more than one variable. Partial derivatives, multiple integrals, line integrals, surface integrals and curvilinear coordinates. Lagrange multipliers; theorems of Green, Gauss and Stokes. Applications."
"Virginia Commonwealth University","Bioinformatics (Statistics)","MATH310","Linear Algebra","3","3 lecture hours. 3 credits. Prerequisite: MATH 201 with a minimum grade of C. Systems of linear equations, vector spaces, linear dependence, bases, dimensions, linear mappings, matrices, determinants, quadratic forms, orthogonal reduction to diagonal form, eigenvalues and geometric applications."
"Virginia Commonwealth University","Bioinformatics (Statistics)","STAT314","Applications of Statistics","4","4 lecture hours. 4 credits. Prerequisite: STAT 210 or 212. A study of the concepts and application of statistical methods including: estimation and hypothesis testing for two sample problems; one factor analysis of variance and multiple comparisons; randomized block designs and analysis; inferences on categorical data, including chi-square test for independence for contingency tables; simple linear regression and correlation; multiple linear regression. Special topics include distribution-free (nonparametric) methods in various statistical problems, two factor analysis of variance and the use of a statistical software package for data analysis. Students may receive credit toward graduation for only one of STAT 305 or STAT 314."
"Virginia Commonwealth University","Bioinformatics (Statistics)","BIOL151","Introduction to Biological Sciences I","3","3 lecture hours. 3 credits. Prerequisites: MATH 139, MATH 141, MATH 151, MATH 200, MATH 201 or a satisfactory score on the math placement exam; and CHEM 100 with a minimum grade of B, CHEM 101 with a minimum grade of C or a satisfactory score on the chemistry placement exam. Introduction to core biological concepts including cell structure, cellular metabolism, cell division, DNA replication, gene expression and genetics. Designed for biology majors."
"Virginia Commonwealth University","Bioinformatics (Statistics)","CHEM101","General Chemistry I","3","3 lecture and 1 recitation hours. 3 credits. Prerequisites: MATH 139, MATH 141, MATH 151, MATH 200, MATH 201 or satisfactory score on the VCU mathematics placement test within the one-year period immediately preceding the beginning of the course; and CHEM 100 with a minimum grade of B or satisfactory score on the chemistry placement exam/assessment within the one-year period immediately preceding the beginning of the course. Fundamental principles and theories of chemistry."
"Virginia Commonwealth University","Bioinformatics (Statistics)","CHEZ101","General Chemistry Laboratory I","1","1 lecture and 2 laboratory hours. 1 credit. Pre- or corequisite: CHEM 101. Experimental work correlated with CHEM 101 with selected forensic science applications. Each student is charged for breakage incurred. Approved safety glasses are required. Failure to check out of laboratory upon withdrawal or for other reasons will incur a charge billed from the Student Accounting Department."
"Virginia Commonwealth University","Bioinformatics (Statistics)","MATH200","Calculus with Analytic Geometry I","4","4 lecture hours. 4 credits. Prerequisite: MATH 151 with a minimum grade of C or satisfactory score on the VCU Mathematics Placement Test within the one-year period immediately preceding the beginning of the course. Limits, continuity, derivatives, differentials, antiderivatives and definite integrals."
"Virginia Commonwealth University","Bioinformatics (Statistics)","PHYS207","University Physics I","5","3 lecture, 1 recitation and 3 laboratory hours. 5 credits. Prerequisite: MATH 200 or permission of instructor. A vector- and calculus-based introduction to the fundamental concepts of mechanics, heat and wave motion."
"Virginia Commonwealth University","Bioinformatics (Statistics)","STAT212","Concepts of Statistics","3","3 lecture hours. 3 credits. Prerequisite: satisfactory score on the VCU Mathematics Placement Test within the one-year period immediately preceding the beginning of the course, or MATH 151, MATH 200 or MATH 201. Introductory statistics course with an emphasis on descriptive statistics, correlation and regression, probability, normal distributions, t distributions, and statistical inference. Graphing calculators will be used extensively. A core course for mathematical sciences. Students may receive credit toward graduation for only one of STAT 206, STAT 208, STAT 210, STAT 212, STAT 312 or SCMA 301. STAT 291. Topics in Statistics. 1-3 Hours. Semester course; 1-3 lecture hours. 1-3 credits. A study of selected topics in statistics. Specific topics may fulfill general education requirements. See the Schedule of Classes for specific topics and prerequisites."
"Virginia Commonwealth University","Chemical Engineering ","BIOL151","Introduction to Biological Sciences I","3","3 lecture hours. 3 credits. Prerequisites: MATH 139, MATH 141, MATH 151, MATH 200, MATH 201 or a satisfactory score on the math placement exam; and CHEM 100 with a minimum grade of B, CHEM 101 with a minimum grade of C or a satisfactory score on the chemistry placement exam. Introduction to core biological concepts including cell structure, cellular metabolism, cell division, DNA replication, gene expression and genetics. Designed for biology majors."
"Virginia Commonwealth University","Chemical Engineering ","CHEM101","General Chemistry I","3","3 lecture and 1 recitation hours. 3 credits. Prerequisites: MATH 139, MATH 141, MATH 151, MATH 200, MATH 201 or satisfactory score on the VCU mathematics placement test within the one-year period immediately preceding the beginning of the course; and CHEM 100 with a minimum grade of B or satisfactory score on the chemistry placement exam/assessment within the one-year period immediately preceding the beginning of the course. Fundamental principles and theories of chemistry."
"Virginia Commonwealth University","Chemical Engineering ","CHEM102","General Chemistry II","3","3 lecture and 1 recitation hours. 3 credits. Prerequisites: MATH 151, MATH 200, MATH 201 or satisfactory score on the VCU Mathematics Placement Test within the one-year period immediately preceding the beginning of the course; and CHEM 101 with a minimum grade of C. Fundamental principles and theories of chemistry, including qualitative analysis."
"Virginia Commonwealth University","Chemical Engineering ","CHEM301","Organic Chemistry","3","Continuous courses; 3 lecture hours. 3-3 credits. Prerequisite: CHEM 102 with a minimum grade of C. Prerequisite for CHEM 302: CHEM 301 with a minimum grade of C. A comprehensive survey of aliphatic and aromatic compounds with emphasis on their structure, properties, reactions, reaction mechanisms and stereochemistry."
"Virginia Commonwealth University","Chemical Engineering ","CHEM302","Organic Chemistry","3","Continuous courses; 3 lecture hours. 3-3 credits. Prerequisite: CHEM 102 with a minimum grade of C. Prerequisite for CHEM 302: CHEM 301 with a minimum grade of C. A comprehensive survey of aliphatic and aromatic compounds with emphasis on their structure, properties, reactions, reaction mechanisms and stereochemistry."
"Virginia Commonwealth University","Chemical Engineering ","CHEZ101","General Chemistry Laboratory I","1","1 lecture and 2 laboratory hours. 1 credit. Pre- or corequisite: CHEM 101. Experimental work correlated with CHEM 101 with selected forensic science applications. Each student is charged for breakage incurred. Approved safety glasses are required. Failure to check out of laboratory upon withdrawal or for other reasons will incur a charge billed from the Student Accounting Department."
"Virginia Commonwealth University","Chemical Engineering ","CHEZ102","General Chemistry Laboratory II","1","1 lecture and 2 laboratory hours. 1 credit. Prerequisites: CHEM 101 and CHEZ 101 with minimum grades of C. Pre- or corequisite: CHEM 102. Experimental work includes qualitative analysis with selected forensic science applications. Each student is charged for breakage incurred. Approved safety glasses are required. Failure to check out of laboratory upon withdrawal or for other reasons will incur a charge billed from the Student Accounting Department."
"Virginia Commonwealth University","Chemical Engineering ","CHEZ301","Organic Chemistry Laboratory I","2","4 laboratory hours. 2 credits. Prerequisites: CHEM 102 and CHEZ 102 with minimum grades of C. Pre- or corequisite: CHEM 301. Experimental work correlated with CHEM 301. Each student is charged for breakage incurred. Approved safety glasses are required. Failure to check out of laboratory upon withdrawal or for other reasons will incur a charge billed from the Student Accounting Department."
"Virginia Commonwealth University","Chemical Engineering ","CHEZ302","Organic Chemistry Laboratory II","2","4 laboratory hours. 2 credits. Prerequisites: CHEM 301 and CHEZ 301 with minimum grades of C. Pre- or corequisite: CHEM 302. Experimental work correlated with CHEM 302. Each student is charged for breakage incurred. Approved safety glasses are required. Failure to check out of laboratory upon withdrawal or for other reasons will incur a charge billed from the Student Accounting Department."
"Virginia Commonwealth University","Chemical Engineering ","CLSE101","Introduction to Engineering","3","2 lecture and 3 laboratory hours. 3 credits. Prerequisites: course open to first-year students majoring in chemical and life science engineering. Introduction to chemical and life science engineering. Topics covered include ethics and social responsibility; engineering design process; engineering solutions; estimations and approximations; dimensions, units and conversions; mathematics and computer solutions; life-long learning; introduction to the interface between engineering, biology and medicine."
"Virginia Commonwealth University","Chemical Engineering ","CLSE115","Introduction to Programming for Chemical and Life Science Engineering","4","3 lecture and 3 laboratory hours. 4 credits. Prerequisite: MATH 200. Introduction to the concepts and practice of structured programming. Topics include problem-solving, top-down design of algorithms, objects, basic syntax, control structures, functions and arrays."
"Virginia Commonwealth University","Chemical Engineering ","CLSE201","Chemical Engineering Fundamentals I: Material Balances","4","3 lecture and 1 recitation hours. 4 credits. Prerequisites: CLSE 115, CHEM 101 and CHEM 102, and MATH 200 and MATH 201, or equivalents, all with minimum grades of C. The first of two introductory chemical and life science engineering courses. Covers material balances on steady-state chemical processes."
"Virginia Commonwealth University","Chemical Engineering ","CLSE202","Chemical Engineering Fundamentals II: Energy Balances and Engineering Thermodynamics","4","3 lecture and 1 recitation hours. 4 credits. Prerequisites: CLSE 201 with a minimum grade of C, CHEM 101-102 and MATH 200-201 or equivalents. The second of two introductory chemical and life science engineering courses. Covers energy balances on steady- state chemical processes, computer-aided balance calculations, balances on transient processes and introduction to thermodynamics."
"Virginia Commonwealth University","Chemical Engineering ","CLSE301","Transport Phenomena I","3","3 lecture hours. 3 credits. Prerequisites: CLSE 202 with a minimum grade of C; PHYS 208 and MATH 301. Basic concepts of transport phenomena as applied to chemical and life science engineering. Topics include transport of mass momentum and energy in single and multidimensions."
"Virginia Commonwealth University","Chemical Engineering ","CLSE302","Transport Phenomena II","4","3 lecture and 1 recitation hours. 4 credits. Prerequisites: CLSE 301 and CLSE 305. Concepts of transport phenomena as applied to chemical and life science engineering. Topics include advanced multicomponent, multiphase systems, integral analysis, and an integrated view of momentum, heat and mass transport in unit operations."
"Virginia Commonwealth University","Chemical Engineering ","CLSE305","Thermodynamics of Phase Equilibria and Chemical Reactions","3","3 lecture hours. 3 credits. Prerequisites: CLSE 202 with a minimum grade of C and MATH 307. Thermodynamic properties of fluids and mixtures, partial molar quantities, phase equilibria, activity coefficients and correlations, equations-of-state, chemical reaction equilibria for liquid, vapor and multiphase reactions, and the use of equations-of-state and activity/fugacity correlations to obtain the thermodynamic functions required for the calculation of chemical reaction equilibrium constants. Computing using Excel VBA is a required component of this course."
"Virginia Commonwealth University","Chemical Engineering ","CLSE312","Chemical Reaction Engineering","3","3 lecture hours. 3 credits. Prerequisites: CLSE 301 and 305. Introduces the student to the analysis of reactors via coupling of empirical reaction rates and thermodynamic constraints with reactor material and energy balances. The behavior of the ideal reactor types (batch, CSTR and PFR) is emphasized with attention given to departure from these ideals by real systems."
"Virginia Commonwealth University","Chemical Engineering ","CLSE320","Instrumentation Laboratory","3","1 lecture and 6 laboratory hours. 3 credits. Prerequisites: CLSE 301 and CLSE 305. This laboratory introduces students to a variety of measurement instruments used in modern chemical engineering laboratories and process plants. Detailed laboratory reports are required for each of the experiments undertaken by the students."
"Virginia Commonwealth University","Chemical Engineering ","CLSE402","Senior Design Studio I (Laboratory/Project Time)","2","6 laboratory hours. 2 credits. Prerequisites: senior standing in chemical and life science engineering and participation in a senior design (capstone) project; CLSE 301, 302, 305 and 312. A minimum of six laboratory hours per week dedicated to the execution phase of the senior design (capstone) project, which should meet appropriate engineering standards and multiple realistic constraints. Tasks include team meetings, brainstorming, sponsor advising, designing, fabrications, assembling, reviewing, studying, researching, testing and validating projects. "
"Virginia Commonwealth University","Chemical Engineering ","CLSE403","Senior Design Studio II (Laboratory/Project Time)","2","6 laboratory hours. 2 credits. Prerequisites: senior standing in chemical and life science engineering and participation in a senior design (capstone) project; CLSE 402. A minimum of six laboratory hours per week dedicated to the execution phase of the senior design (capstone) project, which should meet appropriate engineering standards and multiple realistic constraints. Tasks include team meetings, brainstorming, sponsor advising, designing, fabrications, assembling, reviewing, studying, researching, testing and validating projects."
"Virginia Commonwealth University","Chemical Engineering ","CLSE409","Process Control in Chemical and Life Science Engineering","3","3 lecture hours. 3 credits. Prerequisites: CLSE 301 and 305. Covers process control as applied to chemical and life science engineering with many practical examples. Topics include time and frequency domain analysis, multivariable processes and applications to chemical and biochemical production and processing."
"Virginia Commonwealth University","Chemical Engineering ","CLSE440","Unit Operations Laboratory","3","1 lecture and 6 laboratory hours. 3 credits. Prerequisites: CLSE 302, CLSE 305 and CLSE 312. Students carry out experiments with chemical and biochemical reactors, energy exchangers, fluid flow networks and other unit operations. Detailed laboratory reports are required for each of the experiments undertaken. CLSE 450. Undergraduate Research in Chemical and Life Science Engineering. 1-6 Hours. Semester course; variable hours. Up to 6 credits. Undergraduate research under the supervision of a faculty member. Specific topics vary depending on the interests of the student and the adviser. Registration requires approval of the student's academic adviser and research adviser. CLSE 460. Undergraduate Honors Research in Life Sciences Engineering. 1-3 Hours. Semester course; 1-3 lecture hours. 1-3 credits. Corequisites: BIOL 218, CLSE 302. An undergraduate honors research course for academically talented juniors and seniors requiring advanced work and an honors thesis on a topic relevant to life sciences engineering. Topics and credit hours will be chosen in consultation with a sponsoring faculty member. 668 Undergraduate courses"
"Virginia Commonwealth University","Chemical Engineering ","ECON205","The Economics of Product Development and Markets","3","3 lecture hours. 3 credits. An introduction to some of the fundamental economic concepts necessary to effectively operate in today's marketplace. Basic elements of microeconomics, net present value analysis and market strategy will be covered in class. The goal is to provide students with a better understanding of how to approach business problems and of proven problem-solving techniques. Intended for engineering students. Students may receive credit toward graduation for only one of the following three courses: ECON 203, ECON 205 or ECON 210."
"Virginia Commonwealth University","Chemical Engineering ","ENGR296","Part-time Internship Experience","0","0 credit. Students may attempt this course a total of six times. Enrollment restricted to School of Engineering majors. The student works part time in an approved internship and must work a minimum of 90 hours, but less than 300 hours during the semester. The student works to meet learning objectives while gaining practical experience relevant to their major. The student completes assignments to document, assess and reflect on their learning experience. The supervisor and student both complete evaluations of the learning experience. Graded pass/fail."
"Virginia Commonwealth University","Chemical Engineering ","ENGR395","Professional Development","1","1 lecture and 1 workshop hour. 1 credit. Enrollment is restricted to majors in the School of Engineering. Professional development course to help prepare students to find a job and succeed in a professional environment, and specifically to work as an intern or in a cooperative education position. Topics covered include career paths; job searches; resume and cover letter writing; preparing for the interview; personal assessment of interests, values and strengths; networking; professional and ethical behavior on the job; overview of legal issues related to hiring, such as nondisclosure agreements and noncompete clauses; overview of personal finance management at the first job; workplace safety; and expectations and requirements for internships and cooperative education positions. 676 Undergraduate courses"
"Virginia Commonwealth University","Chemical Engineering ","ENGR402","Senior Design Studio (Seminar)","1","Continuous courses; 1 lecture hour. 1-1 credit. Prerequisites: senior standing and participation in a senior design (capstone) project; completion of ENGR 402 to enroll in ENGR 403. This weekly seminar presents and discusses topics relevant to senior-level engineering students in support of the capstone project and upcoming graduation. A single course coordinator manages and administers the course and schedules the various faculty lectures and guest speakers. Topics include, but are not limited to, the following: proposal writing, project planning and management, scheduling resources and budgeting for technical projects, patents and intellectual property, quality systems (six sigma, ISO standards, statistical process control), entrepreneurship, creativity and innovation and professional registration."
"Virginia Commonwealth University","Chemical Engineering ","ENGR403","Senior Design Studio (Seminar)","1","Continuous courses; 1 lecture hour. 1-1 credit. Prerequisites: senior standing and participation in a senior design (capstone) project; completion of ENGR 402 to enroll in ENGR 403. This weekly seminar presents and discusses topics relevant to senior-level engineering students in support of the capstone project and upcoming graduation. A single course coordinator manages and administers the course and schedules the various faculty lectures and guest speakers. Topics include, but are not limited to, the following: proposal writing, project planning and management, scheduling resources and budgeting for technical projects, patents and intellectual property, quality systems (six sigma, ISO standards, statistical process control), entrepreneurship, creativity and innovation and professional registration."
"Virginia Commonwealth University","Chemical Engineering ","ENGR496","Internship Review","0","0 credits. Prerequisite: ENGR 296 or ENGR 396. Restricted to School of Engineering majors. This course is to be taken following the completion of a minimum of 300 hours of approved internship experience relevant to the student’s major and documents that a student has fulfilled all internship requirements, including a final evaluation by the employer, a final self-evaluation, a final report describing the experience and a final oral presentation about the experience. Graded pass/fail. ENGR 497. Vertically Integrated Projects. 1,2 Hour. Semester course; 3 or 6 laboratory hours. 1 or 2 credits. May be repeated for a maximum total of 8 credits Prerequisites: permission of the project faculty adviser. This course provides undergraduate students the opportunity to participate in multiyear, multidisciplinary projects under the guidance of faculty and graduate students in their areas of expertise. As they address research and development issues, students learn and practice many different professional skills, make substantial technical contributions to the project, and experience many different roles on a large, multidisciplinary design/discovery team. Students must earn a minimum of 4 credits in ENGR 497 with a minimum grade of C in order for these credits to be eligible to count toward a technical or departmental elective. More restrictive requirements may be imposed by individual departments."
"Virginia Commonwealth University","Chemical Engineering ","MATH200","Calculus with Analytic Geometry I","4","4 lecture hours. 4 credits. Prerequisite: MATH 151 with a minimum grade of C or satisfactory score on the VCU Mathematics Placement Test within the one-year period immediately preceding the beginning of the course. Limits, continuity, derivatives, differentials, antiderivatives and definite integrals."
"Virginia Commonwealth University","Chemical Engineering ","MATH201","Calculus with Analytic Geometry II","4","4 lecture hours. 4 credits. Prerequisite: MATH 200 with a minimum grade of C. Applications of differentiation and integration. Selected topics in analytic geometry. Infinite series."
"Virginia Commonwealth University","Chemical Engineering ","MATH301","Differential Equations","3","3 lecture hours. 3 credits. Prerequisite: MATH 201 with a minimum grade of C. Solutions of ordinary differential equations of first order. Solutions of higher order linear differential equations with constant coefficients and variable coefficients by the methods of undetermined coefficients and variation of parameters, solutions by Laplace transforms and applications."
"Virginia Commonwealth University","Chemical Engineering ","MATH307","Multivariate Calculus","4","4 lecture hours. 4 credits. Prerequisite: MATH 201 with a minimum grade of C. The calculus of vector-valued functions and of functions of more than one variable. Partial derivatives, multiple integrals, line integrals, surface integrals and curvilinear coordinates. Lagrange multipliers; theorems of Green, Gauss and Stokes. Applications."
"Virginia Commonwealth University","Chemical Engineering ","PHIL201","Introduction to Ethics","3","3 lecture hours (delivered online, face-to-face or hybrid). 3 credits. Prerequisite: UNIV 112; or HONR 200 and one of ENGL 295 or HONR 250. An introduction to the main topics in moral philosophy. Includes a discussion of contemporary moral issues. Possible topics include the morality of abortion, animal rights, world hunger, pornography, capital punishment, sexual behavior, environmental ethics and reverse discrimination."
"Virginia Commonwealth University","Chemical Engineering ","PHYS207","University Physics I","5","3 lecture, 1 recitation and 3 laboratory hours. 5 credits. Prerequisite: MATH 200 or permission of instructor. A vector- and calculus-based introduction to the fundamental concepts of mechanics, heat and wave motion."
"Virginia Commonwealth University","Chemical Engineering ","PHYS208","University Physics II","5","3 lecture, 1 recitation and 3 laboratory hours. 5 credits. Prerequisite: PHYS 207. Corequisite: MATH 201. A vector- and calculus- based introduction to the fundamentals of electricity, magnetism and optics."
"Virginia Commonwealth University","Chemical Engineering ","STAT441","Applied Statistics for Engineers and Scientists","3","3 lecture hours. 3 credits. Prerequisite: MATH 201 or equivalent. An introduction to applied statistics intended primarily for students in engineering. The fundamental ideas about the collection and display of information, descriptive statistics and exploratory data analysis, elementary probability theory, frequency distributions, and sampling are covered. Other topics include tests of hypotheses and confidence intervals for one and two sample problems; ANOVA; principles of one-factor experimental designs including randomized complete block designs, fixed and random effects and multiple comparisons; correlation and linear regression analysis; control charts; contingency tables and goodness-of-fit. Statistical software is used extensively in this course, so a working knowledge of computers is necessary. Students may receive degree credit for only one of BIOS 543, STAT 441, STAT 541, STAT 543 or STAT 641."
"Virginia Commonwealth University","Life Sciences Engineering ","BIOL151","Introduction to Biological Sciences I","3","3 lecture hours. 3 credits. Prerequisites: MATH 139, MATH 141, MATH 151, MATH 200, MATH 201 or a satisfactory score on the math placement exam; and CHEM 100 with a minimum grade of B, CHEM 101 with a minimum grade of C or a satisfactory score on the chemistry placement exam. Introduction to core biological concepts including cell structure, cellular metabolism, cell division, DNA replication, gene expression and genetics. Designed for biology majors."
"Virginia Commonwealth University","Life Sciences Engineering ","BIOL152","Introduction to Biological Sciences II","3","3 lecture hours. 3 credits. Prerequisites: BIOL 151 and CHEM 101, both with a minimum grade of C. Focuses on evolutionary principles, the role of natural selection in the evolution of life forms, taxonomy and phylogenies, biological diversity in the context of form and function of organisms, and and basic principles of ecology. Designed for biology majors."
"Virginia Commonwealth University","Life Sciences Engineering ","BIOZ151","Introduction to Biological Science Laboratory I","1","3 laboratory hours. 1 credit. Prerequisite: MATH 139, MATH 141, MATH 151, MATH 200, MATH 201 or a satisfactory score on the math placement exam; and CHEM 100 with a minimum grade of B, CHEM 101 with a minimum grade of C or a satisfactory score on the chemistry placement exam. Pre- or corequisite: BIOL 151. Laboratory investigation of cellular metabolism, genetics and molecular biology, with an emphasis on formation and testing of hypotheses. Laboratory exercises will elaborate themes discussed in BIOL 151. "
"Virginia Commonwealth University","Life Sciences Engineering ","CHEM101","General Chemistry I","3","3 lecture and 1 recitation hours. 3 credits. Prerequisites: MATH 139, MATH 141, MATH 151, MATH 200, MATH 201 or satisfactory score on the VCU mathematics placement test within the one-year period immediately preceding the beginning of the course; and CHEM 100 with a minimum grade of B or satisfactory score on the chemistry placement exam/assessment within the one-year period immediately preceding the beginning of the course. Fundamental principles and theories of chemistry."
"Virginia Commonwealth University","Life Sciences Engineering ","CHEM102","General Chemistry II","3","3 lecture and 1 recitation hours. 3 credits. Prerequisites: MATH 151, MATH 200, MATH 201 or satisfactory score on the VCU Mathematics Placement Test within the one-year period immediately preceding the beginning of the course; and CHEM 101 with a minimum grade of C. Fundamental principles and theories of chemistry, including qualitative analysis."
"Virginia Commonwealth University","Life Sciences Engineering ","CHEM301","Organic Chemistry","3","Continuous courses; 3 lecture hours. 3-3 credits. Prerequisite: CHEM 102 with a minimum grade of C. Prerequisite for CHEM 302: CHEM 301 with a minimum grade of C. A comprehensive survey of aliphatic and aromatic compounds with emphasis on their structure, properties, reactions, reaction mechanisms and stereochemistry."
"Virginia Commonwealth University","Life Sciences Engineering ","CHEM302","Organic Chemistry","3","Continuous courses; 3 lecture hours. 3-3 credits. Prerequisite: CHEM 102 with a minimum grade of C. Prerequisite for CHEM 302: CHEM 301 with a minimum grade of C. A comprehensive survey of aliphatic and aromatic compounds with emphasis on their structure, properties, reactions, reaction mechanisms and stereochemistry."
"Virginia Commonwealth University","Life Sciences Engineering ","CHEM403","Biochemistry I","3","3 lecture hours. 3 credits. Prerequisites: CHEM 302 with a minimum grade of C. A presentation of structural biochemistry, enzymology, biophysical techniques, bioenergetics and an introduction to intermediary metabolism."
"Virginia Commonwealth University","Life Sciences Engineering ","CHEZ101","General Chemistry Laboratory I","1","1 lecture and 2 laboratory hours. 1 credit. Pre- or corequisite: CHEM 101. Experimental work correlated with CHEM 101 with selected forensic science applications. Each student is charged for breakage incurred. Approved safety glasses are required. Failure to check out of laboratory upon withdrawal or for other reasons will incur a charge billed from the Student Accounting Department."
"Virginia Commonwealth University","Life Sciences Engineering ","CHEZ102","General Chemistry Laboratory II","1","1 lecture and 2 laboratory hours. 1 credit. Prerequisites: CHEM 101 and CHEZ 101 with minimum grades of C. Pre- or corequisite: CHEM 102. Experimental work includes qualitative analysis with selected forensic science applications. Each student is charged for breakage incurred. Approved safety glasses are required. Failure to check out of laboratory upon withdrawal or for other reasons will incur a charge billed from the Student Accounting Department."
"Virginia Commonwealth University","Life Sciences Engineering ","CHEZ301","Organic Chemistry Laboratory I","2","4 laboratory hours. 2 credits. Prerequisites: CHEM 102 and CHEZ 102 with minimum grades of C. Pre- or corequisite: CHEM 301. Experimental work correlated with CHEM 301. Each student is charged for breakage incurred. Approved safety glasses are required. Failure to check out of laboratory upon withdrawal or for other reasons will incur a charge billed from the Student Accounting Department."
"Virginia Commonwealth University","Life Sciences Engineering ","CHEZ302","Organic Chemistry Laboratory II","2","4 laboratory hours. 2 credits. Prerequisites: CHEM 301 and CHEZ 301 with minimum grades of C. Pre- or corequisite: CHEM 302. Experimental work correlated with CHEM 302. Each student is charged for breakage incurred. Approved safety glasses are required. Failure to check out of laboratory upon withdrawal or for other reasons will incur a charge billed from the Student Accounting Department."
"Virginia Commonwealth University","Life Sciences Engineering ","CLSE101","Introduction to Engineering","3","2 lecture and 3 laboratory hours. 3 credits. Prerequisites: course open to first-year students majoring in chemical and life science engineering. Introduction to chemical and life science engineering. Topics covered include ethics and social responsibility; engineering design process; engineering solutions; estimations and approximations; dimensions, units and conversions; mathematics and computer solutions; life-long learning; introduction to the interface between engineering, biology and medicine."
"Virginia Commonwealth University","Life Sciences Engineering ","CLSE115","Introduction to Programming for Chemical and Life Science Engineering","4","3 lecture and 3 laboratory hours. 4 credits. Prerequisite: MATH 200. Introduction to the concepts and practice of structured programming. Topics include problem-solving, top-down design of algorithms, objects, basic syntax, control structures, functions and arrays."
"Virginia Commonwealth University","Life Sciences Engineering ","CLSE201","Chemical Engineering Fundamentals I: Material Balances","4","3 lecture and 1 recitation hours. 4 credits. Prerequisites: CLSE 115, CHEM 101 and CHEM 102, and MATH 200 and MATH 201, or equivalents, all with minimum grades of C. The first of two introductory chemical and life science engineering courses. Covers material balances on steady-state chemical processes."
"Virginia Commonwealth University","Life Sciences Engineering ","CLSE202","Chemical Engineering Fundamentals II: Energy Balances and Engineering Thermodynamics","4","3 lecture and 1 recitation hours. 4 credits. Prerequisites: CLSE 201 with a minimum grade of C, CHEM 101-102 and MATH 200-201 or equivalents. The second of two introductory chemical and life science engineering courses. Covers energy balances on steady- state chemical processes, computer-aided balance calculations, balances on transient processes and introduction to thermodynamics."
"Virginia Commonwealth University","Life Sciences Engineering ","CLSE301","Transport Phenomena I","3","3 lecture hours. 3 credits. Prerequisites: CLSE 202 with a minimum grade of C; PHYS 208 and MATH 301. Basic concepts of transport phenomena as applied to chemical and life science engineering. Topics include transport of mass momentum and energy in single and multidimensions."
"Virginia Commonwealth University","Life Sciences Engineering ","CLSE302","Transport Phenomena II","4","3 lecture and 1 recitation hours. 4 credits. Prerequisites: CLSE 301 and CLSE 305. Concepts of transport phenomena as applied to chemical and life science engineering. Topics include advanced multicomponent, multiphase systems, integral analysis, and an integrated view of momentum, heat and mass transport in unit operations."
"Virginia Commonwealth University","Life Sciences Engineering ","CLSE305","Thermodynamics of Phase Equilibria and Chemical Reactions","3","3 lecture hours. 3 credits. Prerequisites: CLSE 202 with a minimum grade of C and MATH 307. Thermodynamic properties of fluids and mixtures, partial molar quantities, phase equilibria, activity coefficients and correlations, equations-of-state, chemical reaction equilibria for liquid, vapor and multiphase reactions, and the use of equations-of-state and activity/fugacity correlations to obtain the thermodynamic functions required for the calculation of chemical reaction equilibrium constants. Computing using Excel VBA is a required component of this course."
"Virginia Commonwealth University","Life Sciences Engineering ","CLSE312","Chemical Reaction Engineering","3","3 lecture hours. 3 credits. Prerequisites: CLSE 301 and 305. Introduces the student to the analysis of reactors via coupling of empirical reaction rates and thermodynamic constraints with reactor material and energy balances. The behavior of the ideal reactor types (batch, CSTR and PFR) is emphasized with attention given to departure from these ideals by real systems."
"Virginia Commonwealth University","Life Sciences Engineering ","CLSE320","Instrumentation Laboratory","3","1 lecture and 6 laboratory hours. 3 credits. Prerequisites: CLSE 301 and CLSE 305. This laboratory introduces students to a variety of measurement instruments used in modern chemical engineering laboratories and process plants. Detailed laboratory reports are required for each of the experiments undertaken by the students."
"Virginia Commonwealth University","Life Sciences Engineering ","CLSE402","Senior Design Studio I (Laboratory/Project Time)","2","6 laboratory hours. 2 credits. Prerequisites: senior standing in chemical and life science engineering and participation in a senior design (capstone) project; CLSE 301, 302, 305 and 312. A minimum of six laboratory hours per week dedicated to the execution phase of the senior design (capstone) project, which should meet appropriate engineering standards and multiple realistic constraints. Tasks include team meetings, brainstorming, sponsor advising, designing, fabrications, assembling, reviewing, studying, researching, testing and validating projects. "
"Virginia Commonwealth University","Life Sciences Engineering ","CLSE403","Senior Design Studio II (Laboratory/Project Time)","2","6 laboratory hours. 2 credits. Prerequisites: senior standing in chemical and life science engineering and participation in a senior design (capstone) project; CLSE 402. A minimum of six laboratory hours per week dedicated to the execution phase of the senior design (capstone) project, which should meet appropriate engineering standards and multiple realistic constraints. Tasks include team meetings, brainstorming, sponsor advising, designing, fabrications, assembling, reviewing, studying, researching, testing and validating projects."
"Virginia Commonwealth University","Life Sciences Engineering ","CLSE409","Process Control in Chemical and Life Science Engineering","3","3 lecture hours. 3 credits. Prerequisites: CLSE 301 and 305. Covers process control as applied to chemical and life science engineering with many practical examples. Topics include time and frequency domain analysis, multivariable processes and applications to chemical and biochemical production and processing."
"Virginia Commonwealth University","Life Sciences Engineering ","CLSE440","Unit Operations Laboratory","3","1 lecture and 6 laboratory hours. 3 credits. Prerequisites: CLSE 302, CLSE 305 and CLSE 312. Students carry out experiments with chemical and biochemical reactors, energy exchangers, fluid flow networks and other unit operations. Detailed laboratory reports are required for each of the experiments undertaken. CLSE 450. Undergraduate Research in Chemical and Life Science Engineering. 1-6 Hours. Semester course; variable hours. Up to 6 credits. Undergraduate research under the supervision of a faculty member. Specific topics vary depending on the interests of the student and the adviser. Registration requires approval of the student's academic adviser and research adviser. CLSE 460. Undergraduate Honors Research in Life Sciences Engineering. 1-3 Hours. Semester course; 1-3 lecture hours. 1-3 credits. Corequisites: BIOL 218, CLSE 302. An undergraduate honors research course for academically talented juniors and seniors requiring advanced work and an honors thesis on a topic relevant to life sciences engineering. Topics and credit hours will be chosen in consultation with a sponsoring faculty member. 668 Undergraduate courses"
"Virginia Commonwealth University","Life Sciences Engineering ","ECON205","The Economics of Product Development and Markets","3","3 lecture hours. 3 credits. An introduction to some of the fundamental economic concepts necessary to effectively operate in today's marketplace. Basic elements of microeconomics, net present value analysis and market strategy will be covered in class. The goal is to provide students with a better understanding of how to approach business problems and of proven problem-solving techniques. Intended for engineering students. Students may receive credit toward graduation for only one of the following three courses: ECON 203, ECON 205 or ECON 210."
"Virginia Commonwealth University","Life Sciences Engineering ","ENGR296","Part-time Internship Experience","0","0 credit. Students may attempt this course a total of six times. Enrollment restricted to School of Engineering majors. The student works part time in an approved internship and must work a minimum of 90 hours, but less than 300 hours during the semester. The student works to meet learning objectives while gaining practical experience relevant to their major. The student completes assignments to document, assess and reflect on their learning experience. The supervisor and student both complete evaluations of the learning experience. Graded pass/fail."
"Virginia Commonwealth University","Life Sciences Engineering ","ENGR395","Professional Development","1","1 lecture and 1 workshop hour. 1 credit. Enrollment is restricted to majors in the School of Engineering. Professional development course to help prepare students to find a job and succeed in a professional environment, and specifically to work as an intern or in a cooperative education position. Topics covered include career paths; job searches; resume and cover letter writing; preparing for the interview; personal assessment of interests, values and strengths; networking; professional and ethical behavior on the job; overview of legal issues related to hiring, such as nondisclosure agreements and noncompete clauses; overview of personal finance management at the first job; workplace safety; and expectations and requirements for internships and cooperative education positions. 676 Undergraduate courses"
"Virginia Commonwealth University","Life Sciences Engineering ","ENGR402","Senior Design Studio (Seminar)","1","Continuous courses; 1 lecture hour. 1-1 credit. Prerequisites: senior standing and participation in a senior design (capstone) project; completion of ENGR 402 to enroll in ENGR 403. This weekly seminar presents and discusses topics relevant to senior-level engineering students in support of the capstone project and upcoming graduation. A single course coordinator manages and administers the course and schedules the various faculty lectures and guest speakers. Topics include, but are not limited to, the following: proposal writing, project planning and management, scheduling resources and budgeting for technical projects, patents and intellectual property, quality systems (six sigma, ISO standards, statistical process control), entrepreneurship, creativity and innovation and professional registration."
"Virginia Commonwealth University","Life Sciences Engineering ","ENGR403","Senior Design Studio (Seminar)","1","Continuous courses; 1 lecture hour. 1-1 credit. Prerequisites: senior standing and participation in a senior design (capstone) project; completion of ENGR 402 to enroll in ENGR 403. This weekly seminar presents and discusses topics relevant to senior-level engineering students in support of the capstone project and upcoming graduation. A single course coordinator manages and administers the course and schedules the various faculty lectures and guest speakers. Topics include, but are not limited to, the following: proposal writing, project planning and management, scheduling resources and budgeting for technical projects, patents and intellectual property, quality systems (six sigma, ISO standards, statistical process control), entrepreneurship, creativity and innovation and professional registration."
"Virginia Commonwealth University","Life Sciences Engineering ","ENGR496","Internship Review","0","0 credits. Prerequisite: ENGR 296 or ENGR 396. Restricted to School of Engineering majors. This course is to be taken following the completion of a minimum of 300 hours of approved internship experience relevant to the student’s major and documents that a student has fulfilled all internship requirements, including a final evaluation by the employer, a final self-evaluation, a final report describing the experience and a final oral presentation about the experience. Graded pass/fail. ENGR 497. Vertically Integrated Projects. 1,2 Hour. Semester course; 3 or 6 laboratory hours. 1 or 2 credits. May be repeated for a maximum total of 8 credits Prerequisites: permission of the project faculty adviser. This course provides undergraduate students the opportunity to participate in multiyear, multidisciplinary projects under the guidance of faculty and graduate students in their areas of expertise. As they address research and development issues, students learn and practice many different professional skills, make substantial technical contributions to the project, and experience many different roles on a large, multidisciplinary design/discovery team. Students must earn a minimum of 4 credits in ENGR 497 with a minimum grade of C in order for these credits to be eligible to count toward a technical or departmental elective. More restrictive requirements may be imposed by individual departments."
"Virginia Commonwealth University","Life Sciences Engineering ","MATH200","Calculus with Analytic Geometry I","4","4 lecture hours. 4 credits. Prerequisite: MATH 151 with a minimum grade of C or satisfactory score on the VCU Mathematics Placement Test within the one-year period immediately preceding the beginning of the course. Limits, continuity, derivatives, differentials, antiderivatives and definite integrals."
"Virginia Commonwealth University","Life Sciences Engineering ","MATH201","Calculus with Analytic Geometry II","4","4 lecture hours. 4 credits. Prerequisite: MATH 200 with a minimum grade of C. Applications of differentiation and integration. Selected topics in analytic geometry. Infinite series."
"Virginia Commonwealth University","Life Sciences Engineering ","MATH301","Differential Equations","3","3 lecture hours. 3 credits. Prerequisite: MATH 201 with a minimum grade of C. Solutions of ordinary differential equations of first order. Solutions of higher order linear differential equations with constant coefficients and variable coefficients by the methods of undetermined coefficients and variation of parameters, solutions by Laplace transforms and applications."
"Virginia Commonwealth University","Life Sciences Engineering ","MATH307","Multivariate Calculus","4","4 lecture hours. 4 credits. Prerequisite: MATH 201 with a minimum grade of C. The calculus of vector-valued functions and of functions of more than one variable. Partial derivatives, multiple integrals, line integrals, surface integrals and curvilinear coordinates. Lagrange multipliers; theorems of Green, Gauss and Stokes. Applications."
"Virginia Commonwealth University","Life Sciences Engineering ","PHIL201","Introduction to Ethics","3","3 lecture hours (delivered online, face-to-face or hybrid). 3 credits. Prerequisite: UNIV 112; or HONR 200 and one of ENGL 295 or HONR 250. An introduction to the main topics in moral philosophy. Includes a discussion of contemporary moral issues. Possible topics include the morality of abortion, animal rights, world hunger, pornography, capital punishment, sexual behavior, environmental ethics and reverse discrimination."
"Virginia Commonwealth University","Life Sciences Engineering ","PHYS207","University Physics I","5","3 lecture, 1 recitation and 3 laboratory hours. 5 credits. Prerequisite: MATH 200 or permission of instructor. A vector- and calculus-based introduction to the fundamental concepts of mechanics, heat and wave motion."
"Virginia Commonwealth University","Life Sciences Engineering ","PHYS208","University Physics II","5","3 lecture, 1 recitation and 3 laboratory hours. 5 credits. Prerequisite: PHYS 207. Corequisite: MATH 201. A vector- and calculus- based introduction to the fundamentals of electricity, magnetism and optics."
"Virginia Commonwealth University","Life Sciences Engineering ","STAT441","Applied Statistics for Engineers and Scientists","3","3 lecture hours. 3 credits. Prerequisite: MATH 201 or equivalent. An introduction to applied statistics intended primarily for students in engineering. The fundamental ideas about the collection and display of information, descriptive statistics and exploratory data analysis, elementary probability theory, frequency distributions, and sampling are covered. Other topics include tests of hypotheses and confidence intervals for one and two sample problems; ANOVA; principles of one-factor experimental designs including randomized complete block designs, fixed and random effects and multiple comparisons; correlation and linear regression analysis; control charts; contingency tables and goodness-of-fit. Statistical software is used extensively in this course, so a working knowledge of computers is necessary. Students may receive degree credit for only one of BIOS 543, STAT 441, STAT 541, STAT 543 or STAT 641."
"Virginia Commonwealth University","Chemistry (Biochemistry)","BIOL151","Introduction to Biological Sciences I","3","3 lecture hours. 3 credits. Prerequisites: MATH 139, MATH 141, MATH 151, MATH 200, MATH 201 or a satisfactory score on the math placement exam; and CHEM 100 with a minimum grade of B, CHEM 101 with a minimum grade of C or a satisfactory score on the chemistry placement exam. Introduction to core biological concepts including cell structure, cellular metabolism, cell division, DNA replication, gene expression and genetics. Designed for biology majors."
"Virginia Commonwealth University","Chemistry (Biochemistry)","BIOL152","Introduction to Biological Sciences II","3","3 lecture hours. 3 credits. Prerequisites: BIOL 151 and CHEM 101, both with a minimum grade of C. Focuses on evolutionary principles, the role of natural selection in the evolution of life forms, taxonomy and phylogenies, biological diversity in the context of form and function of organisms, and and basic principles of ecology. Designed for biology majors."
"Virginia Commonwealth University","Chemistry (Biochemistry)","BIOL300","Cellular and Molecular Biology","3","3 lecture hours. 3 credits. Prerequisites: BIOL 151 and 152; BIOZ 151 or LFSC/BNFO 251; BIOZ 152 or LFSC/BNFO 252; CHEM 101 and CHEZ 101, all with a minimum grade of C; BIOL 200, MATH 200, MATH 201, STAT 210, STAT 212 or STAT 314. Biology majors must have completed BIOL 200. Pre- or corequisites: CHEM 102 and CHEZ 102. A study of the molecular biology of the cell as it relates to gene expression, cell signaling, and cell growth and differentiation."
"Virginia Commonwealth University","Chemistry (Biochemistry)","BIOZ151","Introduction to Biological Science Laboratory I","1","3 laboratory hours. 1 credit. Prerequisite: MATH 139, MATH 141, MATH 151, MATH 200, MATH 201 or a satisfactory score on the math placement exam; and CHEM 100 with a minimum grade of B, CHEM 101 with a minimum grade of C or a satisfactory score on the chemistry placement exam. Pre- or corequisite: BIOL 151. Laboratory investigation of cellular metabolism, genetics and molecular biology, with an emphasis on formation and testing of hypotheses. Laboratory exercises will elaborate themes discussed in BIOL 151. "
"Virginia Commonwealth University","Chemistry (Biochemistry)","BIOZ152","Introduction to Biological Science Laboratory II","1","3 laboratory hours. 1 credit. Prerequisites: BIOL 151, BIOZ 151 and CHEM 101, each with a minimum grade of C. Pre- or corequisite: BIOL 152. Laboratory investigation of evolutionary concepts, evolution of organisms, biological diversity and ecology, with an emphasis on formation and testing of hypotheses. Laboratory exercises will elaborate themes discussed in BIOL 152."
"Virginia Commonwealth University","Chemistry (Biochemistry)","CHEM101","General Chemistry I","3","3 lecture and 1 recitation hours. 3 credits. Prerequisites: MATH 139, MATH 141, MATH 151, MATH 200, MATH 201 or satisfactory score on the VCU mathematics placement test within the one-year period immediately preceding the beginning of the course; and CHEM 100 with a minimum grade of B or satisfactory score on the chemistry placement exam/assessment within the one-year period immediately preceding the beginning of the course. Fundamental principles and theories of chemistry."
"Virginia Commonwealth University","Chemistry (Biochemistry)","CHEM102","General Chemistry II","3","3 lecture and 1 recitation hours. 3 credits. Prerequisites: MATH 151, MATH 200, MATH 201 or satisfactory score on the VCU Mathematics Placement Test within the one-year period immediately preceding the beginning of the course; and CHEM 101 with a minimum grade of C. Fundamental principles and theories of chemistry, including qualitative analysis."
"Virginia Commonwealth University","Chemistry (Biochemistry)","CHEM301","Organic Chemistry","3","Continuous courses; 3 lecture hours. 3-3 credits. Prerequisite: CHEM 102 with a minimum grade of C. Prerequisite for CHEM 302: CHEM 301 with a minimum grade of C. A comprehensive survey of aliphatic and aromatic compounds with emphasis on their structure, properties, reactions, reaction mechanisms and stereochemistry."
"Virginia Commonwealth University","Chemistry (Biochemistry)","CHEM302","Organic Chemistry","3","Continuous courses; 3 lecture hours. 3-3 credits. Prerequisite: CHEM 102 with a minimum grade of C. Prerequisite for CHEM 302: CHEM 301 with a minimum grade of C. A comprehensive survey of aliphatic and aromatic compounds with emphasis on their structure, properties, reactions, reaction mechanisms and stereochemistry."
"Virginia Commonwealth University","Chemistry (Biochemistry)","CHEM309","Quantitative Analysis","3","3 lecture hours. 3 credits. Prerequisites: CHEM 102 with a minimum grade of C, and MATH 151. Theory and practice of gravimetric, volumetric and instrumental analysis techniques and treatment of multiple equilibria in aqueous solutions."
"Virginia Commonwealth University","Chemistry (Biochemistry)","CHEM313","Physical Chemistry I","3","3 lecture hours. 3 credits. Prerequisites: MATH 201; MATH 307; PHYS 202 or PHYS 208; CHEM 302; and CHEM 309, all with a minimum grade of C. Quantum chemistry, atomic and molecular structure, spectroscopy. Students may receive credit toward graduation for only one of CHEM 313 or CHEM 314."
"Virginia Commonwealth University","Chemistry (Biochemistry)","CHEM315","Physical Chemistry II","3","3 lecture hours. 3 credits. Prerequisite: CHEM 313 or CHEM 314 with a minimum grade of C. Kinetic theory of gases, statistical and classical thermodynamics, kinetics."
"Virginia Commonwealth University","Chemistry (Biochemistry)","CHEM320","Inorganic Chemistry I","3","3 lecture hours. 3 credits. Prerequisites: CHEM 101-102 with minimum grades of C. A systematic, unified study of the structures, properties, reactions and practical applications of inorganic compounds. CHEM 350. Guided Inquiry in Chemistry. 1.5 Hour. Semester course; 1.5 lecture hours. 1.5 credits. Prerequisites: CHEM 101-102 with minimum grades of B. Student facilitators lead recitation sections using guided inquiry, group-based activities. Introduces students to the principles of guided inquiry, active learning and collaborative learning in chemistry through practical, hands-on class work, discussions, readings and a final project. CHEM 351. Chemistry Preceptorship. 1.5 Hour. Semester course; 1.5 lecture hours. 1.5 credits. Course may be repeated once for a total of 3 credits. Prerequisites: completion of relevant course with minimum grade of C, completion of CHEM 350 with a grade of B and permission of course instructor and departmental chair. Student facilitators lead recitation sections or laboratories in chemistry courses. Responsibilities vary and may include, but are not limited to, attending all classes, holding weekly review sessions or office hours and/or routine grading. A weekly reflection journal and final project are required. CHEM 391. Topics in Chemistry. 1-4 Hours. Semester course; variable hours. Variable credit. Maximum of 4 credits per semester; maximum total of 6 credits for all chemistry topics courses may be applied to the major. Prerequisites: CHEM 101-102 and CHEZ 101, 102. A study of a selected topic in chemistry. See the Schedule of Classes for specific topics to be offered each semester. CHEM 392. Directed Study. 1-4 Hours. Semester course; 1-4 independent study hours. 1-4 credits. Prerequisites: CHEM 102, CHEZ 101 and CHEZ 102. The independent investigation of chemical problems through readings and experimentation under the supervision of a research adviser. Written interim and final reports are required."
"Virginia Commonwealth University","Chemistry (Biochemistry)","CHEM398","Professional Practices and Perspectives Seminar","1","1 lecture hour. 1 credit. Prerequisites: CHEM 102 and CHEZ 102, each with a minimum grade of C. Enrollment is restricted to chemistry majors with at least sophomore standing. Seminar course for students considering careers in chemistry-related fields, covering topics such as scientific professionalism and ethics and using chemical literature. CHEM 401. Applications of Instrumental Techniques in Organic and Forensic Chemistry. 4 Hours. Semester course; 3 lecture and 3 laboratory hours. 4 credits. Prerequisites: CHEM 302 and CHEZ 302. Theory and laboratory practice of instrumental and chemical methods applied to the analysis of organic compounds with emphasis on applications in forensic chemistry."
"Virginia Commonwealth University","Chemistry (Biochemistry)","CHEM403","Biochemistry I","3","3 lecture hours. 3 credits. Prerequisites: CHEM 302 with a minimum grade of C. A presentation of structural biochemistry, enzymology, biophysical techniques, bioenergetics and an introduction to intermediary metabolism."
"Virginia Commonwealth University","Chemistry (Biochemistry)","CHEM404","Biochemistry II","3","3 lecture hours. 3 credits. Prerequisite: CHEM 403 with a minimum grade of C. A presentation of metabolism and its regulation as integrated catoblism and anoblism of molecules that are essential to life."
"Virginia Commonwealth University","Chemistry (Biochemistry)","CHEM499","Chemistry Capstone Experience","0","0 hours. 0 credits. Prerequisites: CHEZ 302, CHEZ 309, CHEM 398, and CHEM 313 or CHEM 314, each with a minimum grade of C; and CHEM 320 and CHEZ 313 or CHEZ 315. Enrollment is restricted to chemistry majors with 90 credit hours of undergraduate course work. Culminating course that requires two credits of advanced laboratory and three credits of advanced lecture. The following courses qualify as a capstone experience if taken concurrently with CHEM 499: any two- credit 400-level laboratory course or two credits of either CHEM 392 or CHEM 492; and any three-credit 400-level or 500-level chemistry lecture course. Graded as pass/fail. Chemistry Lab (CHEZ)"
"Virginia Commonwealth University","Chemistry (Biochemistry)","CHEZ101","General Chemistry Laboratory I","1","1 lecture and 2 laboratory hours. 1 credit. Pre- or corequisite: CHEM 101. Experimental work correlated with CHEM 101 with selected forensic science applications. Each student is charged for breakage incurred. Approved safety glasses are required. Failure to check out of laboratory upon withdrawal or for other reasons will incur a charge billed from the Student Accounting Department."
"Virginia Commonwealth University","Chemistry (Biochemistry)","CHEZ102","General Chemistry Laboratory II","1","1 lecture and 2 laboratory hours. 1 credit. Prerequisites: CHEM 101 and CHEZ 101 with minimum grades of C. Pre- or corequisite: CHEM 102. Experimental work includes qualitative analysis with selected forensic science applications. Each student is charged for breakage incurred. Approved safety glasses are required. Failure to check out of laboratory upon withdrawal or for other reasons will incur a charge billed from the Student Accounting Department."
"Virginia Commonwealth University","Chemistry (Biochemistry)","CHEZ301","Organic Chemistry Laboratory I","2","4 laboratory hours. 2 credits. Prerequisites: CHEM 102 and CHEZ 102 with minimum grades of C. Pre- or corequisite: CHEM 301. Experimental work correlated with CHEM 301. Each student is charged for breakage incurred. Approved safety glasses are required. Failure to check out of laboratory upon withdrawal or for other reasons will incur a charge billed from the Student Accounting Department."
"Virginia Commonwealth University","Chemistry (Biochemistry)","CHEZ302","Organic Chemistry Laboratory II","2","4 laboratory hours. 2 credits. Prerequisites: CHEM 301 and CHEZ 301 with minimum grades of C. Pre- or corequisite: CHEM 302. Experimental work correlated with CHEM 302. Each student is charged for breakage incurred. Approved safety glasses are required. Failure to check out of laboratory upon withdrawal or for other reasons will incur a charge billed from the Student Accounting Department."
"Virginia Commonwealth University","Chemistry (Biochemistry)","CHEZ309","Quantitative Analysis Laboratory","2","1 lecture and 3 laboratory hours. 2 credits. Prerequisites: CHEM 102 and CHEZ 102 with minimum grades of C. Pre- or corequisite: CHEM 309. Laboratory associated with quantitative analysis. Includes practice in volumetric and instrumental laboratory techniques as applied to measurement sciences."
"Virginia Commonwealth University","Chemistry (Biochemistry)","CHEZ313","Physical Chemistry Laboratory I","2","4 laboratory hours. 2 credits. Prerequisites: CHEZ 309; and UNIV 200 or HONR 200; each with a minimum grade of C. Corequisite: CHEM 313 or CHEM 314. Mathematical models of chemistry, including molecular structure, spectroscopy and kinetics. Report writing, laboratory notebook writing and statistical analysis of data are emphasized. A final project may be required. Students may receive credit toward graduation for only one of CHEZ 313 or CHEZ 315."
"Virginia Commonwealth University","Chemistry (Biochemistry)","HUMS202","Choices in a Consumer Society","1","1 lecture hour (delivered online). 1 credit. Corequisite: UNIV 111 or UNIV 112. Provides a framework for understanding the nature of choices made in a consumer society, with an emphasis on the financial consequences of those choices. Students will gain the practical knowledge needed to make informed personal financial decisions as they address immediate, short-term and long-term consumer choices. Administered primarily as a self-paced, computer-aided instructional course. HUMS 291. Special Topics in the Humanities and Sciences. 1-4 Hours. Semester course; 1-4 credits. May be repeated with different content. Specialized topics in the liberal arts and sciences designed to provide an overview of a topic not provided by an existing course or program. May be multidisciplinary. Graded as pass/fail or normal letter grading at the option of the instructor."
"Virginia Commonwealth University","Chemistry (Biochemistry)","MATH200","Calculus with Analytic Geometry I","4","4 lecture hours. 4 credits. Prerequisite: MATH 151 with a minimum grade of C or satisfactory score on the VCU Mathematics Placement Test within the one-year period immediately preceding the beginning of the course. Limits, continuity, derivatives, differentials, antiderivatives and definite integrals."
"Virginia Commonwealth University","Chemistry (Biochemistry)","MATH201","Calculus with Analytic Geometry II","4","4 lecture hours. 4 credits. Prerequisite: MATH 200 with a minimum grade of C. Applications of differentiation and integration. Selected topics in analytic geometry. Infinite series."
"Virginia Commonwealth University","Chemistry (Biochemistry)","PHYS201","General Physics I","4","3 lecture and 3 laboratory hours. 4 credits. Prerequisite: MATH 151. Designed primarily for life-science majors. Basic concepts of motion, waves and heat. Not applicable toward the physics major."
"Virginia Commonwealth University","Chemistry (Biochemistry)","PHYS202","General Physics II","4","3 lecture and 3 laboratory hours. 4 credits. Prerequisite: PHYS 201 or PHYS 207. Designed primarily for life-science majors. Basic concepts of electricity, magnetism, light and modern physics. Not applicable toward the physics major."
"Virginia Commonwealth University","Chemistry (Biochemistry)","STAT210","Basic Practice of Statistics","3","3 lecture hours (delivered online, face-to-face or hybrid). 3 credits. Prerequisite: satisfactory score on the VCU Mathematics Placement Test within the one-year period immediately preceding the beginning of the course, or MATH 131, MATH 139, MATH 141, MATH 151, MATH 200 or MATH 201. Designed for students who will likely take another quantitative reasoning course for which statistics may be a prerequisite. Not open to mathematical sciences or computer science majors. Topics include examining distributions, examining relationships, producing data, sampling distributions and probability, introduction to inference. Students may receive credit toward graduation for only one of STAT 206, STAT 208, STAT 210, STAT 212, STAT 312 or SCMA 301."
"Virginia Commonwealth University","Chemistry (Chemical Science)","CHEM101","General Chemistry I","3","3 lecture and 1 recitation hours. 3 credits. Prerequisites: MATH 139, MATH 141, MATH 151, MATH 200, MATH 201 or satisfactory score on the VCU mathematics placement test within the one-year period immediately preceding the beginning of the course; and CHEM 100 with a minimum grade of B or satisfactory score on the chemistry placement exam/assessment within the one-year period immediately preceding the beginning of the course. Fundamental principles and theories of chemistry."
"Virginia Commonwealth University","Chemistry (Chemical Science)","CHEM102","General Chemistry II","3","3 lecture and 1 recitation hours. 3 credits. Prerequisites: MATH 151, MATH 200, MATH 201 or satisfactory score on the VCU Mathematics Placement Test within the one-year period immediately preceding the beginning of the course; and CHEM 101 with a minimum grade of C. Fundamental principles and theories of chemistry, including qualitative analysis."
"Virginia Commonwealth University","Chemistry (Chemical Science)","CHEM301","Organic Chemistry","3","Continuous courses; 3 lecture hours. 3-3 credits. Prerequisite: CHEM 102 with a minimum grade of C. Prerequisite for CHEM 302: CHEM 301 with a minimum grade of C. A comprehensive survey of aliphatic and aromatic compounds with emphasis on their structure, properties, reactions, reaction mechanisms and stereochemistry."
"Virginia Commonwealth University","Chemistry (Chemical Science)","CHEM302","Organic Chemistry","3","Continuous courses; 3 lecture hours. 3-3 credits. Prerequisite: CHEM 102 with a minimum grade of C. Prerequisite for CHEM 302: CHEM 301 with a minimum grade of C. A comprehensive survey of aliphatic and aromatic compounds with emphasis on their structure, properties, reactions, reaction mechanisms and stereochemistry."
"Virginia Commonwealth University","Chemistry (Chemical Science)","CHEM309","Quantitative Analysis","3","3 lecture hours. 3 credits. Prerequisites: CHEM 102 with a minimum grade of C, and MATH 151. Theory and practice of gravimetric, volumetric and instrumental analysis techniques and treatment of multiple equilibria in aqueous solutions."
"Virginia Commonwealth University","Chemistry (Chemical Science)","CHEM313","Physical Chemistry I","3","3 lecture hours. 3 credits. Prerequisites: MATH 201; MATH 307; PHYS 202 or PHYS 208; CHEM 302; and CHEM 309, all with a minimum grade of C. Quantum chemistry, atomic and molecular structure, spectroscopy. Students may receive credit toward graduation for only one of CHEM 313 or CHEM 314."
"Virginia Commonwealth University","Chemistry (Chemical Science)","CHEM315","Physical Chemistry II","3","3 lecture hours. 3 credits. Prerequisite: CHEM 313 or CHEM 314 with a minimum grade of C. Kinetic theory of gases, statistical and classical thermodynamics, kinetics."
"Virginia Commonwealth University","Chemistry (Chemical Science)","CHEM320","Inorganic Chemistry I","3","3 lecture hours. 3 credits. Prerequisites: CHEM 101-102 with minimum grades of C. A systematic, unified study of the structures, properties, reactions and practical applications of inorganic compounds. CHEM 350. Guided Inquiry in Chemistry. 1.5 Hour. Semester course; 1.5 lecture hours. 1.5 credits. Prerequisites: CHEM 101-102 with minimum grades of B. Student facilitators lead recitation sections using guided inquiry, group-based activities. Introduces students to the principles of guided inquiry, active learning and collaborative learning in chemistry through practical, hands-on class work, discussions, readings and a final project. CHEM 351. Chemistry Preceptorship. 1.5 Hour. Semester course; 1.5 lecture hours. 1.5 credits. Course may be repeated once for a total of 3 credits. Prerequisites: completion of relevant course with minimum grade of C, completion of CHEM 350 with a grade of B and permission of course instructor and departmental chair. Student facilitators lead recitation sections or laboratories in chemistry courses. Responsibilities vary and may include, but are not limited to, attending all classes, holding weekly review sessions or office hours and/or routine grading. A weekly reflection journal and final project are required. CHEM 391. Topics in Chemistry. 1-4 Hours. Semester course; variable hours. Variable credit. Maximum of 4 credits per semester; maximum total of 6 credits for all chemistry topics courses may be applied to the major. Prerequisites: CHEM 101-102 and CHEZ 101, 102. A study of a selected topic in chemistry. See the Schedule of Classes for specific topics to be offered each semester. CHEM 392. Directed Study. 1-4 Hours. Semester course; 1-4 independent study hours. 1-4 credits. Prerequisites: CHEM 102, CHEZ 101 and CHEZ 102. The independent investigation of chemical problems through readings and experimentation under the supervision of a research adviser. Written interim and final reports are required."
"Virginia Commonwealth University","Chemistry (Chemical Science)","CHEM398","Professional Practices and Perspectives Seminar","1","1 lecture hour. 1 credit. Prerequisites: CHEM 102 and CHEZ 102, each with a minimum grade of C. Enrollment is restricted to chemistry majors with at least sophomore standing. Seminar course for students considering careers in chemistry-related fields, covering topics such as scientific professionalism and ethics and using chemical literature. CHEM 401. Applications of Instrumental Techniques in Organic and Forensic Chemistry. 4 Hours. Semester course; 3 lecture and 3 laboratory hours. 4 credits. Prerequisites: CHEM 302 and CHEZ 302. Theory and laboratory practice of instrumental and chemical methods applied to the analysis of organic compounds with emphasis on applications in forensic chemistry."
"Virginia Commonwealth University","Chemistry (Chemical Science)","CHEM499","Chemistry Capstone Experience","0","0 hours. 0 credits. Prerequisites: CHEZ 302, CHEZ 309, CHEM 398, and CHEM 313 or CHEM 314, each with a minimum grade of C; and CHEM 320 and CHEZ 313 or CHEZ 315. Enrollment is restricted to chemistry majors with 90 credit hours of undergraduate course work. Culminating course that requires two credits of advanced laboratory and three credits of advanced lecture. The following courses qualify as a capstone experience if taken concurrently with CHEM 499: any two- credit 400-level laboratory course or two credits of either CHEM 392 or CHEM 492; and any three-credit 400-level or 500-level chemistry lecture course. Graded as pass/fail. Chemistry Lab (CHEZ)"
"Virginia Commonwealth University","Chemistry (Chemical Science)","CHEZ101","General Chemistry Laboratory I","1","1 lecture and 2 laboratory hours. 1 credit. Pre- or corequisite: CHEM 101. Experimental work correlated with CHEM 101 with selected forensic science applications. Each student is charged for breakage incurred. Approved safety glasses are required. Failure to check out of laboratory upon withdrawal or for other reasons will incur a charge billed from the Student Accounting Department."
"Virginia Commonwealth University","Chemistry (Chemical Science)","CHEZ102","General Chemistry Laboratory II","1","1 lecture and 2 laboratory hours. 1 credit. Prerequisites: CHEM 101 and CHEZ 101 with minimum grades of C. Pre- or corequisite: CHEM 102. Experimental work includes qualitative analysis with selected forensic science applications. Each student is charged for breakage incurred. Approved safety glasses are required. Failure to check out of laboratory upon withdrawal or for other reasons will incur a charge billed from the Student Accounting Department."
"Virginia Commonwealth University","Chemistry (Chemical Science)","CHEZ301","Organic Chemistry Laboratory I","2","4 laboratory hours. 2 credits. Prerequisites: CHEM 102 and CHEZ 102 with minimum grades of C. Pre- or corequisite: CHEM 301. Experimental work correlated with CHEM 301. Each student is charged for breakage incurred. Approved safety glasses are required. Failure to check out of laboratory upon withdrawal or for other reasons will incur a charge billed from the Student Accounting Department."
"Virginia Commonwealth University","Chemistry (Chemical Science)","CHEZ302","Organic Chemistry Laboratory II","2","4 laboratory hours. 2 credits. Prerequisites: CHEM 301 and CHEZ 301 with minimum grades of C. Pre- or corequisite: CHEM 302. Experimental work correlated with CHEM 302. Each student is charged for breakage incurred. Approved safety glasses are required. Failure to check out of laboratory upon withdrawal or for other reasons will incur a charge billed from the Student Accounting Department."
"Virginia Commonwealth University","Chemistry (Chemical Science)","CHEZ309","Quantitative Analysis Laboratory","2","1 lecture and 3 laboratory hours. 2 credits. Prerequisites: CHEM 102 and CHEZ 102 with minimum grades of C. Pre- or corequisite: CHEM 309. Laboratory associated with quantitative analysis. Includes practice in volumetric and instrumental laboratory techniques as applied to measurement sciences."
"Virginia Commonwealth University","Chemistry (Chemical Science)","CHEZ313","Physical Chemistry Laboratory I","2","4 laboratory hours. 2 credits. Prerequisites: CHEZ 309; and UNIV 200 or HONR 200; each with a minimum grade of C. Corequisite: CHEM 313 or CHEM 314. Mathematical models of chemistry, including molecular structure, spectroscopy and kinetics. Report writing, laboratory notebook writing and statistical analysis of data are emphasized. A final project may be required. Students may receive credit toward graduation for only one of CHEZ 313 or CHEZ 315."
"Virginia Commonwealth University","Chemistry (Chemical Science)","HUMS202","Choices in a Consumer Society","1","1 lecture hour (delivered online). 1 credit. Corequisite: UNIV 111 or UNIV 112. Provides a framework for understanding the nature of choices made in a consumer society, with an emphasis on the financial consequences of those choices. Students will gain the practical knowledge needed to make informed personal financial decisions as they address immediate, short-term and long-term consumer choices. Administered primarily as a self-paced, computer-aided instructional course. HUMS 291. Special Topics in the Humanities and Sciences. 1-4 Hours. Semester course; 1-4 credits. May be repeated with different content. Specialized topics in the liberal arts and sciences designed to provide an overview of a topic not provided by an existing course or program. May be multidisciplinary. Graded as pass/fail or normal letter grading at the option of the instructor."
"Virginia Commonwealth University","Chemistry (Chemical Science)","MATH200","Calculus with Analytic Geometry I","4","4 lecture hours. 4 credits. Prerequisite: MATH 151 with a minimum grade of C or satisfactory score on the VCU Mathematics Placement Test within the one-year period immediately preceding the beginning of the course. Limits, continuity, derivatives, differentials, antiderivatives and definite integrals."
"Virginia Commonwealth University","Chemistry (Chemical Science)","MATH201","Calculus with Analytic Geometry II","4","4 lecture hours. 4 credits. Prerequisite: MATH 200 with a minimum grade of C. Applications of differentiation and integration. Selected topics in analytic geometry. Infinite series."
"Virginia Commonwealth University","Chemistry (Chemical Science)","PHYS201","General Physics I","4","3 lecture and 3 laboratory hours. 4 credits. Prerequisite: MATH 151. Designed primarily for life-science majors. Basic concepts of motion, waves and heat. Not applicable toward the physics major."
"Virginia Commonwealth University","Chemistry (Chemical Science)","PHYS202","General Physics II","4","3 lecture and 3 laboratory hours. 4 credits. Prerequisite: PHYS 201 or PHYS 207. Designed primarily for life-science majors. Basic concepts of electricity, magnetism, light and modern physics. Not applicable toward the physics major."
"Virginia Commonwealth University","Chemistry (Chemical Science)","PHYS207","University Physics I","5","3 lecture, 1 recitation and 3 laboratory hours. 5 credits. Prerequisite: MATH 200 or permission of instructor. A vector- and calculus-based introduction to the fundamental concepts of mechanics, heat and wave motion."
"Virginia Commonwealth University","Chemistry (Chemical Science)","PHYS208","University Physics II","5","3 lecture, 1 recitation and 3 laboratory hours. 5 credits. Prerequisite: PHYS 207. Corequisite: MATH 201. A vector- and calculus- based introduction to the fundamentals of electricity, magnetism and optics."
"Virginia Commonwealth University","Chemistry (Chemical Science)","STAT210","Basic Practice of Statistics","3","3 lecture hours (delivered online, face-to-face or hybrid). 3 credits. Prerequisite: satisfactory score on the VCU Mathematics Placement Test within the one-year period immediately preceding the beginning of the course, or MATH 131, MATH 139, MATH 141, MATH 151, MATH 200 or MATH 201. Designed for students who will likely take another quantitative reasoning course for which statistics may be a prerequisite. Not open to mathematical sciences or computer science majors. Topics include examining distributions, examining relationships, producing data, sampling distributions and probability, introduction to inference. Students may receive credit toward graduation for only one of STAT 206, STAT 208, STAT 210, STAT 212, STAT 312 or SCMA 301."
"Virginia Commonwealth University","Chemistry (Chemical Modeling)","CHEM102","General Chemistry II","3","3 lecture and 1 recitation hours. 3 credits. Prerequisites: MATH 151, MATH 200, MATH 201 or satisfactory score on the VCU Mathematics Placement Test within the one-year period immediately preceding the beginning of the course; and CHEM 101 with a minimum grade of C. Fundamental principles and theories of chemistry, including qualitative analysis."
"Virginia Commonwealth University","Chemistry (Chemical Modeling)","CHEZ102","General Chemistry Laboratory II","1","1 lecture and 2 laboratory hours. 1 credit. Prerequisites: CHEM 101 and CHEZ 101 with minimum grades of C. Pre- or corequisite: CHEM 102. Experimental work includes qualitative analysis with selected forensic science applications. Each student is charged for breakage incurred. Approved safety glasses are required. Failure to check out of laboratory upon withdrawal or for other reasons will incur a charge billed from the Student Accounting Department."
"Virginia Commonwealth University","Chemistry (Chemical Modeling)","CHEM301","Organic Chemistry","3","Continuous courses; 3 lecture hours. 3-3 credits. Prerequisite: CHEM 102 with a minimum grade of C. Prerequisite for CHEM 302: CHEM 301 with a minimum grade of C. A comprehensive survey of aliphatic and aromatic compounds with emphasis on their structure, properties, reactions, reaction mechanisms and stereochemistry."
"Virginia Commonwealth University","Chemistry (Chemical Modeling)","CHEZ301","Organic Chemistry Laboratory I","2","4 laboratory hours. 2 credits. Prerequisites: CHEM 102 and CHEZ 102 with minimum grades of C. Pre- or corequisite: CHEM 301. Experimental work correlated with CHEM 301. Each student is charged for breakage incurred. Approved safety glasses are required. Failure to check out of laboratory upon withdrawal or for other reasons will incur a charge billed from the Student Accounting Department."
"Virginia Commonwealth University","Chemistry (Chemical Modeling)","CHEM302","Organic Chemistry","3","Continuous courses; 3 lecture hours. 3-3 credits. Prerequisite: CHEM 102 with a minimum grade of C. Prerequisite for CHEM 302: CHEM 301 with a minimum grade of C. A comprehensive survey of aliphatic and aromatic compounds with emphasis on their structure, properties, reactions, reaction mechanisms and stereochemistry."
"Virginia Commonwealth University","Chemistry (Chemical Modeling)","CHEZ302","Organic Chemistry Laboratory II","2","4 laboratory hours. 2 credits. Prerequisites: CHEM 301 and CHEZ 301 with minimum grades of C. Pre- or corequisite: CHEM 302. Experimental work correlated with CHEM 302. Each student is charged for breakage incurred. Approved safety glasses are required. Failure to check out of laboratory upon withdrawal or for other reasons will incur a charge billed from the Student Accounting Department."
"Virginia Commonwealth University","Chemistry (Chemical Modeling)","CHEM309","Quantitative Analysis","3","3 lecture hours. 3 credits. Prerequisites: CHEM 102 with a minimum grade of C, and MATH 151. Theory and practice of gravimetric, volumetric and instrumental analysis techniques and treatment of multiple equilibria in aqueous solutions."
"Virginia Commonwealth University","Chemistry (Chemical Modeling)","CHEZ309","Quantitative Analysis Laboratory","2","1 lecture and 3 laboratory hours. 2 credits. Prerequisites: CHEM 102 and CHEZ 102 with minimum grades of C. Pre- or corequisite: CHEM 309. Laboratory associated with quantitative analysis. Includes practice in volumetric and instrumental laboratory techniques as applied to measurement sciences."
"Virginia Commonwealth University","Chemistry (Chemical Modeling)","CHEM313","Physical Chemistry I","3","3 lecture hours. 3 credits. Prerequisites: MATH 201; MATH 307; PHYS 202 or PHYS 208; CHEM 302; and CHEM 309, all with a minimum grade of C. Quantum chemistry, atomic and molecular structure, spectroscopy. Students may receive credit toward graduation for only one of CHEM 313 or CHEM 314."
"Virginia Commonwealth University","Chemistry (Chemical Modeling)","CHEM315","Physical Chemistry II","3","3 lecture hours. 3 credits. Prerequisite: CHEM 313 or CHEM 314 with a minimum grade of C. Kinetic theory of gases, statistical and classical thermodynamics, kinetics."
"Virginia Commonwealth University","Chemistry (Chemical Modeling)","CHEM320","Inorganic Chemistry I","3","3 lecture hours. 3 credits. Prerequisites: CHEM 101-102 with minimum grades of C. A systematic, unified study of the structures, properties, reactions and practical applications of inorganic compounds. CHEM 350. Guided Inquiry in Chemistry. 1.5 Hour. Semester course; 1.5 lecture hours. 1.5 credits. Prerequisites: CHEM 101-102 with minimum grades of B. Student facilitators lead recitation sections using guided inquiry, group-based activities. Introduces students to the principles of guided inquiry, active learning and collaborative learning in chemistry through practical, hands-on class work, discussions, readings and a final project. CHEM 351. Chemistry Preceptorship. 1.5 Hour. Semester course; 1.5 lecture hours. 1.5 credits. Course may be repeated once for a total of 3 credits. Prerequisites: completion of relevant course with minimum grade of C, completion of CHEM 350 with a grade of B and permission of course instructor and departmental chair. Student facilitators lead recitation sections or laboratories in chemistry courses. Responsibilities vary and may include, but are not limited to, attending all classes, holding weekly review sessions or office hours and/or routine grading. A weekly reflection journal and final project are required. CHEM 391. Topics in Chemistry. 1-4 Hours. Semester course; variable hours. Variable credit. Maximum of 4 credits per semester; maximum total of 6 credits for all chemistry topics courses may be applied to the major. Prerequisites: CHEM 101-102 and CHEZ 101, 102. A study of a selected topic in chemistry. See the Schedule of Classes for specific topics to be offered each semester. CHEM 392. Directed Study. 1-4 Hours. Semester course; 1-4 independent study hours. 1-4 credits. Prerequisites: CHEM 102, CHEZ 101 and CHEZ 102. The independent investigation of chemical problems through readings and experimentation under the supervision of a research adviser. Written interim and final reports are required."
"Virginia Commonwealth University","Chemistry (Chemical Modeling)","CHEM398","Professional Practices and Perspectives Seminar","1","1 lecture hour. 1 credit. Prerequisites: CHEM 102 and CHEZ 102, each with a minimum grade of C. Enrollment is restricted to chemistry majors with at least sophomore standing. Seminar course for students considering careers in chemistry-related fields, covering topics such as scientific professionalism and ethics and using chemical literature. CHEM 401. Applications of Instrumental Techniques in Organic and Forensic Chemistry. 4 Hours. Semester course; 3 lecture and 3 laboratory hours. 4 credits. Prerequisites: CHEM 302 and CHEZ 302. Theory and laboratory practice of instrumental and chemical methods applied to the analysis of organic compounds with emphasis on applications in forensic chemistry."
"Virginia Commonwealth University","Chemistry (Chemical Modeling)","CHEM499","Chemistry Capstone Experience","0","0 hours. 0 credits. Prerequisites: CHEZ 302, CHEZ 309, CHEM 398, and CHEM 313 or CHEM 314, each with a minimum grade of C; and CHEM 320 and CHEZ 313 or CHEZ 315. Enrollment is restricted to chemistry majors with 90 credit hours of undergraduate course work. Culminating course that requires two credits of advanced laboratory and three credits of advanced lecture. The following courses qualify as a capstone experience if taken concurrently with CHEM 499: any two- credit 400-level laboratory course or two credits of either CHEM 392 or CHEM 492; and any three-credit 400-level or 500-level chemistry lecture course. Graded as pass/fail. Chemistry Lab (CHEZ)"
"Virginia Commonwealth University","Chemistry (Chemical Modeling)","CHEZ313","Physical Chemistry Laboratory I","2","4 laboratory hours. 2 credits. Prerequisites: CHEZ 309; and UNIV 200 or HONR 200; each with a minimum grade of C. Corequisite: CHEM 313 or CHEM 314. Mathematical models of chemistry, including molecular structure, spectroscopy and kinetics. Report writing, laboratory notebook writing and statistical analysis of data are emphasized. A final project may be required. Students may receive credit toward graduation for only one of CHEZ 313 or CHEZ 315."
"Virginia Commonwealth University","Chemistry (Chemical Modeling)","CHEM510","ATOMIC AND MOLECULAR STRUCTURE","3","3 lecture hours. 3 credits. Prerequisites: MATH 301 and PHYS 208.  Survey of the pertinent aspects of quantum mechanics. Line spectra, atomic structure  and molecular bonding."
"Virginia Commonwealth University","Chemistry (Chemical Modeling)","CHEZ413","Advanced Physical Chemistry Laboratory","2","4 laboratory hours. 2 credits. Prerequisites: CHEM 313 or CHEM 314; and CHEZ 313, all with a minimum grade of C. Corequisite: CHEM 315. Atomic and molecular spectroscopy and structure. Report writing, laboratory notebook writing and statistical analysis of data are emphasized. A final project and presentation are required. 708 Undergraduate courses Chinese (CHIN)"
"Virginia Commonwealth University","Chemistry (Chemical Modeling)","CHEM101","General Chemistry I","3","3 lecture and 1 recitation hours. 3 credits. Prerequisites: MATH 139, MATH 141, MATH 151, MATH 200, MATH 201 or satisfactory score on the VCU mathematics placement test within the one-year period immediately preceding the beginning of the course; and CHEM 100 with a minimum grade of B or satisfactory score on the chemistry placement exam/assessment within the one-year period immediately preceding the beginning of the course. Fundamental principles and theories of chemistry."
"Virginia Commonwealth University","Chemistry (Chemical Modeling)","CHEZ101","General Chemistry Laboratory I","1","1 lecture and 2 laboratory hours. 1 credit. Pre- or corequisite: CHEM 101. Experimental work correlated with CHEM 101 with selected forensic science applications. Each student is charged for breakage incurred. Approved safety glasses are required. Failure to check out of laboratory upon withdrawal or for other reasons will incur a charge billed from the Student Accounting Department."
"Virginia Commonwealth University","Chemistry (Chemical Modeling)","CMSC255","Introduction to Programming","4","3 lecture and 2 laboratory hours. 4 credits. Prerequisite: calculus-level placement on the VCU Mathematics Placement Test within the one-year period immediately preceding enrollment in the course, or MATH 151 or equivalent. Students are expected to have fundamental computer skills. Introduction to object-oriented programming using Java. Topics include problem-solving, top-down design of algorithms using control structures, methods, arrays, basic I/O, basic concepts of objects and classes in Java, Java classes for manipulating strings, and introduction to program testing, UML notation and integrated development environments. Students may not receive credit for both CMSC 255 and INFO 250."
"Virginia Commonwealth University","Chemistry (Chemical Modeling)","HUMS202","Choices in a Consumer Society","1","1 lecture hour (delivered online). 1 credit. Corequisite: UNIV 111 or UNIV 112. Provides a framework for understanding the nature of choices made in a consumer society, with an emphasis on the financial consequences of those choices. Students will gain the practical knowledge needed to make informed personal financial decisions as they address immediate, short-term and long-term consumer choices. Administered primarily as a self-paced, computer-aided instructional course. HUMS 291. Special Topics in the Humanities and Sciences. 1-4 Hours. Semester course; 1-4 credits. May be repeated with different content. Specialized topics in the liberal arts and sciences designed to provide an overview of a topic not provided by an existing course or program. May be multidisciplinary. Graded as pass/fail or normal letter grading at the option of the instructor."
"Virginia Commonwealth University","Chemistry (Chemical Modeling)","MATH200","Calculus with Analytic Geometry I","4","4 lecture hours. 4 credits. Prerequisite: MATH 151 with a minimum grade of C or satisfactory score on the VCU Mathematics Placement Test within the one-year period immediately preceding the beginning of the course. Limits, continuity, derivatives, differentials, antiderivatives and definite integrals."
"Virginia Commonwealth University","Chemistry (Chemical Modeling)","MATH201","Calculus with Analytic Geometry II","4","4 lecture hours. 4 credits. Prerequisite: MATH 200 with a minimum grade of C. Applications of differentiation and integration. Selected topics in analytic geometry. Infinite series."
"Virginia Commonwealth University","Chemistry (Chemical Modeling)","MATH302","Numerical Calculus","3","3 lecture hours. 3 credits. Prerequisites: MATH 255 (or knowledge of a programming language/mathematical software package) and MATH 201, each with a minimum grade of C, or permission of the instructor. An introduction to numerical algorithms for solving systems of linear equations, finding zeroes, numerical differentiation and definite integration, optimization."
"Virginia Commonwealth University","Chemistry (Chemical Modeling)","MATH307","Multivariate Calculus","4","4 lecture hours. 4 credits. Prerequisite: MATH 201 with a minimum grade of C. The calculus of vector-valued functions and of functions of more than one variable. Partial derivatives, multiple integrals, line integrals, surface integrals and curvilinear coordinates. Lagrange multipliers; theorems of Green, Gauss and Stokes. Applications."
"Virginia Commonwealth University","Chemistry (Chemical Modeling)","MEDC541","SURVEY OF MOLECULAR MODELING METHODS","1","lecture and laboratory hour. 1 credit. Introduces computational  chemistry and molecular graphics with the current software used for drug design  and small molecule/large molecule interactions. Computational chemistry problems  will be emphasized in the laboratory."
"Virginia Commonwealth University","Chemistry (Chemical Modeling)","PHYS207","University Physics I","5","3 lecture, 1 recitation and 3 laboratory hours. 5 credits. Prerequisite: MATH 200 or permission of instructor. A vector- and calculus-based introduction to the fundamental concepts of mechanics, heat and wave motion."
"Virginia Commonwealth University","Chemistry (Chemical Modeling)","PHYS208","University Physics II","5","3 lecture, 1 recitation and 3 laboratory hours. 5 credits. Prerequisite: PHYS 207. Corequisite: MATH 201. A vector- and calculus- based introduction to the fundamentals of electricity, magnetism and optics."
"Virginia Commonwealth University","Chemistry (Chemical Modeling)","STAT210","Basic Practice of Statistics","3","3 lecture hours (delivered online, face-to-face or hybrid). 3 credits. Prerequisite: satisfactory score on the VCU Mathematics Placement Test within the one-year period immediately preceding the beginning of the course, or MATH 131, MATH 139, MATH 141, MATH 151, MATH 200 or MATH 201. Designed for students who will likely take another quantitative reasoning course for which statistics may be a prerequisite. Not open to mathematical sciences or computer science majors. Topics include examining distributions, examining relationships, producing data, sampling distributions and probability, introduction to inference. Students may receive credit toward graduation for only one of STAT 206, STAT 208, STAT 210, STAT 212, STAT 312 or SCMA 301."
"Virginia Commonwealth University","Chemistry (Professional Chemist)","CHEM101","General Chemistry I","3","3 lecture and 1 recitation hours. 3 credits. Prerequisites: MATH 139, MATH 141, MATH 151, MATH 200, MATH 201 or satisfactory score on the VCU mathematics placement test within the one-year period immediately preceding the beginning of the course; and CHEM 100 with a minimum grade of B or satisfactory score on the chemistry placement exam/assessment within the one-year period immediately preceding the beginning of the course. Fundamental principles and theories of chemistry."
"Virginia Commonwealth University","Chemistry (Professional Chemist)","CHEM102","General Chemistry II","3","3 lecture and 1 recitation hours. 3 credits. Prerequisites: MATH 151, MATH 200, MATH 201 or satisfactory score on the VCU Mathematics Placement Test within the one-year period immediately preceding the beginning of the course; and CHEM 101 with a minimum grade of C. Fundamental principles and theories of chemistry, including qualitative analysis."
"Virginia Commonwealth University","Chemistry (Professional Chemist)","CHEM301","Organic Chemistry","3","Continuous courses; 3 lecture hours. 3-3 credits. Prerequisite: CHEM 102 with a minimum grade of C. Prerequisite for CHEM 302: CHEM 301 with a minimum grade of C. A comprehensive survey of aliphatic and aromatic compounds with emphasis on their structure, properties, reactions, reaction mechanisms and stereochemistry."
"Virginia Commonwealth University","Chemistry (Professional Chemist)","CHEM302","Organic Chemistry","3","Continuous courses; 3 lecture hours. 3-3 credits. Prerequisite: CHEM 102 with a minimum grade of C. Prerequisite for CHEM 302: CHEM 301 with a minimum grade of C. A comprehensive survey of aliphatic and aromatic compounds with emphasis on their structure, properties, reactions, reaction mechanisms and stereochemistry."
"Virginia Commonwealth University","Chemistry (Professional Chemist)","CHEM309","Quantitative Analysis","3","3 lecture hours. 3 credits. Prerequisites: CHEM 102 with a minimum grade of C, and MATH 151. Theory and practice of gravimetric, volumetric and instrumental analysis techniques and treatment of multiple equilibria in aqueous solutions."
"Virginia Commonwealth University","Chemistry (Professional Chemist)","CHEM313","Physical Chemistry I","3","3 lecture hours. 3 credits. Prerequisites: MATH 201; MATH 307; PHYS 202 or PHYS 208; CHEM 302; and CHEM 309, all with a minimum grade of C. Quantum chemistry, atomic and molecular structure, spectroscopy. Students may receive credit toward graduation for only one of CHEM 313 or CHEM 314."
"Virginia Commonwealth University","Chemistry (Professional Chemist)","CHEM315","Physical Chemistry II","3","3 lecture hours. 3 credits. Prerequisite: CHEM 313 or CHEM 314 with a minimum grade of C. Kinetic theory of gases, statistical and classical thermodynamics, kinetics."
"Virginia Commonwealth University","Chemistry (Professional Chemist)","CHEM320","Inorganic Chemistry I","3","3 lecture hours. 3 credits. Prerequisites: CHEM 101-102 with minimum grades of C. A systematic, unified study of the structures, properties, reactions and practical applications of inorganic compounds. CHEM 350. Guided Inquiry in Chemistry. 1.5 Hour. Semester course; 1.5 lecture hours. 1.5 credits. Prerequisites: CHEM 101-102 with minimum grades of B. Student facilitators lead recitation sections using guided inquiry, group-based activities. Introduces students to the principles of guided inquiry, active learning and collaborative learning in chemistry through practical, hands-on class work, discussions, readings and a final project. CHEM 351. Chemistry Preceptorship. 1.5 Hour. Semester course; 1.5 lecture hours. 1.5 credits. Course may be repeated once for a total of 3 credits. Prerequisites: completion of relevant course with minimum grade of C, completion of CHEM 350 with a grade of B and permission of course instructor and departmental chair. Student facilitators lead recitation sections or laboratories in chemistry courses. Responsibilities vary and may include, but are not limited to, attending all classes, holding weekly review sessions or office hours and/or routine grading. A weekly reflection journal and final project are required. CHEM 391. Topics in Chemistry. 1-4 Hours. Semester course; variable hours. Variable credit. Maximum of 4 credits per semester; maximum total of 6 credits for all chemistry topics courses may be applied to the major. Prerequisites: CHEM 101-102 and CHEZ 101, 102. A study of a selected topic in chemistry. See the Schedule of Classes for specific topics to be offered each semester. CHEM 392. Directed Study. 1-4 Hours. Semester course; 1-4 independent study hours. 1-4 credits. Prerequisites: CHEM 102, CHEZ 101 and CHEZ 102. The independent investigation of chemical problems through readings and experimentation under the supervision of a research adviser. Written interim and final reports are required."
"Virginia Commonwealth University","Chemistry (Professional Chemist)","CHEM398","Professional Practices and Perspectives Seminar","1","1 lecture hour. 1 credit. Prerequisites: CHEM 102 and CHEZ 102, each with a minimum grade of C. Enrollment is restricted to chemistry majors with at least sophomore standing. Seminar course for students considering careers in chemistry-related fields, covering topics such as scientific professionalism and ethics and using chemical literature. CHEM 401. Applications of Instrumental Techniques in Organic and Forensic Chemistry. 4 Hours. Semester course; 3 lecture and 3 laboratory hours. 4 credits. Prerequisites: CHEM 302 and CHEZ 302. Theory and laboratory practice of instrumental and chemical methods applied to the analysis of organic compounds with emphasis on applications in forensic chemistry."
"Virginia Commonwealth University","Chemistry (Professional Chemist)","CHEM499","Chemistry Capstone Experience","0","0 hours. 0 credits. Prerequisites: CHEZ 302, CHEZ 309, CHEM 398, and CHEM 313 or CHEM 314, each with a minimum grade of C; and CHEM 320 and CHEZ 313 or CHEZ 315. Enrollment is restricted to chemistry majors with 90 credit hours of undergraduate course work. Culminating course that requires two credits of advanced laboratory and three credits of advanced lecture. The following courses qualify as a capstone experience if taken concurrently with CHEM 499: any two- credit 400-level laboratory course or two credits of either CHEM 392 or CHEM 492; and any three-credit 400-level or 500-level chemistry lecture course. Graded as pass/fail. Chemistry Lab (CHEZ)"
"Virginia Commonwealth University","Chemistry (Professional Chemist)","CHEZ101","General Chemistry Laboratory I","1","1 lecture and 2 laboratory hours. 1 credit. Pre- or corequisite: CHEM 101. Experimental work correlated with CHEM 101 with selected forensic science applications. Each student is charged for breakage incurred. Approved safety glasses are required. Failure to check out of laboratory upon withdrawal or for other reasons will incur a charge billed from the Student Accounting Department."
"Virginia Commonwealth University","Chemistry (Professional Chemist)","CHEZ102","General Chemistry Laboratory II","1","1 lecture and 2 laboratory hours. 1 credit. Prerequisites: CHEM 101 and CHEZ 101 with minimum grades of C. Pre- or corequisite: CHEM 102. Experimental work includes qualitative analysis with selected forensic science applications. Each student is charged for breakage incurred. Approved safety glasses are required. Failure to check out of laboratory upon withdrawal or for other reasons will incur a charge billed from the Student Accounting Department."
"Virginia Commonwealth University","Chemistry (Professional Chemist)","CHEZ301","Organic Chemistry Laboratory I","2","4 laboratory hours. 2 credits. Prerequisites: CHEM 102 and CHEZ 102 with minimum grades of C. Pre- or corequisite: CHEM 301. Experimental work correlated with CHEM 301. Each student is charged for breakage incurred. Approved safety glasses are required. Failure to check out of laboratory upon withdrawal or for other reasons will incur a charge billed from the Student Accounting Department."
"Virginia Commonwealth University","Chemistry (Professional Chemist)","CHEZ302","Organic Chemistry Laboratory II","2","4 laboratory hours. 2 credits. Prerequisites: CHEM 301 and CHEZ 301 with minimum grades of C. Pre- or corequisite: CHEM 302. Experimental work correlated with CHEM 302. Each student is charged for breakage incurred. Approved safety glasses are required. Failure to check out of laboratory upon withdrawal or for other reasons will incur a charge billed from the Student Accounting Department."
"Virginia Commonwealth University","Chemistry (Professional Chemist)","CHEZ309","Quantitative Analysis Laboratory","2","1 lecture and 3 laboratory hours. 2 credits. Prerequisites: CHEM 102 and CHEZ 102 with minimum grades of C. Pre- or corequisite: CHEM 309. Laboratory associated with quantitative analysis. Includes practice in volumetric and instrumental laboratory techniques as applied to measurement sciences."
"Virginia Commonwealth University","Chemistry (Professional Chemist)","CHEZ313","Physical Chemistry Laboratory I","2","4 laboratory hours. 2 credits. Prerequisites: CHEZ 309; and UNIV 200 or HONR 200; each with a minimum grade of C. Corequisite: CHEM 313 or CHEM 314. Mathematical models of chemistry, including molecular structure, spectroscopy and kinetics. Report writing, laboratory notebook writing and statistical analysis of data are emphasized. A final project may be required. Students may receive credit toward graduation for only one of CHEZ 313 or CHEZ 315."
"Virginia Commonwealth University","Chemistry (Professional Chemist)","CHEZ413","Advanced Physical Chemistry Laboratory","2","4 laboratory hours. 2 credits. Prerequisites: CHEM 313 or CHEM 314; and CHEZ 313, all with a minimum grade of C. Corequisite: CHEM 315. Atomic and molecular spectroscopy and structure. Report writing, laboratory notebook writing and statistical analysis of data are emphasized. A final project and presentation are required. 708 Undergraduate courses Chinese (CHIN)"
"Virginia Commonwealth University","Chemistry (Professional Chemist)","HUMS202","Choices in a Consumer Society","1","1 lecture hour (delivered online). 1 credit. Corequisite: UNIV 111 or UNIV 112. Provides a framework for understanding the nature of choices made in a consumer society, with an emphasis on the financial consequences of those choices. Students will gain the practical knowledge needed to make informed personal financial decisions as they address immediate, short-term and long-term consumer choices. Administered primarily as a self-paced, computer-aided instructional course. HUMS 291. Special Topics in the Humanities and Sciences. 1-4 Hours. Semester course; 1-4 credits. May be repeated with different content. Specialized topics in the liberal arts and sciences designed to provide an overview of a topic not provided by an existing course or program. May be multidisciplinary. Graded as pass/fail or normal letter grading at the option of the instructor."
"Virginia Commonwealth University","Chemistry (Professional Chemist)","MATH200","Calculus with Analytic Geometry I","4","4 lecture hours. 4 credits. Prerequisite: MATH 151 with a minimum grade of C or satisfactory score on the VCU Mathematics Placement Test within the one-year period immediately preceding the beginning of the course. Limits, continuity, derivatives, differentials, antiderivatives and definite integrals."
"Virginia Commonwealth University","Chemistry (Professional Chemist)","MATH201","Calculus with Analytic Geometry II","4","4 lecture hours. 4 credits. Prerequisite: MATH 200 with a minimum grade of C. Applications of differentiation and integration. Selected topics in analytic geometry. Infinite series."
"Virginia Commonwealth University","Chemistry (Professional Chemist)","MATH307","Multivariate Calculus","4","4 lecture hours. 4 credits. Prerequisite: MATH 201 with a minimum grade of C. The calculus of vector-valued functions and of functions of more than one variable. Partial derivatives, multiple integrals, line integrals, surface integrals and curvilinear coordinates. Lagrange multipliers; theorems of Green, Gauss and Stokes. Applications."
"Virginia Commonwealth University","Chemistry (Professional Chemist)","PHYS207","University Physics I","5","3 lecture, 1 recitation and 3 laboratory hours. 5 credits. Prerequisite: MATH 200 or permission of instructor. A vector- and calculus-based introduction to the fundamental concepts of mechanics, heat and wave motion."
"Virginia Commonwealth University","Chemistry (Professional Chemist)","PHYS208","University Physics II","5","3 lecture, 1 recitation and 3 laboratory hours. 5 credits. Prerequisite: PHYS 207. Corequisite: MATH 201. A vector- and calculus- based introduction to the fundamentals of electricity, magnetism and optics."
"Virginia Commonwealth University","Computer Engineering","CHEM101","General Chemistry I","3","3 lecture and 1 recitation hours. 3 credits. Prerequisites: MATH 139, MATH 141, MATH 151, MATH 200, MATH 201 or satisfactory score on the VCU mathematics placement test within the one-year period immediately preceding the beginning of the course; and CHEM 100 with a minimum grade of B or satisfactory score on the chemistry placement exam/assessment within the one-year period immediately preceding the beginning of the course. Fundamental principles and theories of chemistry."
"Virginia Commonwealth University","Computer Engineering","CHEZ101","General Chemistry Laboratory I","1","1 lecture and 2 laboratory hours. 1 credit. Pre- or corequisite: CHEM 101. Experimental work correlated with CHEM 101 with selected forensic science applications. Each student is charged for breakage incurred. Approved safety glasses are required. Failure to check out of laboratory upon withdrawal or for other reasons will incur a charge billed from the Student Accounting Department."
"Virginia Commonwealth University","Computer Engineering","CMSC312","Introduction to Operating Systems","3","3 lecture hours. 3 credits. Prerequisite: CMSC 311 or EGRE 364. Computer systems design, I/O processing, secondary memory organization, command languages, memory management and job scheduling. Students will work in teams to design and implement an operating system simulation."
"Virginia Commonwealth University","Computer Engineering","ECON205","The Economics of Product Development and Markets","3","3 lecture hours. 3 credits. An introduction to some of the fundamental economic concepts necessary to effectively operate in today's marketplace. Basic elements of microeconomics, net present value analysis and market strategy will be covered in class. The goal is to provide students with a better understanding of how to approach business problems and of proven problem-solving techniques. Intended for engineering students. Students may receive credit toward graduation for only one of the following three courses: ECON 203, ECON 205 or ECON 210."
"Virginia Commonwealth University","Computer Engineering","EGRE101","Introduction to Engineering","4","3 lecture and 3 laboratory hours. 4 credits. Course open to first-year students majoring in electrical or computer engineering. Introduction to engineering through instruction on basic concepts of engineering. Topics will include an introduction to basic circuit components and circuit analysis, digital logic design and programming. General topics important to all engineers will also be covered, such as mathematics, improving written and oral communication skills, teamwork, ethics and life-long learning. The laboratory introduces fundamental testing, measurement, troubleshooting methodology and proper laboratory notebook maintenance. Engineering design and analysis is also emphasized through a team-based design that involves designing, building and programming a robot."
"Virginia Commonwealth University","Computer Engineering","EGRE206","Electric Circuits","4","3 lecture and 3 laboratory hours. 4 credits. Prerequisites: MATH 200; and one of EGRE 101 or EGRB 102, or both EGMN 190 and EGMN 203, or both EGMN 102 and EGMN 190, as applicable per department, all with minimum grades of C. Corequisite: MATH 201. An introduction to electrical circuit theory and its application to practical direct and alternating current circuits. Topics include Kirchhoff's Laws (review from departmental prerequisites, as applicable), fundamental principles of network theorems, transient and steady- state response of RC, RL and RLC circuits by classical methods, time- domain and frequency-domain relationships, phasor analysis and power. Laboratory work, practical applications and integral laboratory demonstrations emphasize and illustrate the fundamentals presented in this course. 672 Undergraduate courses"
"Virginia Commonwealth University","Computer Engineering","EGRE207","Electric Circuits II","4","3 lecture and 3 laboratory hours. 4 credits. Prerequisite: EGRE 206, with a minimum grade of C. An introduction to higher level electric circuit theory, including the study of basic active components, such as diodes and operational amplifiers. Emphasis will be placed on design rather than analysis. The laboratory exercises will serve to train students in the art of designing a circuit to perform specific tasks and to conform to specific design parameters."
"Virginia Commonwealth University","Computer Engineering","EGRE245","Engineering Programming","4","3 lecture and 3 laboratory hours. 4 credits. Prerequisite: MATH 151 with a minimum grade of C. Enrollment restricted to electrical and computer engineering majors. Students are expected to have fundamental computer skills. Introduction to the concepts and practice of structured programming using C. Problem-solving, top-down design of algorithms, basic C syntax, control structures, functions, arrays, files and strings."
"Virginia Commonwealth University","Computer Engineering","EGRE246","Advanced Engineering Programming","3","2 lecture and 2 laboratory hours. 3 credits. Prerequisite: EGRE 245 with a minimum grade of C. Enrollment is restricted to electrical and computer engineering majors. Advanced programming for engineering applications in C. Topics include recursion, searching and sorting techniques, data structures, program design and problem solving, and software testing."
"Virginia Commonwealth University","Computer Engineering","EGRE254","Digital Logic Design","4","3 lecture and 3 laboratory hours. 4 credits. Prerequisites: EGRE 101 and EGRE 245 or equivalents, both with a minimum grade of C. An introduction to digital logic design with an emphasis on practical design techniques and circuit implementations. Topics include number representation in digital computers, Boolean algebra, theory of logic functions, mapping techniques and function minimization, design of combinational, clocked sequential and interactive digital circuits such as comparators, counters, pattern detectors, adders and subtractors. An introduction on designing digital circuits using schematic capture, logic simulation and hardware description languages is included. Students will use the above basic skills in the laboratory to design and fabricate digital logic circuits using discrete logic and field programmable gate arrays."
"Virginia Commonwealth University","Computer Engineering","EGRE306","Introduction to Microelectronics","4","3 lecture and 3 laboratory hours. 4 credits. Prerequisites: EGRE 207 and MATH 301, both with a minimum grade of C. This course covers the analysis, modeling and design of electrical circuits which contain electronic devices. Students will learn to design analog circuits to specifications through laboratory problems, a design project and circuit simulation."
"Virginia Commonwealth University","Computer Engineering","EGRE335","Signals and Systems","4","3 lecture and 3 laboratory hours. 4 credits. Prerequisites: EGRE 206, EGRE 245 and MATH 301, all with a minimum grade of C. Presents the concept of linear continuous-time and discrete- time signals and systems, their classification, and analysis and design using mathematical models. Topics to be covered: linear systems and their classification, differential and difference equations, convolution, Fourier series, Fourier transforms, the Laplace and Z transforms and their application, continuous-time to discrete-time conversion."
"Virginia Commonwealth University","Computer Engineering","EGRE337","Statistical Information Processing","3","3 lecture hours. 3 credits. Prerequisite: EGRE 335 with a minimum grade of C. This class presents an introduction to probability, random variables, random processes and statistics with applications in electrical and computer engineering."
"Virginia Commonwealth University","Computer Engineering","EGRE347","Applied Embedded Programming","3","2 lecture and 2 laboratory hours. 3 credits. Prerequisite: EGRE 246 with a minimum grade of C. Programming languages and techniques for engineering applications in embedded systems. Topics include object-oriented programming techniques, program development and testing on embedded systems, and interfacing embedded computer systems to physical components and sensors. Several different programming languages, programming tools and the use of standard libraries for applications such as data processing and security will be explored."
"Virginia Commonwealth University","Computer Engineering","EGRE364","Microcomputer Systems","4","3 lecture and 3 laboratory hours. 4 credits. Prerequisites: EGRE 246 and 254, both with a minimum grade of C. Basic computer organization, microprocessor instruction sets and architectures, assembly language programming and the function of computer memory and I/O subsystems will be discussed. The laboratory is designed to reinforce the lectures by providing the opportunity to study the workings of a simple computer system in detail using simulation models and real hardware. Students will write and execute assembly language programs and make use of commercial design automation tools."
"Virginia Commonwealth University","Computer Engineering","EGRE365","Digital Systems","4","3 lecture and 3 laboratory hours. 4 credits. Prerequisites: EGRE 246 and 254, both with a minimum grade of C. Corequisite: EGRE 364. Focuses on the design of modern digital systems. Topics covered include: introduction to modeling, simulation, synthesis and FPGA design techniques using VHDL; microprocessor peripherals and interfacing; embedded system hardware and software design issues."
"Virginia Commonwealth University","Computer Engineering","EGRE426","Computer Organization and Design","3","2 lecture and 3 laboratory hours. 3 credits. Prerequisite: EGRE 364 or CMSC 311 with a minimum grade of C. This course presents the foundation for computer design at the register transfer level. Starting from an instruction set architecture, students will learn the process used to design a data path and control unit to implement that instruction set. In addition, the topics of computer components and structures, data paths and control unit organizations, I/O and memory systems, interrupt systems, pipelining, and multiprocessing will be discussed. In addition to reinforcing the lecture material, the laboratory exercises will teach students the art of modeling and designing computer system components using a hardware description language. 674 Undergraduate courses"
"Virginia Commonwealth University","Computer Engineering","EGRE428","Introduction to Integrated Systems Design","2","1 lecture and 3 laboratory hours. 2 credits. Prerequisites: EGRE 364 and EGRE 365, both with a minimum grade of C. This course provides an introduction to senior capstone design for computer engineers. Topics include hardware/software project design methodologies, integrated hardware and software design tools, life cycle costs analysis and requirements and specification analysis. Students are also introduced to concepts and design tools for FPGA and system-on-a- chip devices. Lectures are intended to support tasks required to execute a successful senior capstone experience. These tasks include, but are not limited to, project configuration management, customer interaction skills, requirements elicitation, simulation, procurement, design, testing and validation."
"Virginia Commonwealth University","Computer Engineering","EGRE429","Advanced Digital Systems Design","2","1 lecture and 3 laboratory hours. 2 credits. Prerequisite: EGRE 428 with a minimum grade of C. This course provides students with theoretical and practical foundations for advanced embedded systems design and cyber physical system applications. It extends the concepts introduced in EGRE 428. Special emphasis is placed on the design of advanced embedded computing platforms for cyber physical system applications. Topics covered include: introduction to cyber physical systems; cyber physical systems theory; FPGA and system-on-a-chip design environments; designing, developing and implementing cyber physical systems using FPGA and system-on-a-chip technology; real- time computing and operating systems; real-time sensor networks; engineering design standards; and verification and validation of complex designs. In the laboratory the students will use state-of-the-art system development tools to design, construct, test and verify a system-on- a-chip-based system to meet appropriate engineering standards and multiple realistic system constraints."
"Virginia Commonwealth University","Computer Engineering","ENGR395","Professional Development","1","1 lecture and 1 workshop hour. 1 credit. Enrollment is restricted to majors in the School of Engineering. Professional development course to help prepare students to find a job and succeed in a professional environment, and specifically to work as an intern or in a cooperative education position. Topics covered include career paths; job searches; resume and cover letter writing; preparing for the interview; personal assessment of interests, values and strengths; networking; professional and ethical behavior on the job; overview of legal issues related to hiring, such as nondisclosure agreements and noncompete clauses; overview of personal finance management at the first job; workplace safety; and expectations and requirements for internships and cooperative education positions. 676 Undergraduate courses"
"Virginia Commonwealth University","Computer Engineering","ENGR402","Senior Design Studio (Seminar)","1","Continuous courses; 1 lecture hour. 1-1 credit. Prerequisites: senior standing and participation in a senior design (capstone) project; completion of ENGR 402 to enroll in ENGR 403. This weekly seminar presents and discusses topics relevant to senior-level engineering students in support of the capstone project and upcoming graduation. A single course coordinator manages and administers the course and schedules the various faculty lectures and guest speakers. Topics include, but are not limited to, the following: proposal writing, project planning and management, scheduling resources and budgeting for technical projects, patents and intellectual property, quality systems (six sigma, ISO standards, statistical process control), entrepreneurship, creativity and innovation and professional registration."
"Virginia Commonwealth University","Computer Engineering","ENGR403","Senior Design Studio (Seminar)","1","Continuous courses; 1 lecture hour. 1-1 credit. Prerequisites: senior standing and participation in a senior design (capstone) project; completion of ENGR 402 to enroll in ENGR 403. This weekly seminar presents and discusses topics relevant to senior-level engineering students in support of the capstone project and upcoming graduation. A single course coordinator manages and administers the course and schedules the various faculty lectures and guest speakers. Topics include, but are not limited to, the following: proposal writing, project planning and management, scheduling resources and budgeting for technical projects, patents and intellectual property, quality systems (six sigma, ISO standards, statistical process control), entrepreneurship, creativity and innovation and professional registration."
"Virginia Commonwealth University","Computer Engineering","MATH200","Calculus with Analytic Geometry I","4","4 lecture hours. 4 credits. Prerequisite: MATH 151 with a minimum grade of C or satisfactory score on the VCU Mathematics Placement Test within the one-year period immediately preceding the beginning of the course. Limits, continuity, derivatives, differentials, antiderivatives and definite integrals."
"Virginia Commonwealth University","Computer Engineering","MATH201","Calculus with Analytic Geometry II","4","4 lecture hours. 4 credits. Prerequisite: MATH 200 with a minimum grade of C. Applications of differentiation and integration. Selected topics in analytic geometry. Infinite series."
"Virginia Commonwealth University","Computer Engineering","MATH211","Mathematical Structures","3","3 lecture hours. 3 credits. Prerequisite: MATH 151, MATH 200, MATH 201 or BUSN 212* with a minimum grade of C, or calculus-level placement on the VCU Mathematics Placement Test within the one-year period immediately preceding enrollment in the course. An alternative prerequisite course may be approved at the discretion of the academic adviser. An introduction to mathematical logic and set theory, including applications in Boolean algebras and graph theory. *Previously MGMT 212, SCMA 212."
"Virginia Commonwealth University","Computer Engineering","MATH301","Differential Equations","3","3 lecture hours. 3 credits. Prerequisite: MATH 201 with a minimum grade of C. Solutions of ordinary differential equations of first order. Solutions of higher order linear differential equations with constant coefficients and variable coefficients by the methods of undetermined coefficients and variation of parameters, solutions by Laplace transforms and applications."
"Virginia Commonwealth University","Computer Engineering","PHIL201","Introduction to Ethics","3","3 lecture hours (delivered online, face-to-face or hybrid). 3 credits. Prerequisite: UNIV 112; or HONR 200 and one of ENGL 295 or HONR 250. An introduction to the main topics in moral philosophy. Includes a discussion of contemporary moral issues. Possible topics include the morality of abortion, animal rights, world hunger, pornography, capital punishment, sexual behavior, environmental ethics and reverse discrimination."
"Virginia Commonwealth University","Computer Engineering","PHYS207","University Physics I","5","3 lecture, 1 recitation and 3 laboratory hours. 5 credits. Prerequisite: MATH 200 or permission of instructor. A vector- and calculus-based introduction to the fundamental concepts of mechanics, heat and wave motion."
"Virginia Commonwealth University","Computer Engineering","PHYS208","University Physics II","5","3 lecture, 1 recitation and 3 laboratory hours. 5 credits. Prerequisite: PHYS 207. Corequisite: MATH 201. A vector- and calculus- based introduction to the fundamentals of electricity, magnetism and optics."
"Virginia Commonwealth University","Computer Engineering","SPCH321","Speech for Business and the Professions","3","3 lecture hours (delivered online or face-to-face). 3 credits. Theory and practice in the oral communication process. Organization and presentation of informative and persuasive subject matter in professional contexts related to the student's major area of interest. Students may receive credit toward graduation for only one of SPCH 121, SPCH 321 or BUSN 225. Theatre (THEA)"
"Virginia Commonwealth University","Computer Science","CMSC235","Computing and Data Ethics","3","3 lecture hours. 3 credits. Introduction to ethical considerations for computing and working with data, legal implications surrounding data and computational systems, and sociotechnical responsibilities."
"Virginia Commonwealth University","Computer Science","CMSC254","Introduction to Problem-solving","4","3 lecture and 2 laboratory hours. 4 credits. Introduction to problem solving and implementation of solutions using Python. The course introduces students to concepts and practice of structured programming, problem-solving, top-down design of algorithms, a Python language syntax, control structures and arrays. The course content also includes instruction in critical-thinking and problem-solving skills using contemporary tools. Specific topics include flowcharting, pseudocode and program control structures, including sequence, selection, repetition and modularization."
"Virginia Commonwealth University","Computer Science","CMSC255","Introduction to Programming","4","3 lecture and 2 laboratory hours. 4 credits. Prerequisite: calculus-level placement on the VCU Mathematics Placement Test within the one-year period immediately preceding enrollment in the course, or MATH 151 or equivalent. Students are expected to have fundamental computer skills. Introduction to object-oriented programming using Java. Topics include problem-solving, top-down design of algorithms using control structures, methods, arrays, basic I/O, basic concepts of objects and classes in Java, Java classes for manipulating strings, and introduction to program testing, UML notation and integrated development environments. Students may not receive credit for both CMSC 255 and INFO 250."
"Virginia Commonwealth University","Computer Science","CMSC256","Data Structures and Object Oriented Programming","4","3 lecture and 2 laboratory hours. 4 credits. Prerequisite: CMSC 255 with a minimum grade of C; corequisite: CMSC 302. Advanced programming using Java. Topics include introduction to object-oriented design, inheritance, polymorphism, exceptions, interfaces, linked lists, stacks, queues, binary trees, recursion, and basic searching and sorting techniques. Continued focus on program testing and UML notation. Students may not receive credit for both CMSC 256 and INFO 350."
"Virginia Commonwealth University","Computer Science","CMSC257","Computer Systems","4","3 lecture and 2 laboratory hours. 4 credits. Prerequisite: CMSC 256 with a minimum grade of C. Topics include UNIX essentials; system programming in C; machine-level representation and organization of programs/data, arrays and pointers; types, structs and unions; strings; bit/byte operations; memory management; shell programming; input/output, including file handling; debugging; signals; network programming using sockets; program concurrency using forks and threads; experiments on program performance and optimization techniques."
"Virginia Commonwealth University","Computer Science","CMSC302","Introduction to Discrete Structures","3","3 lecture hours. 3 credits. Prerequisite: CMSC 255 with minimum grade of C. Logic and proofs, sets, functions, sequences and sums, relations, graphs, trees, induction and recursion, advanced counting technique (recurrences)."
"Virginia Commonwealth University","Computer Science","CMSC303","Introduction to the Theory of Computation","3","3 lecture hours. 3 credits. Prerequisite: CMSC 302 or the equivalent with a grade of C or better. Complexity classes, grammars, automata, formal languages, Turing machines, computability."
"Virginia Commonwealth University","Computer Science","CMSC304","PROGRAMMING LANGUAGES","3","3 lecture hours. 3 credits. Prerequisite: CMSC 256  with a minimum grade of C. Survey of representative modern programming  languages. Formal definition of programming languages including specifications  of syntax and semantics. Precedence, infix, prefix and postfix notation.  Global properties of algorithmic languages. Sub-routines, co-routines and tasks.  List processing, string manipulation, data description and simulation languages.  Run-time representation of program and data structures."
"Virginia Commonwealth University","Computer Science","CMSC311","Computer Organization","3","3 lecture hours. 3 credits. Prerequisite: CMSC 302 with minimum grade of C; corequisite: CMSC 257. Introduction to the basic organization of computers including elementary digital logic design, processor and arithmetic/logic unit design, data paths, memory hierarchy, I/O devices, instruction set architecture and addressing modes."
"Virginia Commonwealth University","Computer Science","CMSC312","Introduction to Operating Systems","3","3 lecture hours. 3 credits. Prerequisite: CMSC 311 or EGRE 364. Computer systems design, I/O processing, secondary memory organization, command languages, memory management and job scheduling. Students will work in teams to design and implement an operating system simulation."
"Virginia Commonwealth University","Computer Science","CMSC355","Fundamentals of Software Engineering","3","3 lecture hours. 3 credits. Prerequisite: CMSC 256 or EGRE 246, either with a minimum grade of C. Provides an overview of how to engineer software systems, including all stages of the software development process based on agile principles. Familiarizes students with modern software tooling and the principles of software quality and testing. Students will work in teams to gain experience in software development methodology, write specification and design documents, and develop a prototype."
"Virginia Commonwealth University","Computer Science","CMSC401","Algorithm Analysis with Advanced Data Structures","3","3 lecture hours. 3 credits. Prerequisites: CMSC 256 with a grade of C or better and CMSC 302 with a grade of C or better. Introduction to algorithm analysis and complexity classes. Advanced data structures topics including multiple linked lists, height-balanced trees, B-trees, hashing and graph representation; incorporating data structures into object-oriented design. Analysis of various searching and sorting algorithms. Algorithm design topics include divide-and-conquer, dynamic programming and greedy methods."
"Virginia Commonwealth University","Computer Science","CMSC408","Databases","3","3 lecture hours. 3 credits. Prerequisite: CMSC 303.  Introduction to databases. Database design and the entity-relationship model.  Relational database design, normalization and decomposition. Relational  algebra. SQL. Data definition language. Data manipulation language.  Data query language. Queries, subqueries, functions, procedures, cursors,  views, triggers, indexes and transactions. Security, performance, and  scalability of databases. Database installation, configuration and  administration. MySQL and the web."
"Virginia Commonwealth University","Computer Science","CMSC440","Data Communication and Networking","3","3 lecture hours. 3 credits. Prerequisite: CMSC 257 with a minimum grade of C. Enrollment is restricted to majors in the College of Engineering. This course explores computer networking, focusing on the applications and protocols that run on the Internet. Students will take a top-down approach to the layered network architecture, studying applications first and then proceeding down the network “stack” toward the physical link. Students will examine the operation of applications such as the web, FTP , e-mail and DNS. At the transport layer, students will study both connectionless UDP and connection-oriented TCP , with an in- depth study of TCP operation, specifically flow control and congestion control. Data communications are explored through various data routing protocols. Additional topics include network security and wireless/mobile networking."
"Virginia Commonwealth University","Computer Science","CMSC441","Senior Design Studio I (Laboratory/Project Time)","2","6 laboratory hours. 2 credits. Prerequisites: CMSC 355; and UNIV 200 or HONR 200 or equivalent, both with minimum grades of C. Corequisite: CMSC 451. Enrollment is restricted to computer science majors with senior standing who have 24 credits in computer science courses. A minimum of six laboratory hours per week dedicated to the execution phase of the senior design (capstone) project for the computer science major. Tasks include team meetings, brainstorming, sponsor advising, researching, designing, implementing, reviewing, testing and validating projects. Each student will participate, either individually or as part of a team, in a project or other experience approved by the course coordinator or sponsored by another computer science faculty member. Students will submit a detailed written description of their proposed project or experience and will present orally some aspect of what they have learned and/or done during the semester. This course cannot be counted as upper-level CMSC electives for students graduating under bulletins prior to 2008-09."
"Virginia Commonwealth University","Computer Science","CMSC442","Senior Design Studio II (Laboratory/Project Time)","2","6 laboratory hours. 2 credits. Prerequisites: CMSC 441, CMSC 451 and CMSC 508, each with a minimum grade of C. Corequisite: CMSC 452. Enrollment is restricted to computer science majors with senior standing who have 24 credits in computer science courses. A minimum of six laboratory hours per week dedicated to the execution phase of the senior design (capstone) project for the computer science major. Tasks include team meetings, brainstorming, sponsor advising, researching, designing, implementing, reviewing, testing and validating projects. Each student will participate, either individually or as part of a team, in a project or other experience approved by the course coordinator or sponsored by another computer science faculty member. Students must continue on the same project that was started in CMSC 441 and CMSC 451. A final project report and presentation are due at the conclusion of the two-semester project or experience. This course cannot be counted as upper-level CMSC electives for students graduating under bulletins prior to 2008-09."
"Virginia Commonwealth University","Computer Science","CMSC451","Senior Project I","1","1 lecture hour. 1 credit. Prerequisites: CMSC 355 with minimum grade of C; and UNIV 200 or HONR 200 or equivalent. Corequisite: CMSC 441. Enrollment is restricted to computer science majors with senior standing who have 24 credits in computer science courses. This weekly seminar presents and discusses topics relevant to senior-level computer science students in support of the capstone project and upcoming graduation. A single course coordinator manages and administers the course and schedules the various faculty lectures and guest speakers. Topics include, but are not limited to, the following: proposal writing; project planning and management; scheduling resources and budgeting for software development projects; patents and intellectual property; entrepreneurship; ethical, legal and social issues in computing; and professional responsibilities of computer scientists. Each student will write and revise a research paper on a technical topic associated with his or her project or experience. A final project report and presentation, which will include a discussion of associated legal, social and/or ethical issues, are due at the conclusion of the two-semester project or experience. The courses in this sequence cannot be counted as upper-level CMSC electives for students graduating under bulletins prior to 2008-09."
"Virginia Commonwealth University","Computer Science","CMSC452","Senior Project II","1","1 lecture hour. 1 credit. Prerequisites: CMSC 441, CMSC 451 and CMSC 508, each with a minimum grade of C. Corequisite: CMSC 442. Enrollment is restricted to students with senior standing in the computer science department. This weekly seminar presents and discusses topics relevant to senior-level computer science students in support of the capstone project and upcoming graduation. A single course coordinator manages and administers the course and schedules the various faculty lectures and guest speakers. Topics include, but are not limited to, the following: proposal writing; project planning and management; scheduling resources and budgeting for software development projects; patents and intellectual property; entrepreneurship; ethical, legal and social issues in computing; and professional responsibilities of computer scientists. Each student will write and revise a research paper on a technical topic associated with his or her project or experience. Students must continue on the same project that was started in CMSC 451. A final project report and presentation, which will include a discussion of associated legal, social and/or ethical issues, are due at the conclusion of the two-semester project or experience. The courses in this sequence cannot be counted as upper-level CMSC electives for students graduating under bulletins prior to 2008-09."
"Virginia Commonwealth University","Computer Science","ECON205","The Economics of Product Development and Markets","3","3 lecture hours. 3 credits. An introduction to some of the fundamental economic concepts necessary to effectively operate in today's marketplace. Basic elements of microeconomics, net present value analysis and market strategy will be covered in class. The goal is to provide students with a better understanding of how to approach business problems and of proven problem-solving techniques. Intended for engineering students. Students may receive credit toward graduation for only one of the following three courses: ECON 203, ECON 205 or ECON 210."
"Virginia Commonwealth University","Computer Science","ENGR395","Professional Development","1","1 lecture and 1 workshop hour. 1 credit. Enrollment is restricted to majors in the School of Engineering. Professional development course to help prepare students to find a job and succeed in a professional environment, and specifically to work as an intern or in a cooperative education position. Topics covered include career paths; job searches; resume and cover letter writing; preparing for the interview; personal assessment of interests, values and strengths; networking; professional and ethical behavior on the job; overview of legal issues related to hiring, such as nondisclosure agreements and noncompete clauses; overview of personal finance management at the first job; workplace safety; and expectations and requirements for internships and cooperative education positions. 676 Undergraduate courses"
"Virginia Commonwealth University","Computer Science","MATH200","Calculus with Analytic Geometry I","4","4 lecture hours. 4 credits. Prerequisite: MATH 151 with a minimum grade of C or satisfactory score on the VCU Mathematics Placement Test within the one-year period immediately preceding the beginning of the course. Limits, continuity, derivatives, differentials, antiderivatives and definite integrals."
"Virginia Commonwealth University","Computer Science","MATH201","Calculus with Analytic Geometry II","4","4 lecture hours. 4 credits. Prerequisite: MATH 200 with a minimum grade of C. Applications of differentiation and integration. Selected topics in analytic geometry. Infinite series."
"Virginia Commonwealth University","Computer Science","STAT212","Concepts of Statistics","3","3 lecture hours. 3 credits. Prerequisite: satisfactory score on the VCU Mathematics Placement Test within the one-year period immediately preceding the beginning of the course, or MATH 151, MATH 200 or MATH 201. Introductory statistics course with an emphasis on descriptive statistics, correlation and regression, probability, normal distributions, t distributions, and statistical inference. Graphing calculators will be used extensively. A core course for mathematical sciences. Students may receive credit toward graduation for only one of STAT 206, STAT 208, STAT 210, STAT 212, STAT 312 or SCMA 301. STAT 291. Topics in Statistics. 1-3 Hours. Semester course; 1-3 lecture hours. 1-3 credits. A study of selected topics in statistics. Specific topics may fulfill general education requirements. See the Schedule of Classes for specific topics and prerequisites."
"Virginia Commonwealth University","Computer Science (Cybersecurity)","CMSC235","Computing and Data Ethics","3","3 lecture hours. 3 credits. Introduction to ethical considerations for computing and working with data, legal implications surrounding data and computational systems, and sociotechnical responsibilities."
"Virginia Commonwealth University","Computer Science (Cybersecurity)","CMSC254","Introduction to Problem-solving","4","3 lecture and 2 laboratory hours. 4 credits. Introduction to problem solving and implementation of solutions using Python. The course introduces students to concepts and practice of structured programming, problem-solving, top-down design of algorithms, a Python language syntax, control structures and arrays. The course content also includes instruction in critical-thinking and problem-solving skills using contemporary tools. Specific topics include flowcharting, pseudocode and program control structures, including sequence, selection, repetition and modularization."
"Virginia Commonwealth University","Computer Science (Cybersecurity)","CMSC255","Introduction to Programming","4","3 lecture and 2 laboratory hours. 4 credits. Prerequisite: calculus-level placement on the VCU Mathematics Placement Test within the one-year period immediately preceding enrollment in the course, or MATH 151 or equivalent. Students are expected to have fundamental computer skills. Introduction to object-oriented programming using Java. Topics include problem-solving, top-down design of algorithms using control structures, methods, arrays, basic I/O, basic concepts of objects and classes in Java, Java classes for manipulating strings, and introduction to program testing, UML notation and integrated development environments. Students may not receive credit for both CMSC 255 and INFO 250."
"Virginia Commonwealth University","Computer Science (Cybersecurity)","CMSC256","Data Structures and Object Oriented Programming","4","3 lecture and 2 laboratory hours. 4 credits. Prerequisite: CMSC 255 with a minimum grade of C; corequisite: CMSC 302. Advanced programming using Java. Topics include introduction to object-oriented design, inheritance, polymorphism, exceptions, interfaces, linked lists, stacks, queues, binary trees, recursion, and basic searching and sorting techniques. Continued focus on program testing and UML notation. Students may not receive credit for both CMSC 256 and INFO 350."
"Virginia Commonwealth University","Computer Science (Cybersecurity)","CMSC257","Computer Systems","4","3 lecture and 2 laboratory hours. 4 credits. Prerequisite: CMSC 256 with a minimum grade of C. Topics include UNIX essentials; system programming in C; machine-level representation and organization of programs/data, arrays and pointers; types, structs and unions; strings; bit/byte operations; memory management; shell programming; input/output, including file handling; debugging; signals; network programming using sockets; program concurrency using forks and threads; experiments on program performance and optimization techniques."
"Virginia Commonwealth University","Computer Science (Cybersecurity)","CMSC302","Introduction to Discrete Structures","3","3 lecture hours. 3 credits. Prerequisite: CMSC 255 with minimum grade of C. Logic and proofs, sets, functions, sequences and sums, relations, graphs, trees, induction and recursion, advanced counting technique (recurrences)."
"Virginia Commonwealth University","Computer Science (Cybersecurity)","CMSC303","Introduction to the Theory of Computation","3","3 lecture hours. 3 credits. Prerequisite: CMSC 302 or the equivalent with a grade of C or better. Complexity classes, grammars, automata, formal languages, Turing machines, computability."
"Virginia Commonwealth University","Computer Science (Cybersecurity)","CMSC304","PROGRAMMING LANGUAGES","3","3 lecture hours. 3 credits. Prerequisite: CMSC 256  with a minimum grade of C. Survey of representative modern programming  languages. Formal definition of programming languages including specifications  of syntax and semantics. Precedence, infix, prefix and postfix notation.  Global properties of algorithmic languages. Sub-routines, co-routines and tasks.  List processing, string manipulation, data description and simulation languages.  Run-time representation of program and data structures."
"Virginia Commonwealth University","Computer Science (Cybersecurity)","CMSC311","Computer Organization","3","3 lecture hours. 3 credits. Prerequisite: CMSC 302 with minimum grade of C; corequisite: CMSC 257. Introduction to the basic organization of computers including elementary digital logic design, processor and arithmetic/logic unit design, data paths, memory hierarchy, I/O devices, instruction set architecture and addressing modes."
"Virginia Commonwealth University","Computer Science (Cybersecurity)","CMSC312","Introduction to Operating Systems","3","3 lecture hours. 3 credits. Prerequisite: CMSC 311 or EGRE 364. Computer systems design, I/O processing, secondary memory organization, command languages, memory management and job scheduling. Students will work in teams to design and implement an operating system simulation."
"Virginia Commonwealth University","Computer Science (Cybersecurity)","CMSC355","Fundamentals of Software Engineering","3","3 lecture hours. 3 credits. Prerequisite: CMSC 256 or EGRE 246, either with a minimum grade of C. Provides an overview of how to engineer software systems, including all stages of the software development process based on agile principles. Familiarizes students with modern software tooling and the principles of software quality and testing. Students will work in teams to gain experience in software development methodology, write specification and design documents, and develop a prototype."
"Virginia Commonwealth University","Computer Science (Cybersecurity)","CMSC401","Algorithm Analysis with Advanced Data Structures","3","3 lecture hours. 3 credits. Prerequisites: CMSC 256 with a grade of C or better and CMSC 302 with a grade of C or better. Introduction to algorithm analysis and complexity classes. Advanced data structures topics including multiple linked lists, height-balanced trees, B-trees, hashing and graph representation; incorporating data structures into object-oriented design. Analysis of various searching and sorting algorithms. Algorithm design topics include divide-and-conquer, dynamic programming and greedy methods."
"Virginia Commonwealth University","Computer Science (Cybersecurity)","CMSC408","Databases","3","3 lecture hours. 3 credits. Prerequisite: CMSC 303.  Introduction to databases. Database design and the entity-relationship model.  Relational database design, normalization and decomposition. Relational  algebra. SQL. Data definition language. Data manipulation language.  Data query language. Queries, subqueries, functions, procedures, cursors,  views, triggers, indexes and transactions. Security, performance, and  scalability of databases. Database installation, configuration and  administration. MySQL and the web."
"Virginia Commonwealth University","Computer Science (Cybersecurity)","CMSC413","Introduction to Cybersecurity","3","3 lecture hours. 3 credits. Prerequisite: CMSC 401 with a minimum grade of C. This course provides introduction and basic concepts of computer security, cyber attacks, cyber defense, cyber forensics and cyber ethics. 670 Undergraduate courses"
"Virginia Commonwealth University","Computer Science (Cybersecurity)","CMSC414","Computer and Network Security","3","3 lecture hours. 3 credits. Prerequisite: CMSC 401 with a minimum grade of C. Corequisite: CMSC 312. This course covers the best practices of computer systems and network security. Key topics include security architecture, cryptographic systems and security management tools."
"Virginia Commonwealth University","Computer Science (Cybersecurity)","CMSC415","Introduction to Cryptography","3","3 lecture hours. 3 credits. Prerequisite: CMSC 401 with a minimum grade of C. This course provides a rigorous and theoretical introduction to modern cryptography. Key topics include symmetric key encryption and authentication, public key encryption, and digital signatures."
"Virginia Commonwealth University","Computer Science (Cybersecurity)","CMSC440","Data Communication and Networking","3","3 lecture hours. 3 credits. Prerequisite: CMSC 257 with a minimum grade of C. Enrollment is restricted to majors in the College of Engineering. This course explores computer networking, focusing on the applications and protocols that run on the Internet. Students will take a top-down approach to the layered network architecture, studying applications first and then proceeding down the network “stack” toward the physical link. Students will examine the operation of applications such as the web, FTP , e-mail and DNS. At the transport layer, students will study both connectionless UDP and connection-oriented TCP , with an in- depth study of TCP operation, specifically flow control and congestion control. Data communications are explored through various data routing protocols. Additional topics include network security and wireless/mobile networking."
"Virginia Commonwealth University","Computer Science (Cybersecurity)","CMSC441","Senior Design Studio I (Laboratory/Project Time)","2","6 laboratory hours. 2 credits. Prerequisites: CMSC 355; and UNIV 200 or HONR 200 or equivalent, both with minimum grades of C. Corequisite: CMSC 451. Enrollment is restricted to computer science majors with senior standing who have 24 credits in computer science courses. A minimum of six laboratory hours per week dedicated to the execution phase of the senior design (capstone) project for the computer science major. Tasks include team meetings, brainstorming, sponsor advising, researching, designing, implementing, reviewing, testing and validating projects. Each student will participate, either individually or as part of a team, in a project or other experience approved by the course coordinator or sponsored by another computer science faculty member. Students will submit a detailed written description of their proposed project or experience and will present orally some aspect of what they have learned and/or done during the semester. This course cannot be counted as upper-level CMSC electives for students graduating under bulletins prior to 2008-09."
"Virginia Commonwealth University","Computer Science (Cybersecurity)","CMSC442","Senior Design Studio II (Laboratory/Project Time)","2","6 laboratory hours. 2 credits. Prerequisites: CMSC 441, CMSC 451 and CMSC 508, each with a minimum grade of C. Corequisite: CMSC 452. Enrollment is restricted to computer science majors with senior standing who have 24 credits in computer science courses. A minimum of six laboratory hours per week dedicated to the execution phase of the senior design (capstone) project for the computer science major. Tasks include team meetings, brainstorming, sponsor advising, researching, designing, implementing, reviewing, testing and validating projects. Each student will participate, either individually or as part of a team, in a project or other experience approved by the course coordinator or sponsored by another computer science faculty member. Students must continue on the same project that was started in CMSC 441 and CMSC 451. A final project report and presentation are due at the conclusion of the two-semester project or experience. This course cannot be counted as upper-level CMSC electives for students graduating under bulletins prior to 2008-09."
"Virginia Commonwealth University","Computer Science (Cybersecurity)","CMSC451","Senior Project I","1","1 lecture hour. 1 credit. Prerequisites: CMSC 355 with minimum grade of C; and UNIV 200 or HONR 200 or equivalent. Corequisite: CMSC 441. Enrollment is restricted to computer science majors with senior standing who have 24 credits in computer science courses. This weekly seminar presents and discusses topics relevant to senior-level computer science students in support of the capstone project and upcoming graduation. A single course coordinator manages and administers the course and schedules the various faculty lectures and guest speakers. Topics include, but are not limited to, the following: proposal writing; project planning and management; scheduling resources and budgeting for software development projects; patents and intellectual property; entrepreneurship; ethical, legal and social issues in computing; and professional responsibilities of computer scientists. Each student will write and revise a research paper on a technical topic associated with his or her project or experience. A final project report and presentation, which will include a discussion of associated legal, social and/or ethical issues, are due at the conclusion of the two-semester project or experience. The courses in this sequence cannot be counted as upper-level CMSC electives for students graduating under bulletins prior to 2008-09."
"Virginia Commonwealth University","Computer Science (Cybersecurity)","CMSC452","Senior Project II","1","1 lecture hour. 1 credit. Prerequisites: CMSC 441, CMSC 451 and CMSC 508, each with a minimum grade of C. Corequisite: CMSC 442. Enrollment is restricted to students with senior standing in the computer science department. This weekly seminar presents and discusses topics relevant to senior-level computer science students in support of the capstone project and upcoming graduation. A single course coordinator manages and administers the course and schedules the various faculty lectures and guest speakers. Topics include, but are not limited to, the following: proposal writing; project planning and management; scheduling resources and budgeting for software development projects; patents and intellectual property; entrepreneurship; ethical, legal and social issues in computing; and professional responsibilities of computer scientists. Each student will write and revise a research paper on a technical topic associated with his or her project or experience. Students must continue on the same project that was started in CMSC 451. A final project report and presentation, which will include a discussion of associated legal, social and/or ethical issues, are due at the conclusion of the two-semester project or experience. The courses in this sequence cannot be counted as upper-level CMSC electives for students graduating under bulletins prior to 2008-09."
"Virginia Commonwealth University","Computer Science (Cybersecurity)","ECON205","The Economics of Product Development and Markets","3","3 lecture hours. 3 credits. An introduction to some of the fundamental economic concepts necessary to effectively operate in today's marketplace. Basic elements of microeconomics, net present value analysis and market strategy will be covered in class. The goal is to provide students with a better understanding of how to approach business problems and of proven problem-solving techniques. Intended for engineering students. Students may receive credit toward graduation for only one of the following three courses: ECON 203, ECON 205 or ECON 210."
"Virginia Commonwealth University","Computer Science (Cybersecurity)","ENGR395","Professional Development","1","1 lecture and 1 workshop hour. 1 credit. Enrollment is restricted to majors in the School of Engineering. Professional development course to help prepare students to find a job and succeed in a professional environment, and specifically to work as an intern or in a cooperative education position. Topics covered include career paths; job searches; resume and cover letter writing; preparing for the interview; personal assessment of interests, values and strengths; networking; professional and ethical behavior on the job; overview of legal issues related to hiring, such as nondisclosure agreements and noncompete clauses; overview of personal finance management at the first job; workplace safety; and expectations and requirements for internships and cooperative education positions. 676 Undergraduate courses"
"Virginia Commonwealth University","Computer Science (Cybersecurity)","MATH200","Calculus with Analytic Geometry I","4","4 lecture hours. 4 credits. Prerequisite: MATH 151 with a minimum grade of C or satisfactory score on the VCU Mathematics Placement Test within the one-year period immediately preceding the beginning of the course. Limits, continuity, derivatives, differentials, antiderivatives and definite integrals."
"Virginia Commonwealth University","Computer Science (Cybersecurity)","MATH201","Calculus with Analytic Geometry II","4","4 lecture hours. 4 credits. Prerequisite: MATH 200 with a minimum grade of C. Applications of differentiation and integration. Selected topics in analytic geometry. Infinite series."
"Virginia Commonwealth University","Computer Science (Cybersecurity)","STAT212","Concepts of Statistics","3","3 lecture hours. 3 credits. Prerequisite: satisfactory score on the VCU Mathematics Placement Test within the one-year period immediately preceding the beginning of the course, or MATH 151, MATH 200 or MATH 201. Introductory statistics course with an emphasis on descriptive statistics, correlation and regression, probability, normal distributions, t distributions, and statistical inference. Graphing calculators will be used extensively. A core course for mathematical sciences. Students may receive credit toward graduation for only one of STAT 206, STAT 208, STAT 210, STAT 212, STAT 312 or SCMA 301. STAT 291. Topics in Statistics. 1-3 Hours. Semester course; 1-3 lecture hours. 1-3 credits. A study of selected topics in statistics. Specific topics may fulfill general education requirements. See the Schedule of Classes for specific topics and prerequisites."
"Virginia Commonwealth University","Computer Science (Data Science)","CMSC235","Computing and Data Ethics","3","3 lecture hours. 3 credits. Introduction to ethical considerations for computing and working with data, legal implications surrounding data and computational systems, and sociotechnical responsibilities."
"Virginia Commonwealth University","Computer Science (Data Science)","CMSC254","Introduction to Problem-solving","4","3 lecture and 2 laboratory hours. 4 credits. Introduction to problem solving and implementation of solutions using Python. The course introduces students to concepts and practice of structured programming, problem-solving, top-down design of algorithms, a Python language syntax, control structures and arrays. The course content also includes instruction in critical-thinking and problem-solving skills using contemporary tools. Specific topics include flowcharting, pseudocode and program control structures, including sequence, selection, repetition and modularization."
"Virginia Commonwealth University","Computer Science (Data Science)","CMSC255","Introduction to Programming","4","3 lecture and 2 laboratory hours. 4 credits. Prerequisite: calculus-level placement on the VCU Mathematics Placement Test within the one-year period immediately preceding enrollment in the course, or MATH 151 or equivalent. Students are expected to have fundamental computer skills. Introduction to object-oriented programming using Java. Topics include problem-solving, top-down design of algorithms using control structures, methods, arrays, basic I/O, basic concepts of objects and classes in Java, Java classes for manipulating strings, and introduction to program testing, UML notation and integrated development environments. Students may not receive credit for both CMSC 255 and INFO 250."
"Virginia Commonwealth University","Computer Science (Data Science)","CMSC256","Data Structures and Object Oriented Programming","4","3 lecture and 2 laboratory hours. 4 credits. Prerequisite: CMSC 255 with a minimum grade of C; corequisite: CMSC 302. Advanced programming using Java. Topics include introduction to object-oriented design, inheritance, polymorphism, exceptions, interfaces, linked lists, stacks, queues, binary trees, recursion, and basic searching and sorting techniques. Continued focus on program testing and UML notation. Students may not receive credit for both CMSC 256 and INFO 350."
"Virginia Commonwealth University","Computer Science (Data Science)","CMSC257","Computer Systems","4","3 lecture and 2 laboratory hours. 4 credits. Prerequisite: CMSC 256 with a minimum grade of C. Topics include UNIX essentials; system programming in C; machine-level representation and organization of programs/data, arrays and pointers; types, structs and unions; strings; bit/byte operations; memory management; shell programming; input/output, including file handling; debugging; signals; network programming using sockets; program concurrency using forks and threads; experiments on program performance and optimization techniques."
"Virginia Commonwealth University","Computer Science (Data Science)","CMSC302","Introduction to Discrete Structures","3","3 lecture hours. 3 credits. Prerequisite: CMSC 255 with minimum grade of C. Logic and proofs, sets, functions, sequences and sums, relations, graphs, trees, induction and recursion, advanced counting technique (recurrences)."
"Virginia Commonwealth University","Computer Science (Data Science)","CMSC303","Introduction to the Theory of Computation","3","3 lecture hours. 3 credits. Prerequisite: CMSC 302 or the equivalent with a grade of C or better. Complexity classes, grammars, automata, formal languages, Turing machines, computability."
"Virginia Commonwealth University","Computer Science (Data Science)","CMSC304","PROGRAMMING LANGUAGES","3","3 lecture hours. 3 credits. Prerequisite: CMSC 256  with a minimum grade of C. Survey of representative modern programming  languages. Formal definition of programming languages including specifications  of syntax and semantics. Precedence, infix, prefix and postfix notation.  Global properties of algorithmic languages. Sub-routines, co-routines and tasks.  List processing, string manipulation, data description and simulation languages.  Run-time representation of program and data structures."
"Virginia Commonwealth University","Computer Science (Data Science)","CMSC311","Computer Organization","3","3 lecture hours. 3 credits. Prerequisite: CMSC 302 with minimum grade of C; corequisite: CMSC 257. Introduction to the basic organization of computers including elementary digital logic design, processor and arithmetic/logic unit design, data paths, memory hierarchy, I/O devices, instruction set architecture and addressing modes."
"Virginia Commonwealth University","Computer Science (Data Science)","CMSC312","Introduction to Operating Systems","3","3 lecture hours. 3 credits. Prerequisite: CMSC 311 or EGRE 364. Computer systems design, I/O processing, secondary memory organization, command languages, memory management and job scheduling. Students will work in teams to design and implement an operating system simulation."
"Virginia Commonwealth University","Computer Science (Data Science)","CMSC355","Fundamentals of Software Engineering","3","3 lecture hours. 3 credits. Prerequisite: CMSC 256 or EGRE 246, either with a minimum grade of C. Provides an overview of how to engineer software systems, including all stages of the software development process based on agile principles. Familiarizes students with modern software tooling and the principles of software quality and testing. Students will work in teams to gain experience in software development methodology, write specification and design documents, and develop a prototype."
"Virginia Commonwealth University","Computer Science (Data Science)","CMSC401","Algorithm Analysis with Advanced Data Structures","3","3 lecture hours. 3 credits. Prerequisites: CMSC 256 with a grade of C or better and CMSC 302 with a grade of C or better. Introduction to algorithm analysis and complexity classes. Advanced data structures topics including multiple linked lists, height-balanced trees, B-trees, hashing and graph representation; incorporating data structures into object-oriented design. Analysis of various searching and sorting algorithms. Algorithm design topics include divide-and-conquer, dynamic programming and greedy methods."
"Virginia Commonwealth University","Computer Science (Data Science)","CMSC408","Databases","3","3 lecture hours. 3 credits. Prerequisite: CMSC 303.  Introduction to databases. Database design and the entity-relationship model.  Relational database design, normalization and decomposition. Relational  algebra. SQL. Data definition language. Data manipulation language.  Data query language. Queries, subqueries, functions, procedures, cursors,  views, triggers, indexes and transactions. Security, performance, and  scalability of databases. Database installation, configuration and  administration. MySQL and the web."
"Virginia Commonwealth University","Computer Science (Data Science)","CMSC440","Data Communication and Networking","3","3 lecture hours. 3 credits. Prerequisite: CMSC 257 with a minimum grade of C. Enrollment is restricted to majors in the College of Engineering. This course explores computer networking, focusing on the applications and protocols that run on the Internet. Students will take a top-down approach to the layered network architecture, studying applications first and then proceeding down the network “stack” toward the physical link. Students will examine the operation of applications such as the web, FTP , e-mail and DNS. At the transport layer, students will study both connectionless UDP and connection-oriented TCP , with an in- depth study of TCP operation, specifically flow control and congestion control. Data communications are explored through various data routing protocols. Additional topics include network security and wireless/mobile networking."
"Virginia Commonwealth University","Computer Science (Data Science)","CMSC441","Senior Design Studio I (Laboratory/Project Time)","2","6 laboratory hours. 2 credits. Prerequisites: CMSC 355; and UNIV 200 or HONR 200 or equivalent, both with minimum grades of C. Corequisite: CMSC 451. Enrollment is restricted to computer science majors with senior standing who have 24 credits in computer science courses. A minimum of six laboratory hours per week dedicated to the execution phase of the senior design (capstone) project for the computer science major. Tasks include team meetings, brainstorming, sponsor advising, researching, designing, implementing, reviewing, testing and validating projects. Each student will participate, either individually or as part of a team, in a project or other experience approved by the course coordinator or sponsored by another computer science faculty member. Students will submit a detailed written description of their proposed project or experience and will present orally some aspect of what they have learned and/or done during the semester. This course cannot be counted as upper-level CMSC electives for students graduating under bulletins prior to 2008-09."
"Virginia Commonwealth University","Computer Science (Data Science)","CMSC442","Senior Design Studio II (Laboratory/Project Time)","2","6 laboratory hours. 2 credits. Prerequisites: CMSC 441, CMSC 451 and CMSC 508, each with a minimum grade of C. Corequisite: CMSC 452. Enrollment is restricted to computer science majors with senior standing who have 24 credits in computer science courses. A minimum of six laboratory hours per week dedicated to the execution phase of the senior design (capstone) project for the computer science major. Tasks include team meetings, brainstorming, sponsor advising, researching, designing, implementing, reviewing, testing and validating projects. Each student will participate, either individually or as part of a team, in a project or other experience approved by the course coordinator or sponsored by another computer science faculty member. Students must continue on the same project that was started in CMSC 441 and CMSC 451. A final project report and presentation are due at the conclusion of the two-semester project or experience. This course cannot be counted as upper-level CMSC electives for students graduating under bulletins prior to 2008-09."
"Virginia Commonwealth University","Computer Science (Data Science)","CMSC451","Senior Project I","1","1 lecture hour. 1 credit. Prerequisites: CMSC 355 with minimum grade of C; and UNIV 200 or HONR 200 or equivalent. Corequisite: CMSC 441. Enrollment is restricted to computer science majors with senior standing who have 24 credits in computer science courses. This weekly seminar presents and discusses topics relevant to senior-level computer science students in support of the capstone project and upcoming graduation. A single course coordinator manages and administers the course and schedules the various faculty lectures and guest speakers. Topics include, but are not limited to, the following: proposal writing; project planning and management; scheduling resources and budgeting for software development projects; patents and intellectual property; entrepreneurship; ethical, legal and social issues in computing; and professional responsibilities of computer scientists. Each student will write and revise a research paper on a technical topic associated with his or her project or experience. A final project report and presentation, which will include a discussion of associated legal, social and/or ethical issues, are due at the conclusion of the two-semester project or experience. The courses in this sequence cannot be counted as upper-level CMSC electives for students graduating under bulletins prior to 2008-09."
"Virginia Commonwealth University","Computer Science (Data Science)","CMSC452","Senior Project II","1","1 lecture hour. 1 credit. Prerequisites: CMSC 441, CMSC 451 and CMSC 508, each with a minimum grade of C. Corequisite: CMSC 442. Enrollment is restricted to students with senior standing in the computer science department. This weekly seminar presents and discusses topics relevant to senior-level computer science students in support of the capstone project and upcoming graduation. A single course coordinator manages and administers the course and schedules the various faculty lectures and guest speakers. Topics include, but are not limited to, the following: proposal writing; project planning and management; scheduling resources and budgeting for software development projects; patents and intellectual property; entrepreneurship; ethical, legal and social issues in computing; and professional responsibilities of computer scientists. Each student will write and revise a research paper on a technical topic associated with his or her project or experience. Students must continue on the same project that was started in CMSC 451. A final project report and presentation, which will include a discussion of associated legal, social and/or ethical issues, are due at the conclusion of the two-semester project or experience. The courses in this sequence cannot be counted as upper-level CMSC electives for students graduating under bulletins prior to 2008-09."
"Virginia Commonwealth University","Computer Science (Data Science)","ECON205","The Economics of Product Development and Markets","3","3 lecture hours. 3 credits. An introduction to some of the fundamental economic concepts necessary to effectively operate in today's marketplace. Basic elements of microeconomics, net present value analysis and market strategy will be covered in class. The goal is to provide students with a better understanding of how to approach business problems and of proven problem-solving techniques. Intended for engineering students. Students may receive credit toward graduation for only one of the following three courses: ECON 203, ECON 205 or ECON 210."
"Virginia Commonwealth University","Computer Science (Data Science)","ENGR395","Professional Development","1","1 lecture and 1 workshop hour. 1 credit. Enrollment is restricted to majors in the School of Engineering. Professional development course to help prepare students to find a job and succeed in a professional environment, and specifically to work as an intern or in a cooperative education position. Topics covered include career paths; job searches; resume and cover letter writing; preparing for the interview; personal assessment of interests, values and strengths; networking; professional and ethical behavior on the job; overview of legal issues related to hiring, such as nondisclosure agreements and noncompete clauses; overview of personal finance management at the first job; workplace safety; and expectations and requirements for internships and cooperative education positions. 676 Undergraduate courses"
"Virginia Commonwealth University","Computer Science (Data Science)","MATH200","Calculus with Analytic Geometry I","4","4 lecture hours. 4 credits. Prerequisite: MATH 151 with a minimum grade of C or satisfactory score on the VCU Mathematics Placement Test within the one-year period immediately preceding the beginning of the course. Limits, continuity, derivatives, differentials, antiderivatives and definite integrals."
"Virginia Commonwealth University","Computer Science (Data Science)","MATH201","Calculus with Analytic Geometry II","4","4 lecture hours. 4 credits. Prerequisite: MATH 200 with a minimum grade of C. Applications of differentiation and integration. Selected topics in analytic geometry. Infinite series."
"Virginia Commonwealth University","Computer Science (Data Science)","STAT212","Concepts of Statistics","3","3 lecture hours. 3 credits. Prerequisite: satisfactory score on the VCU Mathematics Placement Test within the one-year period immediately preceding the beginning of the course, or MATH 151, MATH 200 or MATH 201. Introductory statistics course with an emphasis on descriptive statistics, correlation and regression, probability, normal distributions, t distributions, and statistical inference. Graphing calculators will be used extensively. A core course for mathematical sciences. Students may receive credit toward graduation for only one of STAT 206, STAT 208, STAT 210, STAT 212, STAT 312 or SCMA 301. STAT 291. Topics in Statistics. 1-3 Hours. Semester course; 1-3 lecture hours. 1-3 credits. A study of selected topics in statistics. Specific topics may fulfill general education requirements. See the Schedule of Classes for specific topics and prerequisites."
"Virginia Commonwealth University","Computer Science (Software Engineering)","CMSC235","Computing and Data Ethics","3","3 lecture hours. 3 credits. Introduction to ethical considerations for computing and working with data, legal implications surrounding data and computational systems, and sociotechnical responsibilities."
"Virginia Commonwealth University","Computer Science (Software Engineering)","CMSC254","Introduction to Problem-solving","4","3 lecture and 2 laboratory hours. 4 credits. Introduction to problem solving and implementation of solutions using Python. The course introduces students to concepts and practice of structured programming, problem-solving, top-down design of algorithms, a Python language syntax, control structures and arrays. The course content also includes instruction in critical-thinking and problem-solving skills using contemporary tools. Specific topics include flowcharting, pseudocode and program control structures, including sequence, selection, repetition and modularization."
"Virginia Commonwealth University","Computer Science (Software Engineering)","CMSC255","Introduction to Programming","4","3 lecture and 2 laboratory hours. 4 credits. Prerequisite: calculus-level placement on the VCU Mathematics Placement Test within the one-year period immediately preceding enrollment in the course, or MATH 151 or equivalent. Students are expected to have fundamental computer skills. Introduction to object-oriented programming using Java. Topics include problem-solving, top-down design of algorithms using control structures, methods, arrays, basic I/O, basic concepts of objects and classes in Java, Java classes for manipulating strings, and introduction to program testing, UML notation and integrated development environments. Students may not receive credit for both CMSC 255 and INFO 250."
"Virginia Commonwealth University","Computer Science (Software Engineering)","CMSC256","Data Structures and Object Oriented Programming","4","3 lecture and 2 laboratory hours. 4 credits. Prerequisite: CMSC 255 with a minimum grade of C; corequisite: CMSC 302. Advanced programming using Java. Topics include introduction to object-oriented design, inheritance, polymorphism, exceptions, interfaces, linked lists, stacks, queues, binary trees, recursion, and basic searching and sorting techniques. Continued focus on program testing and UML notation. Students may not receive credit for both CMSC 256 and INFO 350."
"Virginia Commonwealth University","Computer Science (Software Engineering)","CMSC257","Computer Systems","4","3 lecture and 2 laboratory hours. 4 credits. Prerequisite: CMSC 256 with a minimum grade of C. Topics include UNIX essentials; system programming in C; machine-level representation and organization of programs/data, arrays and pointers; types, structs and unions; strings; bit/byte operations; memory management; shell programming; input/output, including file handling; debugging; signals; network programming using sockets; program concurrency using forks and threads; experiments on program performance and optimization techniques."
"Virginia Commonwealth University","Computer Science (Software Engineering)","CMSC302","Introduction to Discrete Structures","3","3 lecture hours. 3 credits. Prerequisite: CMSC 255 with minimum grade of C. Logic and proofs, sets, functions, sequences and sums, relations, graphs, trees, induction and recursion, advanced counting technique (recurrences)."
"Virginia Commonwealth University","Computer Science (Software Engineering)","CMSC303","Introduction to the Theory of Computation","3","3 lecture hours. 3 credits. Prerequisite: CMSC 302 or the equivalent with a grade of C or better. Complexity classes, grammars, automata, formal languages, Turing machines, computability."
"Virginia Commonwealth University","Computer Science (Software Engineering)","CMSC304","PROGRAMMING LANGUAGES","3","3 lecture hours. 3 credits. Prerequisite: CMSC 256  with a minimum grade of C. Survey of representative modern programming  languages. Formal definition of programming languages including specifications  of syntax and semantics. Precedence, infix, prefix and postfix notation.  Global properties of algorithmic languages. Sub-routines, co-routines and tasks.  List processing, string manipulation, data description and simulation languages.  Run-time representation of program and data structures."
"Virginia Commonwealth University","Computer Science (Software Engineering)","CMSC311","Computer Organization","3","3 lecture hours. 3 credits. Prerequisite: CMSC 302 with minimum grade of C; corequisite: CMSC 257. Introduction to the basic organization of computers including elementary digital logic design, processor and arithmetic/logic unit design, data paths, memory hierarchy, I/O devices, instruction set architecture and addressing modes."
"Virginia Commonwealth University","Computer Science (Software Engineering)","CMSC312","Introduction to Operating Systems","3","3 lecture hours. 3 credits. Prerequisite: CMSC 311 or EGRE 364. Computer systems design, I/O processing, secondary memory organization, command languages, memory management and job scheduling. Students will work in teams to design and implement an operating system simulation."
"Virginia Commonwealth University","Computer Science (Software Engineering)","CMSC355","Fundamentals of Software Engineering","3","3 lecture hours. 3 credits. Prerequisite: CMSC 256 or EGRE 246, either with a minimum grade of C. Provides an overview of how to engineer software systems, including all stages of the software development process based on agile principles. Familiarizes students with modern software tooling and the principles of software quality and testing. Students will work in teams to gain experience in software development methodology, write specification and design documents, and develop a prototype."
"Virginia Commonwealth University","Computer Science (Software Engineering)","CMSC401","Algorithm Analysis with Advanced Data Structures","3","3 lecture hours. 3 credits. Prerequisites: CMSC 256 with a grade of C or better and CMSC 302 with a grade of C or better. Introduction to algorithm analysis and complexity classes. Advanced data structures topics including multiple linked lists, height-balanced trees, B-trees, hashing and graph representation; incorporating data structures into object-oriented design. Analysis of various searching and sorting algorithms. Algorithm design topics include divide-and-conquer, dynamic programming and greedy methods."
"Virginia Commonwealth University","Computer Science (Software Engineering)","CMSC408","Databases","3","3 lecture hours. 3 credits. Prerequisite: CMSC 303.  Introduction to databases. Database design and the entity-relationship model.  Relational database design, normalization and decomposition. Relational  algebra. SQL. Data definition language. Data manipulation language.  Data query language. Queries, subqueries, functions, procedures, cursors,  views, triggers, indexes and transactions. Security, performance, and  scalability of databases. Database installation, configuration and  administration. MySQL and the web."
"Virginia Commonwealth University","Computer Science (Software Engineering)","CMSC440","Data Communication and Networking","3","3 lecture hours. 3 credits. Prerequisite: CMSC 257 with a minimum grade of C. Enrollment is restricted to majors in the College of Engineering. This course explores computer networking, focusing on the applications and protocols that run on the Internet. Students will take a top-down approach to the layered network architecture, studying applications first and then proceeding down the network “stack” toward the physical link. Students will examine the operation of applications such as the web, FTP , e-mail and DNS. At the transport layer, students will study both connectionless UDP and connection-oriented TCP , with an in- depth study of TCP operation, specifically flow control and congestion control. Data communications are explored through various data routing protocols. Additional topics include network security and wireless/mobile networking."
"Virginia Commonwealth University","Computer Science (Software Engineering)","CMSC441","Senior Design Studio I (Laboratory/Project Time)","2","6 laboratory hours. 2 credits. Prerequisites: CMSC 355; and UNIV 200 or HONR 200 or equivalent, both with minimum grades of C. Corequisite: CMSC 451. Enrollment is restricted to computer science majors with senior standing who have 24 credits in computer science courses. A minimum of six laboratory hours per week dedicated to the execution phase of the senior design (capstone) project for the computer science major. Tasks include team meetings, brainstorming, sponsor advising, researching, designing, implementing, reviewing, testing and validating projects. Each student will participate, either individually or as part of a team, in a project or other experience approved by the course coordinator or sponsored by another computer science faculty member. Students will submit a detailed written description of their proposed project or experience and will present orally some aspect of what they have learned and/or done during the semester. This course cannot be counted as upper-level CMSC electives for students graduating under bulletins prior to 2008-09."
"Virginia Commonwealth University","Computer Science (Software Engineering)","CMSC442","Senior Design Studio II (Laboratory/Project Time)","2","6 laboratory hours. 2 credits. Prerequisites: CMSC 441, CMSC 451 and CMSC 508, each with a minimum grade of C. Corequisite: CMSC 452. Enrollment is restricted to computer science majors with senior standing who have 24 credits in computer science courses. A minimum of six laboratory hours per week dedicated to the execution phase of the senior design (capstone) project for the computer science major. Tasks include team meetings, brainstorming, sponsor advising, researching, designing, implementing, reviewing, testing and validating projects. Each student will participate, either individually or as part of a team, in a project or other experience approved by the course coordinator or sponsored by another computer science faculty member. Students must continue on the same project that was started in CMSC 441 and CMSC 451. A final project report and presentation are due at the conclusion of the two-semester project or experience. This course cannot be counted as upper-level CMSC electives for students graduating under bulletins prior to 2008-09."
"Virginia Commonwealth University","Computer Science (Software Engineering)","CMSC451","Senior Project I","1","1 lecture hour. 1 credit. Prerequisites: CMSC 355 with minimum grade of C; and UNIV 200 or HONR 200 or equivalent. Corequisite: CMSC 441. Enrollment is restricted to computer science majors with senior standing who have 24 credits in computer science courses. This weekly seminar presents and discusses topics relevant to senior-level computer science students in support of the capstone project and upcoming graduation. A single course coordinator manages and administers the course and schedules the various faculty lectures and guest speakers. Topics include, but are not limited to, the following: proposal writing; project planning and management; scheduling resources and budgeting for software development projects; patents and intellectual property; entrepreneurship; ethical, legal and social issues in computing; and professional responsibilities of computer scientists. Each student will write and revise a research paper on a technical topic associated with his or her project or experience. A final project report and presentation, which will include a discussion of associated legal, social and/or ethical issues, are due at the conclusion of the two-semester project or experience. The courses in this sequence cannot be counted as upper-level CMSC electives for students graduating under bulletins prior to 2008-09."
"Virginia Commonwealth University","Computer Science (Software Engineering)","CMSC452","Senior Project II","1","1 lecture hour. 1 credit. Prerequisites: CMSC 441, CMSC 451 and CMSC 508, each with a minimum grade of C. Corequisite: CMSC 442. Enrollment is restricted to students with senior standing in the computer science department. This weekly seminar presents and discusses topics relevant to senior-level computer science students in support of the capstone project and upcoming graduation. A single course coordinator manages and administers the course and schedules the various faculty lectures and guest speakers. Topics include, but are not limited to, the following: proposal writing; project planning and management; scheduling resources and budgeting for software development projects; patents and intellectual property; entrepreneurship; ethical, legal and social issues in computing; and professional responsibilities of computer scientists. Each student will write and revise a research paper on a technical topic associated with his or her project or experience. Students must continue on the same project that was started in CMSC 451. A final project report and presentation, which will include a discussion of associated legal, social and/or ethical issues, are due at the conclusion of the two-semester project or experience. The courses in this sequence cannot be counted as upper-level CMSC electives for students graduating under bulletins prior to 2008-09."
"Virginia Commonwealth University","Computer Science (Software Engineering)","ECON205","The Economics of Product Development and Markets","3","3 lecture hours. 3 credits. An introduction to some of the fundamental economic concepts necessary to effectively operate in today's marketplace. Basic elements of microeconomics, net present value analysis and market strategy will be covered in class. The goal is to provide students with a better understanding of how to approach business problems and of proven problem-solving techniques. Intended for engineering students. Students may receive credit toward graduation for only one of the following three courses: ECON 203, ECON 205 or ECON 210."
"Virginia Commonwealth University","Computer Science (Software Engineering)","ENGR395","Professional Development","1","1 lecture and 1 workshop hour. 1 credit. Enrollment is restricted to majors in the School of Engineering. Professional development course to help prepare students to find a job and succeed in a professional environment, and specifically to work as an intern or in a cooperative education position. Topics covered include career paths; job searches; resume and cover letter writing; preparing for the interview; personal assessment of interests, values and strengths; networking; professional and ethical behavior on the job; overview of legal issues related to hiring, such as nondisclosure agreements and noncompete clauses; overview of personal finance management at the first job; workplace safety; and expectations and requirements for internships and cooperative education positions. 676 Undergraduate courses"
"Virginia Commonwealth University","Computer Science (Software Engineering)","MATH200","Calculus with Analytic Geometry I","4","4 lecture hours. 4 credits. Prerequisite: MATH 151 with a minimum grade of C or satisfactory score on the VCU Mathematics Placement Test within the one-year period immediately preceding the beginning of the course. Limits, continuity, derivatives, differentials, antiderivatives and definite integrals."
"Virginia Commonwealth University","Computer Science (Software Engineering)","MATH201","Calculus with Analytic Geometry II","4","4 lecture hours. 4 credits. Prerequisite: MATH 200 with a minimum grade of C. Applications of differentiation and integration. Selected topics in analytic geometry. Infinite series."
"Virginia Commonwealth University","Computer Science (Software Engineering)","STAT212","Concepts of Statistics","3","3 lecture hours. 3 credits. Prerequisite: satisfactory score on the VCU Mathematics Placement Test within the one-year period immediately preceding the beginning of the course, or MATH 151, MATH 200 or MATH 201. Introductory statistics course with an emphasis on descriptive statistics, correlation and regression, probability, normal distributions, t distributions, and statistical inference. Graphing calculators will be used extensively. A core course for mathematical sciences. Students may receive credit toward graduation for only one of STAT 206, STAT 208, STAT 210, STAT 212, STAT 312 or SCMA 301. STAT 291. Topics in Statistics. 1-3 Hours. Semester course; 1-3 lecture hours. 1-3 credits. A study of selected topics in statistics. Specific topics may fulfill general education requirements. See the Schedule of Classes for specific topics and prerequisites."
"Virginia Commonwealth University","Electrical Engineering","CHEM101","General Chemistry I","3","3 lecture and 1 recitation hours. 3 credits. Prerequisites: MATH 139, MATH 141, MATH 151, MATH 200, MATH 201 or satisfactory score on the VCU mathematics placement test within the one-year period immediately preceding the beginning of the course; and CHEM 100 with a minimum grade of B or satisfactory score on the chemistry placement exam/assessment within the one-year period immediately preceding the beginning of the course. Fundamental principles and theories of chemistry."
"Virginia Commonwealth University","Electrical Engineering","CHEZ101","General Chemistry Laboratory I","1","1 lecture and 2 laboratory hours. 1 credit. Pre- or corequisite: CHEM 101. Experimental work correlated with CHEM 101 with selected forensic science applications. Each student is charged for breakage incurred. Approved safety glasses are required. Failure to check out of laboratory upon withdrawal or for other reasons will incur a charge billed from the Student Accounting Department."
"Virginia Commonwealth University","Electrical Engineering","ECON205","The Economics of Product Development and Markets","3","3 lecture hours. 3 credits. An introduction to some of the fundamental economic concepts necessary to effectively operate in today's marketplace. Basic elements of microeconomics, net present value analysis and market strategy will be covered in class. The goal is to provide students with a better understanding of how to approach business problems and of proven problem-solving techniques. Intended for engineering students. Students may receive credit toward graduation for only one of the following three courses: ECON 203, ECON 205 or ECON 210."
"Virginia Commonwealth University","Electrical Engineering","EGRE101","Introduction to Engineering","4","3 lecture and 3 laboratory hours. 4 credits. Course open to first-year students majoring in electrical or computer engineering. Introduction to engineering through instruction on basic concepts of engineering. Topics will include an introduction to basic circuit components and circuit analysis, digital logic design and programming. General topics important to all engineers will also be covered, such as mathematics, improving written and oral communication skills, teamwork, ethics and life-long learning. The laboratory introduces fundamental testing, measurement, troubleshooting methodology and proper laboratory notebook maintenance. Engineering design and analysis is also emphasized through a team-based design that involves designing, building and programming a robot."
"Virginia Commonwealth University","Electrical Engineering","EGRE206","Electric Circuits","4","3 lecture and 3 laboratory hours. 4 credits. Prerequisites: MATH 200; and one of EGRE 101 or EGRB 102, or both EGMN 190 and EGMN 203, or both EGMN 102 and EGMN 190, as applicable per department, all with minimum grades of C. Corequisite: MATH 201. An introduction to electrical circuit theory and its application to practical direct and alternating current circuits. Topics include Kirchhoff's Laws (review from departmental prerequisites, as applicable), fundamental principles of network theorems, transient and steady- state response of RC, RL and RLC circuits by classical methods, time- domain and frequency-domain relationships, phasor analysis and power. Laboratory work, practical applications and integral laboratory demonstrations emphasize and illustrate the fundamentals presented in this course. 672 Undergraduate courses"
"Virginia Commonwealth University","Electrical Engineering","EGRE207","Electric Circuits II","4","3 lecture and 3 laboratory hours. 4 credits. Prerequisite: EGRE 206, with a minimum grade of C. An introduction to higher level electric circuit theory, including the study of basic active components, such as diodes and operational amplifiers. Emphasis will be placed on design rather than analysis. The laboratory exercises will serve to train students in the art of designing a circuit to perform specific tasks and to conform to specific design parameters."
"Virginia Commonwealth University","Electrical Engineering","EGRE245","Engineering Programming","4","3 lecture and 3 laboratory hours. 4 credits. Prerequisite: MATH 151 with a minimum grade of C. Enrollment restricted to electrical and computer engineering majors. Students are expected to have fundamental computer skills. Introduction to the concepts and practice of structured programming using C. Problem-solving, top-down design of algorithms, basic C syntax, control structures, functions, arrays, files and strings."
"Virginia Commonwealth University","Electrical Engineering","EGRE246","Advanced Engineering Programming","3","2 lecture and 2 laboratory hours. 3 credits. Prerequisite: EGRE 245 with a minimum grade of C. Enrollment is restricted to electrical and computer engineering majors. Advanced programming for engineering applications in C. Topics include recursion, searching and sorting techniques, data structures, program design and problem solving, and software testing."
"Virginia Commonwealth University","Electrical Engineering","EGRE254","Digital Logic Design","4","3 lecture and 3 laboratory hours. 4 credits. Prerequisites: EGRE 101 and EGRE 245 or equivalents, both with a minimum grade of C. An introduction to digital logic design with an emphasis on practical design techniques and circuit implementations. Topics include number representation in digital computers, Boolean algebra, theory of logic functions, mapping techniques and function minimization, design of combinational, clocked sequential and interactive digital circuits such as comparators, counters, pattern detectors, adders and subtractors. An introduction on designing digital circuits using schematic capture, logic simulation and hardware description languages is included. Students will use the above basic skills in the laboratory to design and fabricate digital logic circuits using discrete logic and field programmable gate arrays."
"Virginia Commonwealth University","Electrical Engineering","EGRE303","Electronic Devices","3","2 lecture and 3 laboratory hours. 3 credits. Prerequisites: EGRE 306 and MATH 301, both with a minimum grade of C. An introduction to solid state electronic devices covering the fundamentals of atomic structure, band theory, free carrier statistics and charge transport in solids as well as terminal electrical characteristics of semiconductor devices. The course covers basic device physics of p- n junctions, metal-semiconductor junctions, metal-oxide semiconductor capacitors and transistors, light-emitting and -detecting devices, and materials and device characterization methods, including four-probe, Hall effect, I-V, C-V, and carrier lifetime, and optical spectroscopy."
"Virginia Commonwealth University","Electrical Engineering","EGRE306","Introduction to Microelectronics","4","3 lecture and 3 laboratory hours. 4 credits. Prerequisites: EGRE 207 and MATH 301, both with a minimum grade of C. This course covers the analysis, modeling and design of electrical circuits which contain electronic devices. Students will learn to design analog circuits to specifications through laboratory problems, a design project and circuit simulation."
"Virginia Commonwealth University","Electrical Engineering","EGRE309","Introduction to Electromagnetic Fields","3","2 lecture and 3 laboratory hours. 3 credits. Prerequisites: EGRE 207, MATH 301, MATH 307 and PHYS 208, all with a minimum grade of C. This course provides an introduction to the concept of electromagnetic fields. Topics include electrostatics, magnetostatics, scalar and vector potentials, and work and energy in fields, as well as the analysis and understanding of the phenomena associated with static electric and magnetic fields. Laboratory exercises will serve to reinforce students’ understanding of fields and train them in methods to measure, quantify and analyze electromagnetic phenomena."
"Virginia Commonwealth University","Electrical Engineering","EGRE310","Electromagnetic Fields and Waves","3","2 lecture and 3 laboratory hours. 3 credits. Prerequisite: EGRE 309 with a minimum grade of C. This course covers the fundamentals of time-varying electromagnetic fields. Topics include electromagnetic induction, Maxwell’s equations, wave propagation, guided waves, transmission lines and antennas. Laboratory exercises will serve to reinforce students’ understanding of time-varying fields and waves and train them in methods to measure, quantify and analyze dynamic electromagnetic phenomena."
"Virginia Commonwealth University","Electrical Engineering","EGRE335","Signals and Systems","4","3 lecture and 3 laboratory hours. 4 credits. Prerequisites: EGRE 206, EGRE 245 and MATH 301, all with a minimum grade of C. Presents the concept of linear continuous-time and discrete- time signals and systems, their classification, and analysis and design using mathematical models. Topics to be covered: linear systems and their classification, differential and difference equations, convolution, Fourier series, Fourier transforms, the Laplace and Z transforms and their application, continuous-time to discrete-time conversion."
"Virginia Commonwealth University","Electrical Engineering","EGRE336","Introduction to Communication Systems","3","3 lecture hours. 3 credits. Prerequisite: EGRE 337 with a minimum grade of C. Introduction to the theory and application of analog and digital communications including signal analysis, baseband transmission, amplitude and angle modulation, digital modulation, baseband digital communication, and design considerations."
"Virginia Commonwealth University","Electrical Engineering","EGRE337","Statistical Information Processing","3","3 lecture hours. 3 credits. Prerequisite: EGRE 335 with a minimum grade of C. This class presents an introduction to probability, random variables, random processes and statistics with applications in electrical and computer engineering."
"Virginia Commonwealth University","Electrical Engineering","EGRE364","Microcomputer Systems","4","3 lecture and 3 laboratory hours. 4 credits. Prerequisites: EGRE 246 and 254, both with a minimum grade of C. Basic computer organization, microprocessor instruction sets and architectures, assembly language programming and the function of computer memory and I/O subsystems will be discussed. The laboratory is designed to reinforce the lectures by providing the opportunity to study the workings of a simple computer system in detail using simulation models and real hardware. Students will write and execute assembly language programs and make use of commercial design automation tools."
"Virginia Commonwealth University","Electrical Engineering","ENGR395","Professional Development","1","1 lecture and 1 workshop hour. 1 credit. Enrollment is restricted to majors in the School of Engineering. Professional development course to help prepare students to find a job and succeed in a professional environment, and specifically to work as an intern or in a cooperative education position. Topics covered include career paths; job searches; resume and cover letter writing; preparing for the interview; personal assessment of interests, values and strengths; networking; professional and ethical behavior on the job; overview of legal issues related to hiring, such as nondisclosure agreements and noncompete clauses; overview of personal finance management at the first job; workplace safety; and expectations and requirements for internships and cooperative education positions. 676 Undergraduate courses"
"Virginia Commonwealth University","Electrical Engineering","ENGR402","Senior Design Studio (Seminar)","1","Continuous courses; 1 lecture hour. 1-1 credit. Prerequisites: senior standing and participation in a senior design (capstone) project; completion of ENGR 402 to enroll in ENGR 403. This weekly seminar presents and discusses topics relevant to senior-level engineering students in support of the capstone project and upcoming graduation. A single course coordinator manages and administers the course and schedules the various faculty lectures and guest speakers. Topics include, but are not limited to, the following: proposal writing, project planning and management, scheduling resources and budgeting for technical projects, patents and intellectual property, quality systems (six sigma, ISO standards, statistical process control), entrepreneurship, creativity and innovation and professional registration."
"Virginia Commonwealth University","Electrical Engineering","ENGR403","Senior Design Studio (Seminar)","1","Continuous courses; 1 lecture hour. 1-1 credit. Prerequisites: senior standing and participation in a senior design (capstone) project; completion of ENGR 402 to enroll in ENGR 403. This weekly seminar presents and discusses topics relevant to senior-level engineering students in support of the capstone project and upcoming graduation. A single course coordinator manages and administers the course and schedules the various faculty lectures and guest speakers. Topics include, but are not limited to, the following: proposal writing, project planning and management, scheduling resources and budgeting for technical projects, patents and intellectual property, quality systems (six sigma, ISO standards, statistical process control), entrepreneurship, creativity and innovation and professional registration."
"Virginia Commonwealth University","Electrical Engineering","MATH200","Calculus with Analytic Geometry I","4","4 lecture hours. 4 credits. Prerequisite: MATH 151 with a minimum grade of C or satisfactory score on the VCU Mathematics Placement Test within the one-year period immediately preceding the beginning of the course. Limits, continuity, derivatives, differentials, antiderivatives and definite integrals."
"Virginia Commonwealth University","Electrical Engineering","MATH201","Calculus with Analytic Geometry II","4","4 lecture hours. 4 credits. Prerequisite: MATH 200 with a minimum grade of C. Applications of differentiation and integration. Selected topics in analytic geometry. Infinite series."
"Virginia Commonwealth University","Electrical Engineering","MATH301","Differential Equations","3","3 lecture hours. 3 credits. Prerequisite: MATH 201 with a minimum grade of C. Solutions of ordinary differential equations of first order. Solutions of higher order linear differential equations with constant coefficients and variable coefficients by the methods of undetermined coefficients and variation of parameters, solutions by Laplace transforms and applications."
"Virginia Commonwealth University","Electrical Engineering","MATH307","Multivariate Calculus","4","4 lecture hours. 4 credits. Prerequisite: MATH 201 with a minimum grade of C. The calculus of vector-valued functions and of functions of more than one variable. Partial derivatives, multiple integrals, line integrals, surface integrals and curvilinear coordinates. Lagrange multipliers; theorems of Green, Gauss and Stokes. Applications."
"Virginia Commonwealth University","Electrical Engineering","PHIL201","Introduction to Ethics","3","3 lecture hours (delivered online, face-to-face or hybrid). 3 credits. Prerequisite: UNIV 112; or HONR 200 and one of ENGL 295 or HONR 250. An introduction to the main topics in moral philosophy. Includes a discussion of contemporary moral issues. Possible topics include the morality of abortion, animal rights, world hunger, pornography, capital punishment, sexual behavior, environmental ethics and reverse discrimination."
"Virginia Commonwealth University","Electrical Engineering","PHYS207","University Physics I","5","3 lecture, 1 recitation and 3 laboratory hours. 5 credits. Prerequisite: MATH 200 or permission of instructor. A vector- and calculus-based introduction to the fundamental concepts of mechanics, heat and wave motion."
"Virginia Commonwealth University","Electrical Engineering","PHYS208","University Physics II","5","3 lecture, 1 recitation and 3 laboratory hours. 5 credits. Prerequisite: PHYS 207. Corequisite: MATH 201. A vector- and calculus- based introduction to the fundamentals of electricity, magnetism and optics."
"Virginia Commonwealth University","Electrical Engineering","SPCH321","Speech for Business and the Professions","3","3 lecture hours (delivered online or face-to-face). 3 credits. Theory and practice in the oral communication process. Organization and presentation of informative and persuasive subject matter in professional contexts related to the student's major area of interest. Students may receive credit toward graduation for only one of SPCH 121, SPCH 321 or BUSN 225. Theatre (THEA)"
"Virginia Commonwealth University","Environmental Studies","BIOL151","Introduction to Biological Sciences I","3","3 lecture hours. 3 credits. Prerequisites: MATH 139, MATH 141, MATH 151, MATH 200, MATH 201 or a satisfactory score on the math placement exam; and CHEM 100 with a minimum grade of B, CHEM 101 with a minimum grade of C or a satisfactory score on the chemistry placement exam. Introduction to core biological concepts including cell structure, cellular metabolism, cell division, DNA replication, gene expression and genetics. Designed for biology majors."
"Virginia Commonwealth University","Environmental Studies","BIOL152","Introduction to Biological Sciences II","3","3 lecture hours. 3 credits. Prerequisites: BIOL 151 and CHEM 101, both with a minimum grade of C. Focuses on evolutionary principles, the role of natural selection in the evolution of life forms, taxonomy and phylogenies, biological diversity in the context of form and function of organisms, and and basic principles of ecology. Designed for biology majors."
"Virginia Commonwealth University","Environmental Studies","BIOL317","Ecology","3","3 lecture hours. 3 credits. Prerequisites: BIOL 151 and 152; BIOZ 151 or LFSC/BNFO 251; BIOZ 152 or LFSC/BNFO 252; CHEM 101 and CHEZ 101, all with a minimum grade of C; BIOL 200, MATH 200, MATH 201, STAT 210, STAT 212 or STAT 314. Biology majors must have completed BIOL 200. An introduction to the basic principles of ecology, including interactions among organisms and influences of the physical environment."
"Virginia Commonwealth University","Environmental Studies","BIOZ151","Introduction to Biological Science Laboratory I","1","3 laboratory hours. 1 credit. Prerequisite: MATH 139, MATH 141, MATH 151, MATH 200, MATH 201 or a satisfactory score on the math placement exam; and CHEM 100 with a minimum grade of B, CHEM 101 with a minimum grade of C or a satisfactory score on the chemistry placement exam. Pre- or corequisite: BIOL 151. Laboratory investigation of cellular metabolism, genetics and molecular biology, with an emphasis on formation and testing of hypotheses. Laboratory exercises will elaborate themes discussed in BIOL 151. "
"Virginia Commonwealth University","Environmental Studies","BIOZ152","Introduction to Biological Science Laboratory II","1","3 laboratory hours. 1 credit. Prerequisites: BIOL 151, BIOZ 151 and CHEM 101, each with a minimum grade of C. Pre- or corequisite: BIOL 152. Laboratory investigation of evolutionary concepts, evolution of organisms, biological diversity and ecology, with an emphasis on formation and testing of hypotheses. Laboratory exercises will elaborate themes discussed in BIOL 152."
"Virginia Commonwealth University","Environmental Studies","CHEM101","General Chemistry I","3","3 lecture and 1 recitation hours. 3 credits. Prerequisites: MATH 139, MATH 141, MATH 151, MATH 200, MATH 201 or satisfactory score on the VCU mathematics placement test within the one-year period immediately preceding the beginning of the course; and CHEM 100 with a minimum grade of B or satisfactory score on the chemistry placement exam/assessment within the one-year period immediately preceding the beginning of the course. Fundamental principles and theories of chemistry."
"Virginia Commonwealth University","Environmental Studies","CHEM102","General Chemistry II","3","3 lecture and 1 recitation hours. 3 credits. Prerequisites: MATH 151, MATH 200, MATH 201 or satisfactory score on the VCU Mathematics Placement Test within the one-year period immediately preceding the beginning of the course; and CHEM 101 with a minimum grade of C. Fundamental principles and theories of chemistry, including qualitative analysis."
"Virginia Commonwealth University","Environmental Studies","CHEZ101","General Chemistry Laboratory I","1","1 lecture and 2 laboratory hours. 1 credit. Pre- or corequisite: CHEM 101. Experimental work correlated with CHEM 101 with selected forensic science applications. Each student is charged for breakage incurred. Approved safety glasses are required. Failure to check out of laboratory upon withdrawal or for other reasons will incur a charge billed from the Student Accounting Department."
"Virginia Commonwealth University","Environmental Studies","CHEZ102","General Chemistry Laboratory II","1","1 lecture and 2 laboratory hours. 1 credit. Prerequisites: CHEM 101 and CHEZ 101 with minimum grades of C. Pre- or corequisite: CHEM 102. Experimental work includes qualitative analysis with selected forensic science applications. Each student is charged for breakage incurred. Approved safety glasses are required. Failure to check out of laboratory upon withdrawal or for other reasons will incur a charge billed from the Student Accounting Department."
"Virginia Commonwealth University","Environmental Studies","ECON325","Environmental Economics","3","3 lecture hours. 3 credits. This course is restricted to students who have completed at least 54 credit hours (junior standing). The application of economic analysis to externalities such as air and water pollution, pesticide control, land use planning and other environmental issues. The role of cost/benefit analysis in the decision- making process is developed. Efficiency and equity issues are evaluated. 842 Undergraduate courses"
"Virginia Commonwealth University","Environmental Studies","ENVS101","Introduction to Environmental Studies I","3","3 lecture hours. 3 credits. Enrollment is restricted to environmental studies majors. Study of contemporary issues related to environmental studies including sustainability, biological conservation, global change and an overview of the core earth systems."
"Virginia Commonwealth University","Environmental Studies","ENVS102","Introduction to Environmental Studies II","3","3 lecture hours. 3 credits. Prerequisite: ENVS 101 or permission of instructor. Enrollment is restricted to environmental studies majors. Studies of contemporary issues related to government policy and environmental issues at local to international scales. 886 Undergraduate courses"
"Virginia Commonwealth University","Environmental Studies","ENVS105","Physical Geology","3","3 lecture hours. 3 credits. A descriptive approach to physical geology dealing with the history and structure of the earth, catastrophic events and geology as it relates to the contemporary environment. An optional laboratory, ENVZ 105, may be taken with this course."
"Virginia Commonwealth University","Environmental Studies","ENVS222","Electronic Portfolios","1","1 lecture hour (delivered online). 1 credit. This online course will guide individuals in developing an electronic portfolio consisting of student-curated collections of specific academic work, bibliographic information and a curriculum vitae used throughout their academic career. Graded as pass/fail."
"Virginia Commonwealth University","Environmental Studies","ENVS311","Politics of the Environment","3","3 lecture hours. 3 credits. An exploration of the current controversy about environmental politics and the issues and crises it centers on. Special attention will be given to the constitutional, political and geographical factors in the development of environmental policy and the organized effort to deal with governmental actions and inaction and its impact on policy outcomes. Crosslisted as: POLI 311. ENVS 314. Human-Environment Interactions: Foundations and Applications. 3 Hours. Semester course; 3 lecture hours. 3 credits. A comparative study of the ecology and natural history of human populations, including the environments as determining factors in the evolution of human institutions and technology, resources management, and population crises; cultural traditions as mechanisms of population control; basic theory of population biology. Crosslisted as: INTL 314."
"Virginia Commonwealth University","Environmental Studies","ENVS321","Cartography","3","3 lecture hours. 3 credits. Prerequisite: MATH 131, STAT 208, or higher level MATH or STAT course. This course provides an introduction to the art and science behind the presentation of spatial information using maps and charts. Students will develop visual thinking and communication skills while applying cartographic theory to address contemporary practical problems. Students must have a laptop able to run ArcGIS Online."
"Virginia Commonwealth University","Environmental Studies","ENVS330","Environmental Pollution","3","3 lecture hours. 3 credits. Prerequisites: BIOL 151 and BIOL 152. The study of pollution in the environment with emphasis on the procedures for detection and abatement."
"Virginia Commonwealth University","Environmental Studies","ENVS343","Data Literacy","4","4 lecture hours. 4 credits. Prerequisites: ENVS 102 and STAT 210. This course takes a hands-on, collaborative approach for students to develop proficiency in the application of data management skills, static and dynamic data visualization, and quantitative analyses of environmental and geospatial datasets. Students will be required to bring their own laptop and analyses and visualization will be performed using the R statistical programming language."
"Virginia Commonwealth University","Environmental Studies","ENVS355","Water","3","3 lecture hours. 3 credits. Prerequisite: BIOL 317 or ENVS 330 or permission of instructor. The course takes an ecosystem approach to understanding the functioning of streams, rivers, lakes, estuaries and oceans. The course complements curricula in biology and environmental studies and is specifically geared toward students with an interest in the water resources profession."
"Virginia Commonwealth University","Environmental Studies","ENVS401","Meteorology and Climatology","3","3 lecture hours. Prerequisite: PHYS 201 or PHYS 207. A basic, semiquantitative course in the elements of weather and climate, their driving forces and their spatial and temporal distribution and variability. Atmospheric motions and circulation, weather forecasting, human impact on weather and climate."
"Virginia Commonwealth University","Environmental Studies","ENVS499","Environmental Studies Capstone Experience","0","variable hours. 0 credits. Corequisite: ENVS 490, ENVS 491 (when topics implement core competencies required for a capstone experience and are approved by the director of the Center for Environmental Studies), ENVS 492 or ENVS 493. Enrollment restricted to students who have completed 90 hours of undergraduate course work. Any of the corequisite courses qualify as a capstone experience if taken with this course. Graded as pass/fail. Environmental Studies Lab (ENVZ)"
"Virginia Commonwealth University","Environmental Studies","MATH151","Precalculus Mathematics","4","3 lecture and 1 mathematics laboratory/recitation hours. 4 credits. Prerequisite: MATH 139 or MATH 141 with a minimum grade of C, or satisfactory score on the VCU Mathematics Placement Test within the one-year period immediately preceding the beginning of the course. An exception to this policy is made in the case where the stated alternative prerequisite course has been completed at VCU. Concepts and applications of algebra and trigonometry. Topics include graphics, transformations and inverses of functions; linear, exponential, logarithmic, power, polynomial, rational and trigonometric functions.  MATH 191. Topics in Mathematics. 1-3 Hours. Semester course; 1-3 credits. May be repeated for credit. A study of selected topics in mathematics. For a course to meet the general education requirements it must be stated in the Schedule of Classes. See the Schedule of Classes for specific topics to be offered each semester and prerequisites."
"Virginia Commonwealth University","Environmental Studies","PHYS201","General Physics I","4","3 lecture and 3 laboratory hours. 4 credits. Prerequisite: MATH 151. Designed primarily for life-science majors. Basic concepts of motion, waves and heat. Not applicable toward the physics major."
"Virginia Commonwealth University","Forensic Science (Biology)","BIOL151","Introduction to Biological Sciences I","3","3 lecture hours. 3 credits. Prerequisites: MATH 139, MATH 141, MATH 151, MATH 200, MATH 201 or a satisfactory score on the math placement exam; and CHEM 100 with a minimum grade of B, CHEM 101 with a minimum grade of C or a satisfactory score on the chemistry placement exam. Introduction to core biological concepts including cell structure, cellular metabolism, cell division, DNA replication, gene expression and genetics. Designed for biology majors."
"Virginia Commonwealth University","Forensic Science (Biology)","BIOL152","Introduction to Biological Sciences II","3","3 lecture hours. 3 credits. Prerequisites: BIOL 151 and CHEM 101, both with a minimum grade of C. Focuses on evolutionary principles, the role of natural selection in the evolution of life forms, taxonomy and phylogenies, biological diversity in the context of form and function of organisms, and and basic principles of ecology. Designed for biology majors."
"Virginia Commonwealth University","Forensic Science (Biology)","BIOL300","Cellular and Molecular Biology","3","3 lecture hours. 3 credits. Prerequisites: BIOL 151 and 152; BIOZ 151 or LFSC/BNFO 251; BIOZ 152 or LFSC/BNFO 252; CHEM 101 and CHEZ 101, all with a minimum grade of C; BIOL 200, MATH 200, MATH 201, STAT 210, STAT 212 or STAT 314. Biology majors must have completed BIOL 200. Pre- or corequisites: CHEM 102 and CHEZ 102. A study of the molecular biology of the cell as it relates to gene expression, cell signaling, and cell growth and differentiation."
"Virginia Commonwealth University","Forensic Science (Biology)","BIOL310","Genetics","3","3 lecture hours. 3 credits. Prerequisites: BIOL 151 and 152; BIOZ 151 or LFSC/BNFO 251; BIOZ 152 or LFSC/BNFO 252; BIOL 300; CHEM 101; and CHEZ 101, each with a minimum grade of C; and BIOL 200, MATH 200, MATH 201, STAT 210, STAT 212 or STAT 314. Biology majors must have completed BIOL 200. Pre- or corequisites: CHEM 102 and CHEZ 102. The basic principles of molecular and applied genetics of plants, animals and microorganisms."
"Virginia Commonwealth University","Forensic Science (Biology)","BIOL438","Forensic Molecular Biology","3","3 lecture hours. 3 credits. Prerequisite: BIOL 310 with a minimum grade of C. Provides an understanding of molecular biology testing methodologies as applied to analysis of forensic samples. Current topics in forensic DNA analysis will include quality assurance, DNA databanking, contemporary research and population genetics. Crosslisted as: FRSC 438."
"Virginia Commonwealth University","Forensic Science (Biology)","BIOL438","Forensic Molecular Biology","3","3 lecture hours. 3 credits. Prerequisite: BIOL 310 with a minimum grade of C. Provides an understanding of molecular biology testing methodologies as applied to analysis of forensic samples. Current topics in forensic DNA analysis will include quality assurance, DNA databanking, contemporary research and population genetics. Crosslisted as: FRSC 438."
"Virginia Commonwealth University","Forensic Science (Biology)","BIOZ151","Introduction to Biological Science Laboratory I","1","3 laboratory hours. 1 credit. Prerequisite: MATH 139, MATH 141, MATH 151, MATH 200, MATH 201 or a satisfactory score on the math placement exam; and CHEM 100 with a minimum grade of B, CHEM 101 with a minimum grade of C or a satisfactory score on the chemistry placement exam. Pre- or corequisite: BIOL 151. Laboratory investigation of cellular metabolism, genetics and molecular biology, with an emphasis on formation and testing of hypotheses. Laboratory exercises will elaborate themes discussed in BIOL 151. "
"Virginia Commonwealth University","Forensic Science (Biology)","BIOZ152","Introduction to Biological Science Laboratory II","1","3 laboratory hours. 1 credit. Prerequisites: BIOL 151, BIOZ 151 and CHEM 101, each with a minimum grade of C. Pre- or corequisite: BIOL 152. Laboratory investigation of evolutionary concepts, evolution of organisms, biological diversity and ecology, with an emphasis on formation and testing of hypotheses. Laboratory exercises will elaborate themes discussed in BIOL 152."
"Virginia Commonwealth University","Forensic Science (Biology)","BIOZ476","Molecular Capstone Laboratory","2","1 lecture and 3 laboratory hours. 2 credits. Prerequisites: BIOL 300 and BIOL 310, each with a minimum grade of C; and 90 credit hours of undergraduate course work. Application of basic methods used in cellular and molecular biology to the investigation of topics of current biological interest. Emphasis on experimental design, data collection and analysis, communication skills, critical thinking, and ethical and social responsibility. BIOZ 491. Topics in Biology Laboratory. 1-4 Hours. Semester course; variable hours. Variable credit. Prerequisites: BIOL 300 with a minimum grade of C. Laboratory investigations in a selected topic of biology. See the Schedule of Classes for specific topics to be offered each semester and prerequisites."
"Virginia Commonwealth University","Forensic Science (Biology)","CHEM101","General Chemistry I","3","3 lecture and 1 recitation hours. 3 credits. Prerequisites: MATH 139, MATH 141, MATH 151, MATH 200, MATH 201 or satisfactory score on the VCU mathematics placement test within the one-year period immediately preceding the beginning of the course; and CHEM 100 with a minimum grade of B or satisfactory score on the chemistry placement exam/assessment within the one-year period immediately preceding the beginning of the course. Fundamental principles and theories of chemistry."
"Virginia Commonwealth University","Forensic Science (Biology)","CHEM102","General Chemistry II","3","3 lecture and 1 recitation hours. 3 credits. Prerequisites: MATH 151, MATH 200, MATH 201 or satisfactory score on the VCU Mathematics Placement Test within the one-year period immediately preceding the beginning of the course; and CHEM 101 with a minimum grade of C. Fundamental principles and theories of chemistry, including qualitative analysis."
"Virginia Commonwealth University","Forensic Science (Biology)","CHEM301","Organic Chemistry","3","Continuous courses; 3 lecture hours. 3-3 credits. Prerequisite: CHEM 102 with a minimum grade of C. Prerequisite for CHEM 302: CHEM 301 with a minimum grade of C. A comprehensive survey of aliphatic and aromatic compounds with emphasis on their structure, properties, reactions, reaction mechanisms and stereochemistry."
"Virginia Commonwealth University","Forensic Science (Biology)","CHEM302","Organic Chemistry","3","Continuous courses; 3 lecture hours. 3-3 credits. Prerequisite: CHEM 102 with a minimum grade of C. Prerequisite for CHEM 302: CHEM 301 with a minimum grade of C. A comprehensive survey of aliphatic and aromatic compounds with emphasis on their structure, properties, reactions, reaction mechanisms and stereochemistry."
"Virginia Commonwealth University","Forensic Science (Biology)","CHEM403","Biochemistry I","3","3 lecture hours. 3 credits. Prerequisites: CHEM 302 with a minimum grade of C. A presentation of structural biochemistry, enzymology, biophysical techniques, bioenergetics and an introduction to intermediary metabolism."
"Virginia Commonwealth University","Forensic Science (Biology)","CHEZ101","General Chemistry Laboratory I","1","1 lecture and 2 laboratory hours. 1 credit. Pre- or corequisite: CHEM 101. Experimental work correlated with CHEM 101 with selected forensic science applications. Each student is charged for breakage incurred. Approved safety glasses are required. Failure to check out of laboratory upon withdrawal or for other reasons will incur a charge billed from the Student Accounting Department."
"Virginia Commonwealth University","Forensic Science (Biology)","CHEZ102","General Chemistry Laboratory II","1","1 lecture and 2 laboratory hours. 1 credit. Prerequisites: CHEM 101 and CHEZ 101 with minimum grades of C. Pre- or corequisite: CHEM 102. Experimental work includes qualitative analysis with selected forensic science applications. Each student is charged for breakage incurred. Approved safety glasses are required. Failure to check out of laboratory upon withdrawal or for other reasons will incur a charge billed from the Student Accounting Department."
"Virginia Commonwealth University","Forensic Science (Biology)","CHEZ301","Organic Chemistry Laboratory I","2","4 laboratory hours. 2 credits. Prerequisites: CHEM 102 and CHEZ 102 with minimum grades of C. Pre- or corequisite: CHEM 301. Experimental work correlated with CHEM 301. Each student is charged for breakage incurred. Approved safety glasses are required. Failure to check out of laboratory upon withdrawal or for other reasons will incur a charge billed from the Student Accounting Department."
"Virginia Commonwealth University","Forensic Science (Biology)","CHEZ302","Organic Chemistry Laboratory II","2","4 laboratory hours. 2 credits. Prerequisites: CHEM 301 and CHEZ 301 with minimum grades of C. Pre- or corequisite: CHEM 302. Experimental work correlated with CHEM 302. Each student is charged for breakage incurred. Approved safety glasses are required. Failure to check out of laboratory upon withdrawal or for other reasons will incur a charge billed from the Student Accounting Department."
"Virginia Commonwealth University","Forensic Science (Biology)","FRSC300","Survey of Forensic Science","3","3 lecture hours. 3 credits. Prerequisites: BIOL 151, BIOZ 151, CHEM 102, CHEZ 102 and UNIV 112, each with a minimum grade of C. Pre- or corequisites: CHEM 301 and CHEZ 301, and UNIV 200 or HONR 200. Enrollment is restricted to forensic science majors or by permission of instructor. Introduces the theory, concepts and practices used in the analysis of physical evidence performed in crime laboratories, and the fundamentals of crime scene investigation. Also introduces ethical and quality assurance issues of crucial importance in modern crime laboratories."
"Virginia Commonwealth University","Forensic Science (Biology)","FRSC309","Scientific Crime Scene Investigation","3","2 lecture and 2 laboratory hours. 3 credits. Prerequisite: FRSC 300 with a minimum grade of C. Enrollment is restricted to forensic science majors or by permission of the instructor. Provides scientific theory of crime scene investigation and crime scene reconstruction and basic knowledge of proper crime scene protocol and evidence processing techniques. Includes the processes for documentation, collecting and preserving physical evidence."
"Virginia Commonwealth University","Forensic Science (Biology)","FRSC365","Forensic Microscopy","3","2 lecture and 2 laboratory hours. 3 credits. Prerequisite: FRSC 300 with a minimum grade of C. An in-depth course in the theory and practical application of microscopy to the examination, identification and individualization of physical evidence submitted to forensic laboratories."
"Virginia Commonwealth University","Forensic Science (Biology)","FRSC375","Forensic Evidence, Law and Criminal Procedure","3","3 lecture hours. 3 credits. Prerequisites: BIOL 151, BIOZ 151, CHEM 102, CHEZ 102 and UNIV 112, each with a minimum grade of C. Pre- or corequisites: FRSC 300, CHEM 301 and CHEZ 301; and UNIV 200 or HONR 200. Enrollment is restricted to forensic science majors or by permission of the instructor. The law of criminal procedure and rules of evidence as applied to forensic science. Topics will include scientific versus legal burdens of proof, legal terminology and trial procedure."
"Virginia Commonwealth University","Forensic Science (Biology)","FRSC385","Forensic Serology","3","2 lecture and 2 laboratory hours. 3 credits. Prerequisites: CHEM 301 and FRSC 300, each with a minimum grade of C. Examines the application of basic chemical, biological, immunological and microscopic laboratory techniques to the examination and identification of body-fluid stains, including both presumptive and/or confirmatory identification of blood, semen, saliva, urine and feces. Applies methods that are used in forensic laboratories to identify the species of origin and includes a review of advanced methods for automated serological analysis. Laboratory exercises will supplement lectures to give students practical knowledge of the laboratory procedures. FRSC 391. Topics in Forensic Science. 1-3 Hours. Semester course; 1-3 lecture hours. 1-3 credits. A maximum total of six credits for all forensic science topics courses may be applied to the major. Prerequisite: FRSC 300 with a minimum grade of C. A study in selected topics in forensic science. See the Schedule of Classes for specific topics to be offered each semester and additional prerequisites."
"Virginia Commonwealth University","Forensic Science (Biology)","FRSC490","Professional Practices in Forensic Science","3","3 lecture hours. 3 credits. Prerequisites: FRSC 300; and one additional FRSC or FRSZ course, each with a minimum grade of C. Enrollment is restricted to seniors in forensic science with at least 85 credit hours toward the degree. An examination and evaluation of historical and current issues in the scientific analysis of physical evidence in criminal investigations. Individual and group activities relating to professional practices (ethics, quality control and testimony) of forensic scientists.  FRSC 492. Forensic Science Independent Study. 1-3 Hours. Semester course; 1-3 independent study hours. 1-3 credits. May be repeated for a maximum of six credits. Prerequisites: CHEZ 301 and FRSC 300, each with a minimum grade of C. Enrollment is restricted to forensic science majors with at least sophomore standing and a minimum GPA of 2.5. Independent studies must be research-based. A determination of the amount of credit and the written permission of both the instructor and the program director must be procured prior to registration for the course. FRSC 493. Forensic Science Internship. 1-3 Hours. Semester course; 1-3 field experience hours. 1-3 credits. Prerequisite: FRSC 300 with a minimum grade of C. Enrollment is restricted to forensic science majors with a minimum GPA of 2.75. An application is required in advance of admission with permission of the internship coordinator. Through placement in an approved organization, the student will obtain a broader, more practical knowledge of forensic science and its applications. Written progress and final reports are required. Graded as pass/fail. Forensic Science Lab (FRSZ) FRSZ 391. Topics in Forensic Science Laboratory. 1-3 Hours. Semester course; 3-9 laboratory hours. 1-3 credits. A maximum total of six credits for all forensic science topics courses may be applied to the major. Prerequisite: FRSC 300 with a minimum grade of C. Laboratory investigations in a selected topic in forensic science. See the Schedule of Classes for specific topics to be offered each semester and additional prerequisites."
"Virginia Commonwealth University","Forensic Science (Biology)","HUMS202","Choices in a Consumer Society","1","1 lecture hour (delivered online). 1 credit. Corequisite: UNIV 111 or UNIV 112. Provides a framework for understanding the nature of choices made in a consumer society, with an emphasis on the financial consequences of those choices. Students will gain the practical knowledge needed to make informed personal financial decisions as they address immediate, short-term and long-term consumer choices. Administered primarily as a self-paced, computer-aided instructional course. HUMS 291. Special Topics in the Humanities and Sciences. 1-4 Hours. Semester course; 1-4 credits. May be repeated with different content. Specialized topics in the liberal arts and sciences designed to provide an overview of a topic not provided by an existing course or program. May be multidisciplinary. Graded as pass/fail or normal letter grading at the option of the instructor."
"Virginia Commonwealth University","Forensic Science (Biology)","MATH200","Calculus with Analytic Geometry I","4","4 lecture hours. 4 credits. Prerequisite: MATH 151 with a minimum grade of C or satisfactory score on the VCU Mathematics Placement Test within the one-year period immediately preceding the beginning of the course. Limits, continuity, derivatives, differentials, antiderivatives and definite integrals."
"Virginia Commonwealth University","Forensic Science (Biology)","PHYS201","General Physics I","4","3 lecture and 3 laboratory hours. 4 credits. Prerequisite: MATH 151. Designed primarily for life-science majors. Basic concepts of motion, waves and heat. Not applicable toward the physics major."
"Virginia Commonwealth University","Forensic Science (Biology)","PHYS202","General Physics II","4","3 lecture and 3 laboratory hours. 4 credits. Prerequisite: PHYS 201 or PHYS 207. Designed primarily for life-science majors. Basic concepts of electricity, magnetism, light and modern physics. Not applicable toward the physics major."
"Virginia Commonwealth University","Forensic Science (Biology)","STAT210","Basic Practice of Statistics","3","3 lecture hours (delivered online, face-to-face or hybrid). 3 credits. Prerequisite: satisfactory score on the VCU Mathematics Placement Test within the one-year period immediately preceding the beginning of the course, or MATH 131, MATH 139, MATH 141, MATH 151, MATH 200 or MATH 201. Designed for students who will likely take another quantitative reasoning course for which statistics may be a prerequisite. Not open to mathematical sciences or computer science majors. Topics include examining distributions, examining relationships, producing data, sampling distributions and probability, introduction to inference. Students may receive credit toward graduation for only one of STAT 206, STAT 208, STAT 210, STAT 212, STAT 312 or SCMA 301."
"Virginia Commonwealth University","Forensic Science (Chemistry)","BIOL151","Introduction to Biological Sciences I","3","3 lecture hours. 3 credits. Prerequisites: MATH 139, MATH 141, MATH 151, MATH 200, MATH 201 or a satisfactory score on the math placement exam; and CHEM 100 with a minimum grade of B, CHEM 101 with a minimum grade of C or a satisfactory score on the chemistry placement exam. Introduction to core biological concepts including cell structure, cellular metabolism, cell division, DNA replication, gene expression and genetics. Designed for biology majors."
"Virginia Commonwealth University","Forensic Science (Chemistry)","BIOL152","Introduction to Biological Sciences II","3","3 lecture hours. 3 credits. Prerequisites: BIOL 151 and CHEM 101, both with a minimum grade of C. Focuses on evolutionary principles, the role of natural selection in the evolution of life forms, taxonomy and phylogenies, biological diversity in the context of form and function of organisms, and and basic principles of ecology. Designed for biology majors."
"Virginia Commonwealth University","Forensic Science (Chemistry)","BIOZ151","Introduction to Biological Science Laboratory I","1","3 laboratory hours. 1 credit. Prerequisite: MATH 139, MATH 141, MATH 151, MATH 200, MATH 201 or a satisfactory score on the math placement exam; and CHEM 100 with a minimum grade of B, CHEM 101 with a minimum grade of C or a satisfactory score on the chemistry placement exam. Pre- or corequisite: BIOL 151. Laboratory investigation of cellular metabolism, genetics and molecular biology, with an emphasis on formation and testing of hypotheses. Laboratory exercises will elaborate themes discussed in BIOL 151. "
"Virginia Commonwealth University","Forensic Science (Chemistry)","BIOZ152","Introduction to Biological Science Laboratory II","1","3 laboratory hours. 1 credit. Prerequisites: BIOL 151, BIOZ 151 and CHEM 101, each with a minimum grade of C. Pre- or corequisite: BIOL 152. Laboratory investigation of evolutionary concepts, evolution of organisms, biological diversity and ecology, with an emphasis on formation and testing of hypotheses. Laboratory exercises will elaborate themes discussed in BIOL 152."
"Virginia Commonwealth University","Forensic Science (Chemistry)","CHEM101","General Chemistry I","3","3 lecture and 1 recitation hours. 3 credits. Prerequisites: MATH 139, MATH 141, MATH 151, MATH 200, MATH 201 or satisfactory score on the VCU mathematics placement test within the one-year period immediately preceding the beginning of the course; and CHEM 100 with a minimum grade of B or satisfactory score on the chemistry placement exam/assessment within the one-year period immediately preceding the beginning of the course. Fundamental principles and theories of chemistry."
"Virginia Commonwealth University","Forensic Science (Chemistry)","CHEM102","General Chemistry II","3","3 lecture and 1 recitation hours. 3 credits. Prerequisites: MATH 151, MATH 200, MATH 201 or satisfactory score on the VCU Mathematics Placement Test within the one-year period immediately preceding the beginning of the course; and CHEM 101 with a minimum grade of C. Fundamental principles and theories of chemistry, including qualitative analysis."
"Virginia Commonwealth University","Forensic Science (Chemistry)","CHEM301","Organic Chemistry","3","Continuous courses; 3 lecture hours. 3-3 credits. Prerequisite: CHEM 102 with a minimum grade of C. Prerequisite for CHEM 302: CHEM 301 with a minimum grade of C. A comprehensive survey of aliphatic and aromatic compounds with emphasis on their structure, properties, reactions, reaction mechanisms and stereochemistry."
"Virginia Commonwealth University","Forensic Science (Chemistry)","CHEM302","Organic Chemistry","3","Continuous courses; 3 lecture hours. 3-3 credits. Prerequisite: CHEM 102 with a minimum grade of C. Prerequisite for CHEM 302: CHEM 301 with a minimum grade of C. A comprehensive survey of aliphatic and aromatic compounds with emphasis on their structure, properties, reactions, reaction mechanisms and stereochemistry."
"Virginia Commonwealth University","Forensic Science (Chemistry)","CHEM309","Quantitative Analysis","3","3 lecture hours. 3 credits. Prerequisites: CHEM 102 with a minimum grade of C, and MATH 151. Theory and practice of gravimetric, volumetric and instrumental analysis techniques and treatment of multiple equilibria in aqueous solutions."
"Virginia Commonwealth University","Forensic Science (Chemistry)","CHEM313","Physical Chemistry I","3","3 lecture hours. 3 credits. Prerequisites: MATH 201; MATH 307; PHYS 202 or PHYS 208; CHEM 302; and CHEM 309, all with a minimum grade of C. Quantum chemistry, atomic and molecular structure, spectroscopy. Students may receive credit toward graduation for only one of CHEM 313 or CHEM 314."
"Virginia Commonwealth University","Forensic Science (Chemistry)","CHEM409","Instrumental Analysis","3","3 lecture hours. 3 credits. Prerequisites: CHEM 313, CHEM 314 or CHEM 315; and CHEM 309 and CHEZ 309. Theory and practice of modern spectrophotometric, electroanalytical and chromatographic and nuclear magnetic resonance methods. CHEM 491. Topics in Chemistry. 1-4 Hours. Semester course; variable hours. Variable credit. Maximum of 4 credits per semester; maximum total of 6 credits for all chemistry topics courses may be applied to the major. Prerequisites: CHEM 102 and CHEZ 101 and 102. A study of a selected topic in chemistry. See the Schedule of Classes for specific topics to be offered each semester and prerequisites. CHEM 492. Independent Study. 1-4 Hours. Semester course; variable hours. 1-4 credits. May be repeated for a maximum total of 8 credits; only 3 credits are applicable to the chemistry major. Prerequisites: CHEM 102 and CHEZ 101 and 102. The independent investigation of chemical problems through readings and experimentation under the supervision of a research adviser. Written interim and final reports required. CHEM 493. Chemistry Internship. 1-3 Hours. Semester course; variable hours. Variable credit. Maximum of 3 credits; 1 credit will be given for each 150 hours (approximately one month) of part-time or full-time chemical work experience. Prerequisites: CHEM 102 and CHEZ 101 and 102. Acquisition of chemistry laboratory experience through involvement in a professional chemistry setting. Written progress and final reports will be required."
"Virginia Commonwealth University","Forensic Science (Chemistry)","CHEZ101","General Chemistry Laboratory I","1","1 lecture and 2 laboratory hours. 1 credit. Pre- or corequisite: CHEM 101. Experimental work correlated with CHEM 101 with selected forensic science applications. Each student is charged for breakage incurred. Approved safety glasses are required. Failure to check out of laboratory upon withdrawal or for other reasons will incur a charge billed from the Student Accounting Department."
"Virginia Commonwealth University","Forensic Science (Chemistry)","CHEZ102","General Chemistry Laboratory II","1","1 lecture and 2 laboratory hours. 1 credit. Prerequisites: CHEM 101 and CHEZ 101 with minimum grades of C. Pre- or corequisite: CHEM 102. Experimental work includes qualitative analysis with selected forensic science applications. Each student is charged for breakage incurred. Approved safety glasses are required. Failure to check out of laboratory upon withdrawal or for other reasons will incur a charge billed from the Student Accounting Department."
"Virginia Commonwealth University","Forensic Science (Chemistry)","CHEZ301","Organic Chemistry Laboratory I","2","4 laboratory hours. 2 credits. Prerequisites: CHEM 102 and CHEZ 102 with minimum grades of C. Pre- or corequisite: CHEM 301. Experimental work correlated with CHEM 301. Each student is charged for breakage incurred. Approved safety glasses are required. Failure to check out of laboratory upon withdrawal or for other reasons will incur a charge billed from the Student Accounting Department."
"Virginia Commonwealth University","Forensic Science (Chemistry)","CHEZ302","Organic Chemistry Laboratory II","2","4 laboratory hours. 2 credits. Prerequisites: CHEM 301 and CHEZ 301 with minimum grades of C. Pre- or corequisite: CHEM 302. Experimental work correlated with CHEM 302. Each student is charged for breakage incurred. Approved safety glasses are required. Failure to check out of laboratory upon withdrawal or for other reasons will incur a charge billed from the Student Accounting Department."
"Virginia Commonwealth University","Forensic Science (Chemistry)","CHEZ309","Quantitative Analysis Laboratory","2","1 lecture and 3 laboratory hours. 2 credits. Prerequisites: CHEM 102 and CHEZ 102 with minimum grades of C. Pre- or corequisite: CHEM 309. Laboratory associated with quantitative analysis. Includes practice in volumetric and instrumental laboratory techniques as applied to measurement sciences."
"Virginia Commonwealth University","Forensic Science (Chemistry)","CHEZ313","Physical Chemistry Laboratory I","2","4 laboratory hours. 2 credits. Prerequisites: CHEZ 309; and UNIV 200 or HONR 200; each with a minimum grade of C. Corequisite: CHEM 313 or CHEM 314. Mathematical models of chemistry, including molecular structure, spectroscopy and kinetics. Report writing, laboratory notebook writing and statistical analysis of data are emphasized. A final project may be required. Students may receive credit toward graduation for only one of CHEZ 313 or CHEZ 315."
"Virginia Commonwealth University","Forensic Science (Chemistry)","FRSC300","Survey of Forensic Science","3","3 lecture hours. 3 credits. Prerequisites: BIOL 151, BIOZ 151, CHEM 102, CHEZ 102 and UNIV 112, each with a minimum grade of C. Pre- or corequisites: CHEM 301 and CHEZ 301, and UNIV 200 or HONR 200. Enrollment is restricted to forensic science majors or by permission of instructor. Introduces the theory, concepts and practices used in the analysis of physical evidence performed in crime laboratories, and the fundamentals of crime scene investigation. Also introduces ethical and quality assurance issues of crucial importance in modern crime laboratories."
"Virginia Commonwealth University","Forensic Science (Chemistry)","FRSC309","Scientific Crime Scene Investigation","3","2 lecture and 2 laboratory hours. 3 credits. Prerequisite: FRSC 300 with a minimum grade of C. Enrollment is restricted to forensic science majors or by permission of the instructor. Provides scientific theory of crime scene investigation and crime scene reconstruction and basic knowledge of proper crime scene protocol and evidence processing techniques. Includes the processes for documentation, collecting and preserving physical evidence."
"Virginia Commonwealth University","Forensic Science (Chemistry)","FRSC365","Forensic Microscopy","3","2 lecture and 2 laboratory hours. 3 credits. Prerequisite: FRSC 300 with a minimum grade of C. An in-depth course in the theory and practical application of microscopy to the examination, identification and individualization of physical evidence submitted to forensic laboratories."
"Virginia Commonwealth University","Forensic Science (Chemistry)","FRSC375","Forensic Evidence, Law and Criminal Procedure","3","3 lecture hours. 3 credits. Prerequisites: BIOL 151, BIOZ 151, CHEM 102, CHEZ 102 and UNIV 112, each with a minimum grade of C. Pre- or corequisites: FRSC 300, CHEM 301 and CHEZ 301; and UNIV 200 or HONR 200. Enrollment is restricted to forensic science majors or by permission of the instructor. The law of criminal procedure and rules of evidence as applied to forensic science. Topics will include scientific versus legal burdens of proof, legal terminology and trial procedure."
"Virginia Commonwealth University","Forensic Science (Chemistry)","FRSC400","Forensic Chemistry","4","2 lecture and 4 laboratory hours. 4 credits. Prerequisites: CHEM 409 and CHEZ 409, each with a minimum grade of C. Examines core principles and instrumentation used in forensic chemistry applications to include microchemical tests, gas chromatography, liquid chromatography, spectroscopy and mass spectrometry, with emphasis on forensic casework. These topics may include accelerants, explosives, paints, polymers and drug analysis. Students will gain experience in experimental design, operation and troubleshooting of instrumentation, as well as the analysis and interpretation of chromatographic and spectroscopic data sets."
"Virginia Commonwealth University","Forensic Science (Chemistry)","FRSC445","Forensic Toxicology and Drugs","4","2 lecture and 4 laboratory hours. 4 credits. Prerequisites: CHEM 301, CHEM 302, CHEZ 301 and CHEZ 302, each with a minimum grade of C. Provides a comprehensive overview of the basic principles of drug analysis and forensic toxicology. Students will perform hands-on lab exercises in these areas. Students will learn to identify the controlled substances and toxic agents most commonly abused and/or encountered in criminal investigations, including issues of interpretation and impairment."
"Virginia Commonwealth University","Forensic Science (Chemistry)","FRSC490","Professional Practices in Forensic Science","3","3 lecture hours. 3 credits. Prerequisites: FRSC 300; and one additional FRSC or FRSZ course, each with a minimum grade of C. Enrollment is restricted to seniors in forensic science with at least 85 credit hours toward the degree. An examination and evaluation of historical and current issues in the scientific analysis of physical evidence in criminal investigations. Individual and group activities relating to professional practices (ethics, quality control and testimony) of forensic scientists.  FRSC 492. Forensic Science Independent Study. 1-3 Hours. Semester course; 1-3 independent study hours. 1-3 credits. May be repeated for a maximum of six credits. Prerequisites: CHEZ 301 and FRSC 300, each with a minimum grade of C. Enrollment is restricted to forensic science majors with at least sophomore standing and a minimum GPA of 2.5. Independent studies must be research-based. A determination of the amount of credit and the written permission of both the instructor and the program director must be procured prior to registration for the course. FRSC 493. Forensic Science Internship. 1-3 Hours. Semester course; 1-3 field experience hours. 1-3 credits. Prerequisite: FRSC 300 with a minimum grade of C. Enrollment is restricted to forensic science majors with a minimum GPA of 2.75. An application is required in advance of admission with permission of the internship coordinator. Through placement in an approved organization, the student will obtain a broader, more practical knowledge of forensic science and its applications. Written progress and final reports are required. Graded as pass/fail. Forensic Science Lab (FRSZ) FRSZ 391. Topics in Forensic Science Laboratory. 1-3 Hours. Semester course; 3-9 laboratory hours. 1-3 credits. A maximum total of six credits for all forensic science topics courses may be applied to the major. Prerequisite: FRSC 300 with a minimum grade of C. Laboratory investigations in a selected topic in forensic science. See the Schedule of Classes for specific topics to be offered each semester and additional prerequisites."
"Virginia Commonwealth University","Forensic Science (Chemistry)","HUMS202","Choices in a Consumer Society","1","1 lecture hour (delivered online). 1 credit. Corequisite: UNIV 111 or UNIV 112. Provides a framework for understanding the nature of choices made in a consumer society, with an emphasis on the financial consequences of those choices. Students will gain the practical knowledge needed to make informed personal financial decisions as they address immediate, short-term and long-term consumer choices. Administered primarily as a self-paced, computer-aided instructional course. HUMS 291. Special Topics in the Humanities and Sciences. 1-4 Hours. Semester course; 1-4 credits. May be repeated with different content. Specialized topics in the liberal arts and sciences designed to provide an overview of a topic not provided by an existing course or program. May be multidisciplinary. Graded as pass/fail or normal letter grading at the option of the instructor."
"Virginia Commonwealth University","Forensic Science (Chemistry)","MATH200","Calculus with Analytic Geometry I","4","4 lecture hours. 4 credits. Prerequisite: MATH 151 with a minimum grade of C or satisfactory score on the VCU Mathematics Placement Test within the one-year period immediately preceding the beginning of the course. Limits, continuity, derivatives, differentials, antiderivatives and definite integrals."
"Virginia Commonwealth University","Forensic Science (Chemistry)","MATH201","Calculus with Analytic Geometry II","4","4 lecture hours. 4 credits. Prerequisite: MATH 200 with a minimum grade of C. Applications of differentiation and integration. Selected topics in analytic geometry. Infinite series."
"Virginia Commonwealth University","Forensic Science (Chemistry)","PHYS201","General Physics I","4","3 lecture and 3 laboratory hours. 4 credits. Prerequisite: MATH 151. Designed primarily for life-science majors. Basic concepts of motion, waves and heat. Not applicable toward the physics major."
"Virginia Commonwealth University","Forensic Science (Chemistry)","PHYS202","General Physics II","4","3 lecture and 3 laboratory hours. 4 credits. Prerequisite: PHYS 201 or PHYS 207. Designed primarily for life-science majors. Basic concepts of electricity, magnetism, light and modern physics. Not applicable toward the physics major."
"Virginia Commonwealth University","Forensic Science (Chemistry)","STAT210","Basic Practice of Statistics","3","3 lecture hours (delivered online, face-to-face or hybrid). 3 credits. Prerequisite: satisfactory score on the VCU Mathematics Placement Test within the one-year period immediately preceding the beginning of the course, or MATH 131, MATH 139, MATH 141, MATH 151, MATH 200 or MATH 201. Designed for students who will likely take another quantitative reasoning course for which statistics may be a prerequisite. Not open to mathematical sciences or computer science majors. Topics include examining distributions, examining relationships, producing data, sampling distributions and probability, introduction to inference. Students may receive credit toward graduation for only one of STAT 206, STAT 208, STAT 210, STAT 212, STAT 312 or SCMA 301."
"Virginia Commonwealth University","Forensic Science (Physics)","BIOL151","Introduction to Biological Sciences I","3","3 lecture hours. 3 credits. Prerequisites: MATH 139, MATH 141, MATH 151, MATH 200, MATH 201 or a satisfactory score on the math placement exam; and CHEM 100 with a minimum grade of B, CHEM 101 with a minimum grade of C or a satisfactory score on the chemistry placement exam. Introduction to core biological concepts including cell structure, cellular metabolism, cell division, DNA replication, gene expression and genetics. Designed for biology majors."
"Virginia Commonwealth University","Forensic Science (Physics)","BIOL152","Introduction to Biological Sciences II","3","3 lecture hours. 3 credits. Prerequisites: BIOL 151 and CHEM 101, both with a minimum grade of C. Focuses on evolutionary principles, the role of natural selection in the evolution of life forms, taxonomy and phylogenies, biological diversity in the context of form and function of organisms, and and basic principles of ecology. Designed for biology majors."
"Virginia Commonwealth University","Forensic Science (Physics)","BIOZ151","Introduction to Biological Science Laboratory I","1","3 laboratory hours. 1 credit. Prerequisite: MATH 139, MATH 141, MATH 151, MATH 200, MATH 201 or a satisfactory score on the math placement exam; and CHEM 100 with a minimum grade of B, CHEM 101 with a minimum grade of C or a satisfactory score on the chemistry placement exam. Pre- or corequisite: BIOL 151. Laboratory investigation of cellular metabolism, genetics and molecular biology, with an emphasis on formation and testing of hypotheses. Laboratory exercises will elaborate themes discussed in BIOL 151. "
"Virginia Commonwealth University","Forensic Science (Physics)","BIOZ152","Introduction to Biological Science Laboratory II","1","3 laboratory hours. 1 credit. Prerequisites: BIOL 151, BIOZ 151 and CHEM 101, each with a minimum grade of C. Pre- or corequisite: BIOL 152. Laboratory investigation of evolutionary concepts, evolution of organisms, biological diversity and ecology, with an emphasis on formation and testing of hypotheses. Laboratory exercises will elaborate themes discussed in BIOL 152."
"Virginia Commonwealth University","Forensic Science (Physics)","CHEM101","General Chemistry I","3","3 lecture and 1 recitation hours. 3 credits. Prerequisites: MATH 139, MATH 141, MATH 151, MATH 200, MATH 201 or satisfactory score on the VCU mathematics placement test within the one-year period immediately preceding the beginning of the course; and CHEM 100 with a minimum grade of B or satisfactory score on the chemistry placement exam/assessment within the one-year period immediately preceding the beginning of the course. Fundamental principles and theories of chemistry."
"Virginia Commonwealth University","Forensic Science (Physics)","CHEM102","General Chemistry II","3","3 lecture and 1 recitation hours. 3 credits. Prerequisites: MATH 151, MATH 200, MATH 201 or satisfactory score on the VCU Mathematics Placement Test within the one-year period immediately preceding the beginning of the course; and CHEM 101 with a minimum grade of C. Fundamental principles and theories of chemistry, including qualitative analysis."
"Virginia Commonwealth University","Forensic Science (Physics)","CHEM301","Organic Chemistry","3","Continuous courses; 3 lecture hours. 3-3 credits. Prerequisite: CHEM 102 with a minimum grade of C. Prerequisite for CHEM 302: CHEM 301 with a minimum grade of C. A comprehensive survey of aliphatic and aromatic compounds with emphasis on their structure, properties, reactions, reaction mechanisms and stereochemistry."
"Virginia Commonwealth University","Forensic Science (Physics)","CHEM302","Organic Chemistry","3","Continuous courses; 3 lecture hours. 3-3 credits. Prerequisite: CHEM 102 with a minimum grade of C. Prerequisite for CHEM 302: CHEM 301 with a minimum grade of C. A comprehensive survey of aliphatic and aromatic compounds with emphasis on their structure, properties, reactions, reaction mechanisms and stereochemistry."
"Virginia Commonwealth University","Forensic Science (Physics)","CHEM309","Quantitative Analysis","3","3 lecture hours. 3 credits. Prerequisites: CHEM 102 with a minimum grade of C, and MATH 151. Theory and practice of gravimetric, volumetric and instrumental analysis techniques and treatment of multiple equilibria in aqueous solutions."
"Virginia Commonwealth University","Forensic Science (Physics)","CHEM320","Inorganic Chemistry I","3","3 lecture hours. 3 credits. Prerequisites: CHEM 101-102 with minimum grades of C. A systematic, unified study of the structures, properties, reactions and practical applications of inorganic compounds. CHEM 350. Guided Inquiry in Chemistry. 1.5 Hour. Semester course; 1.5 lecture hours. 1.5 credits. Prerequisites: CHEM 101-102 with minimum grades of B. Student facilitators lead recitation sections using guided inquiry, group-based activities. Introduces students to the principles of guided inquiry, active learning and collaborative learning in chemistry through practical, hands-on class work, discussions, readings and a final project. CHEM 351. Chemistry Preceptorship. 1.5 Hour. Semester course; 1.5 lecture hours. 1.5 credits. Course may be repeated once for a total of 3 credits. Prerequisites: completion of relevant course with minimum grade of C, completion of CHEM 350 with a grade of B and permission of course instructor and departmental chair. Student facilitators lead recitation sections or laboratories in chemistry courses. Responsibilities vary and may include, but are not limited to, attending all classes, holding weekly review sessions or office hours and/or routine grading. A weekly reflection journal and final project are required. CHEM 391. Topics in Chemistry. 1-4 Hours. Semester course; variable hours. Variable credit. Maximum of 4 credits per semester; maximum total of 6 credits for all chemistry topics courses may be applied to the major. Prerequisites: CHEM 101-102 and CHEZ 101, 102. A study of a selected topic in chemistry. See the Schedule of Classes for specific topics to be offered each semester. CHEM 392. Directed Study. 1-4 Hours. Semester course; 1-4 independent study hours. 1-4 credits. Prerequisites: CHEM 102, CHEZ 101 and CHEZ 102. The independent investigation of chemical problems through readings and experimentation under the supervision of a research adviser. Written interim and final reports are required."
"Virginia Commonwealth University","Forensic Science (Physics)","CHEZ101","General Chemistry Laboratory I","1","1 lecture and 2 laboratory hours. 1 credit. Pre- or corequisite: CHEM 101. Experimental work correlated with CHEM 101 with selected forensic science applications. Each student is charged for breakage incurred. Approved safety glasses are required. Failure to check out of laboratory upon withdrawal or for other reasons will incur a charge billed from the Student Accounting Department."
"Virginia Commonwealth University","Forensic Science (Physics)","CHEZ102","General Chemistry Laboratory II","1","1 lecture and 2 laboratory hours. 1 credit. Prerequisites: CHEM 101 and CHEZ 101 with minimum grades of C. Pre- or corequisite: CHEM 102. Experimental work includes qualitative analysis with selected forensic science applications. Each student is charged for breakage incurred. Approved safety glasses are required. Failure to check out of laboratory upon withdrawal or for other reasons will incur a charge billed from the Student Accounting Department."
"Virginia Commonwealth University","Forensic Science (Physics)","CHEZ301","Organic Chemistry Laboratory I","2","4 laboratory hours. 2 credits. Prerequisites: CHEM 102 and CHEZ 102 with minimum grades of C. Pre- or corequisite: CHEM 301. Experimental work correlated with CHEM 301. Each student is charged for breakage incurred. Approved safety glasses are required. Failure to check out of laboratory upon withdrawal or for other reasons will incur a charge billed from the Student Accounting Department."
"Virginia Commonwealth University","Forensic Science (Physics)","CHEZ302","Organic Chemistry Laboratory II","2","4 laboratory hours. 2 credits. Prerequisites: CHEM 301 and CHEZ 301 with minimum grades of C. Pre- or corequisite: CHEM 302. Experimental work correlated with CHEM 302. Each student is charged for breakage incurred. Approved safety glasses are required. Failure to check out of laboratory upon withdrawal or for other reasons will incur a charge billed from the Student Accounting Department."
"Virginia Commonwealth University","Forensic Science (Physics)","CHEZ309","Quantitative Analysis Laboratory","2","1 lecture and 3 laboratory hours. 2 credits. Prerequisites: CHEM 102 and CHEZ 102 with minimum grades of C. Pre- or corequisite: CHEM 309. Laboratory associated with quantitative analysis. Includes practice in volumetric and instrumental laboratory techniques as applied to measurement sciences."
"Virginia Commonwealth University","Forensic Science (Physics)","FRSC300","Survey of Forensic Science","3","3 lecture hours. 3 credits. Prerequisites: BIOL 151, BIOZ 151, CHEM 102, CHEZ 102 and UNIV 112, each with a minimum grade of C. Pre- or corequisites: CHEM 301 and CHEZ 301, and UNIV 200 or HONR 200. Enrollment is restricted to forensic science majors or by permission of instructor. Introduces the theory, concepts and practices used in the analysis of physical evidence performed in crime laboratories, and the fundamentals of crime scene investigation. Also introduces ethical and quality assurance issues of crucial importance in modern crime laboratories."
"Virginia Commonwealth University","Forensic Science (Physics)","FRSC309","Scientific Crime Scene Investigation","3","2 lecture and 2 laboratory hours. 3 credits. Prerequisite: FRSC 300 with a minimum grade of C. Enrollment is restricted to forensic science majors or by permission of the instructor. Provides scientific theory of crime scene investigation and crime scene reconstruction and basic knowledge of proper crime scene protocol and evidence processing techniques. Includes the processes for documentation, collecting and preserving physical evidence."
"Virginia Commonwealth University","Forensic Science (Physics)","FRSC365","Forensic Microscopy","3","2 lecture and 2 laboratory hours. 3 credits. Prerequisite: FRSC 300 with a minimum grade of C. An in-depth course in the theory and practical application of microscopy to the examination, identification and individualization of physical evidence submitted to forensic laboratories."
"Virginia Commonwealth University","Forensic Science (Physics)","FRSC375","Forensic Evidence, Law and Criminal Procedure","3","3 lecture hours. 3 credits. Prerequisites: BIOL 151, BIOZ 151, CHEM 102, CHEZ 102 and UNIV 112, each with a minimum grade of C. Pre- or corequisites: FRSC 300, CHEM 301 and CHEZ 301; and UNIV 200 or HONR 200. Enrollment is restricted to forensic science majors or by permission of the instructor. The law of criminal procedure and rules of evidence as applied to forensic science. Topics will include scientific versus legal burdens of proof, legal terminology and trial procedure."
"Virginia Commonwealth University","Forensic Science (Physics)","FRSC385","Forensic Serology","3","2 lecture and 2 laboratory hours. 3 credits. Prerequisites: CHEM 301 and FRSC 300, each with a minimum grade of C. Examines the application of basic chemical, biological, immunological and microscopic laboratory techniques to the examination and identification of body-fluid stains, including both presumptive and/or confirmatory identification of blood, semen, saliva, urine and feces. Applies methods that are used in forensic laboratories to identify the species of origin and includes a review of advanced methods for automated serological analysis. Laboratory exercises will supplement lectures to give students practical knowledge of the laboratory procedures. FRSC 391. Topics in Forensic Science. 1-3 Hours. Semester course; 1-3 lecture hours. 1-3 credits. A maximum total of six credits for all forensic science topics courses may be applied to the major. Prerequisite: FRSC 300 with a minimum grade of C. A study in selected topics in forensic science. See the Schedule of Classes for specific topics to be offered each semester and additional prerequisites."
"Virginia Commonwealth University","Forensic Science (Physics)","FRSC410","Forensic Pattern Evidence","3","2 lecture and 2 laboratory hours. 3 credits. Prerequisite: FRSC 309 with a minimum grade of C. Enrollment is restricted to forensic science majors or by permission of the instructor. Covers topics in pattern evidence analysis including analysis of latent prints and impression evidence of footwear and tire treadmarks as applied to forensic casework. Covers both the theoretical and practical aspects using lectures and laboratory exercises focusing on the visualization, examination and interpretation of pattern evidence."
"Virginia Commonwealth University","Forensic Science (Physics)","FRSC412","Forensic Analysis of Firearms and Toolmarks","3","2 lecture and 2 laboratory hours. 3 credits. Prerequisite: FRSC 300 with a minimum grade of C. Enrollment is restricted to forensic science majors or by permission of the instructor. An investigation of topics in firearms and toolmark examination for forensic applications. Covers both theoretical and practical aspects using lectures and laboratory exercises."
"Virginia Commonwealth University","Forensic Science (Physics)","FRSC490","Professional Practices in Forensic Science","3","3 lecture hours. 3 credits. Prerequisites: FRSC 300; and one additional FRSC or FRSZ course, each with a minimum grade of C. Enrollment is restricted to seniors in forensic science with at least 85 credit hours toward the degree. An examination and evaluation of historical and current issues in the scientific analysis of physical evidence in criminal investigations. Individual and group activities relating to professional practices (ethics, quality control and testimony) of forensic scientists.  FRSC 492. Forensic Science Independent Study. 1-3 Hours. Semester course; 1-3 independent study hours. 1-3 credits. May be repeated for a maximum of six credits. Prerequisites: CHEZ 301 and FRSC 300, each with a minimum grade of C. Enrollment is restricted to forensic science majors with at least sophomore standing and a minimum GPA of 2.5. Independent studies must be research-based. A determination of the amount of credit and the written permission of both the instructor and the program director must be procured prior to registration for the course. FRSC 493. Forensic Science Internship. 1-3 Hours. Semester course; 1-3 field experience hours. 1-3 credits. Prerequisite: FRSC 300 with a minimum grade of C. Enrollment is restricted to forensic science majors with a minimum GPA of 2.75. An application is required in advance of admission with permission of the internship coordinator. Through placement in an approved organization, the student will obtain a broader, more practical knowledge of forensic science and its applications. Written progress and final reports are required. Graded as pass/fail. Forensic Science Lab (FRSZ) FRSZ 391. Topics in Forensic Science Laboratory. 1-3 Hours. Semester course; 3-9 laboratory hours. 1-3 credits. A maximum total of six credits for all forensic science topics courses may be applied to the major. Prerequisite: FRSC 300 with a minimum grade of C. Laboratory investigations in a selected topic in forensic science. See the Schedule of Classes for specific topics to be offered each semester and additional prerequisites."
"Virginia Commonwealth University","Forensic Science (Physics)","FRSC566","ADVANCED CRIME SCENE INVESTIGATION","3","2 lecture and 2 laboratory hours. 3 credits. Prerequisite:  FRSC 309 with a minimum grade of C (for undergraduate students), FRSC 565 or  equivalent. An advanced study of the methods and techniques of crime scene investigation  with an emphasis on crime scene reconstruction by the use of physical evidence. Course  will include extensive practical applications with mock crime scenes."
"Virginia Commonwealth University","Forensic Science (Physics)","HUMS202","Choices in a Consumer Society","1","1 lecture hour (delivered online). 1 credit. Corequisite: UNIV 111 or UNIV 112. Provides a framework for understanding the nature of choices made in a consumer society, with an emphasis on the financial consequences of those choices. Students will gain the practical knowledge needed to make informed personal financial decisions as they address immediate, short-term and long-term consumer choices. Administered primarily as a self-paced, computer-aided instructional course. HUMS 291. Special Topics in the Humanities and Sciences. 1-4 Hours. Semester course; 1-4 credits. May be repeated with different content. Specialized topics in the liberal arts and sciences designed to provide an overview of a topic not provided by an existing course or program. May be multidisciplinary. Graded as pass/fail or normal letter grading at the option of the instructor."
"Virginia Commonwealth University","Forensic Science (Physics)","MATH200","Calculus with Analytic Geometry I","4","4 lecture hours. 4 credits. Prerequisite: MATH 151 with a minimum grade of C or satisfactory score on the VCU Mathematics Placement Test within the one-year period immediately preceding the beginning of the course. Limits, continuity, derivatives, differentials, antiderivatives and definite integrals."
"Virginia Commonwealth University","Forensic Science (Physics)","PHYS201","General Physics I","4","3 lecture and 3 laboratory hours. 4 credits. Prerequisite: MATH 151. Designed primarily for life-science majors. Basic concepts of motion, waves and heat. Not applicable toward the physics major."
"Virginia Commonwealth University","Forensic Science (Physics)","PHYS202","General Physics II","4","3 lecture and 3 laboratory hours. 4 credits. Prerequisite: PHYS 201 or PHYS 207. Designed primarily for life-science majors. Basic concepts of electricity, magnetism, light and modern physics. Not applicable toward the physics major."
"Virginia Commonwealth University","Forensic Science (Physics)","STAT210","Basic Practice of Statistics","3","3 lecture hours (delivered online, face-to-face or hybrid). 3 credits. Prerequisite: satisfactory score on the VCU Mathematics Placement Test within the one-year period immediately preceding the beginning of the course, or MATH 131, MATH 139, MATH 141, MATH 151, MATH 200 or MATH 201. Designed for students who will likely take another quantitative reasoning course for which statistics may be a prerequisite. Not open to mathematical sciences or computer science majors. Topics include examining distributions, examining relationships, producing data, sampling distributions and probability, introduction to inference. Students may receive credit toward graduation for only one of STAT 206, STAT 208, STAT 210, STAT 212, STAT 312 or SCMA 301."
"Virginia Commonwealth University","Physicsical Education & Exercise Science (Exercise Science)","BIOL205","Basic Human Anatomy","4","3 lecture and 3 laboratory hours (plus online component). 4 credits. Prerequisites: BIOL 101 and BIOZ 101, BIOL 151 and BIOZ 151, or BIOL 152 and BIOZ 152, each with a minimum grade of C. Enrollment is restricted to students majoring in communication arts, health and physical education, health, physical education and exercise science; pre-health majors in medical laboratory sciences, clinical radiation sciences, dental hygiene and nursing; students enrolled in the health sciences certificate program; and students in the advising tracks for pre-occupational therapy, pre-physician assistant, pre-pharmacy and pre-physical therapy. Additionally, students in the pre-dentistry or pre-optometry advising tracks or those pursuing application to the accelerated nursing program must speak with a pre-professional health adviser prior to enrolling in the class. Human specimens, models and interactive software are used to study human body structures; emphasis is on the skeleto-muscular aspects. Not applicable for credit toward the B.S. in Biology. 698 Undergraduate courses"
"Virginia Commonwealth University","Physicsical Education & Exercise Science (Exercise Science)","CHEM101","General Chemistry I","3","3 lecture and 1 recitation hours. 3 credits. Prerequisites: MATH 139, MATH 141, MATH 151, MATH 200, MATH 201 or satisfactory score on the VCU mathematics placement test within the one-year period immediately preceding the beginning of the course; and CHEM 100 with a minimum grade of B or satisfactory score on the chemistry placement exam/assessment within the one-year period immediately preceding the beginning of the course. Fundamental principles and theories of chemistry."
"Virginia Commonwealth University","Physicsical Education & Exercise Science (Exercise Science)","CHEZ101","General Chemistry Laboratory I","1","1 lecture and 2 laboratory hours. 1 credit. Pre- or corequisite: CHEM 101. Experimental work correlated with CHEM 101 with selected forensic science applications. Each student is charged for breakage incurred. Approved safety glasses are required. Failure to check out of laboratory upon withdrawal or for other reasons will incur a charge billed from the Student Accounting Department."
"Virginia Commonwealth University","Physicsical Education & Exercise Science (Exercise Science)","HPEX300","Health Care Delivery in the US","3","3 lecture hours. 3 credits. Introduces students to the American health care system and provides an opportunity to analyze the diverse components comprising the system. Major components of the system are examined, including inpatient and outpatient services, financing, insurance and technology. Provides the student a perspective of the variety of career choices in health care."
"Virginia Commonwealth University","Physicsical Education & Exercise Science (Exercise Science)","HPEX310","Fitness and Health","3","3 lecture hours (delivered online, face-to-face or hybrid). 3 credits. Presents the knowledge and pedagogical principles of strength, flexibility, aerobic and anaerobic training programs, as well as the role that exercise and lifestyle play on overall health. Emphasis is on understanding, experiencing and applying conditioning principles for individuals and how they impact health."
"Virginia Commonwealth University","Physicsical Education & Exercise Science (Exercise Science)","HPEX350","Nutrition","3","3 lecture hours. 3 credits. Provides learning opportunities that enable the student to acquire a practical and useful knowledge based on the sound principles of applied human nutrition. Emphasis will be on nutritional needs through the cycles of life providing information that will enhance the student's own lifestyle and provide experience in interpreting nutritional information for the public."
"Virginia Commonwealth University","Physicsical Education & Exercise Science (Exercise Science)","HPEX371","Psychology of Physical Activity","3","3 lecture hours. 3 credits. Examines psychological issues related to physical activity, exercise and sport participation. Topics include individual and group motivation theory and techniques, leadership effectiveness, mental health, mental skills training, injury rehabilitation, eating disorders, exercise adherence, addiction, overtraining and use of ergogenic aids. Emphasizes examination of current research and application of psychological principles in a physical activity setting."
"Virginia Commonwealth University","Physicsical Education & Exercise Science (Exercise Science)","HPEX374","Musculoskeletal Structure and Movement","4","3 lecture and 2 laboratory hours. 4 credits. Prerequisite: BIOL 205. Pre- or corequisite: PHYS 201. Enrollment restricted to HPEX majors. Provides an understanding of the mechanical aspects of human motion with particular attention given to application of anatomical structure, terminology and biomechanics in the analysis of physical activity. Laboratory learning allows students to acquire practical knowledge and skills in palpation, biomechanical analysis and instrumentation."
"Virginia Commonwealth University","Physicsical Education & Exercise Science (Exercise Science)","HPEX375","Physiology of Exercise","3","3 lecture hours. 3 credits. Prerequisite: PHIS 206. Corequisite: HPEZ 375. Physiological changes in the human organism resulting from exercise, investigation of recent research in diet, drugs, fatigue, cardiovascular/respiratory fitness, conditioning programs for various age groups and the effects of exercise upon various components of physical fitness and health. Application of specific problems to physical education programs. Laboratory experience in the use of research instruments. 730 Undergraduate courses"
"Virginia Commonwealth University","Physicsical Education & Exercise Science (Exercise Science)","HPEX380","Resistance Training for Health and Performance","3","3 lecture hours. 3 credits. Prerequisites: HPEX 310 and HPEX 375. Enrollment restricted to HPEX majors. Provides students with the knowledge, skills and abilities to design and implement resistance training programs for a variety of populations. Covers the scientific and practical basis for resistance training to reduce injuries, improve health and optimize performance. Students actively participate in and demonstrate knowledge of a range of resistance exercise techniques, as well as preparticipation screening. Helps prepare those students wishing to attempt the National Strength and Conditioning Association's Certified Strength and Conditioning exam."
"Virginia Commonwealth University","Physicsical Education & Exercise Science (Exercise Science)","HPEX395","Clinical Experience I","3","Semester course: 3 clinical hours. 3 credits. Prerequisites for students in the exercise science concentration: HPEX 375, junior standing and permission of instructor. Prerequisites for students in the health sciences concentration: HPEX 250, HPEX 300, HPEX 353 and BIOL 205, junior standing, and permission of instructor. Enrollment restricted to HPEX majors. Students are also expected to maintain current CPR/AED/FA certification throughout the semester. Students should consult with an adviser or course instructor to obtain concentration-specific course prerequisites and course requirements. Addresses competencies in exercise science, health promotion and/or health science. Provides experiences at an approved affiliate site under the supervision of faculty and approved site supervisors. Students gain practical experience in routine and basic procedures associated with exercise science, health promotion and/or health science. A minimum of 40 contact hours per credit hour required. HPEX 396. Clinical Experience II. 3-6 Hours. variable clinical hours. 3-6 credits. Health, physical education and exercise science majors only. Addresses required competencies in the athletic training, kinesiotherapy or community wellness education programs; provides experiences in an approved affiliate site under the supervision of faculty and approved clinical instructors; gains practical experience in routine, basic and advanced procedures associated with athletic training, kinesiotherapy or community wellness; a minimum of 50 contact hours per credit hour required; consult with adviser to obtain specific course requirements and clinical competencies addressed."
"Virginia Commonwealth University","Physicsical Education & Exercise Science (Exercise Science)","HPEX440","Chronic Disease and Exercise Management","3","3 lecture hours. 3 credits. Prerequisite: HPEX 375 and HPEZ 375L. Presents in-depth information of various concepts specifically related to exercise management of persons with chronic disease and/or disability. Provides scientific knowledge of various chronic diseases and disabilities that are commonplace and can be managed with physical activity. General topics include cardiovascular and pulmonary diseases, metabolic diseases, immunological and hematological diseases, orthopaedic diseases and disabilities, neuromuscular disorders, and cognitive, emotional and sensory disorders. Focuses on the understanding of specific physical and physiological characteristics associated with the various diseases and disabilities."
"Virginia Commonwealth University","Physicsical Education & Exercise Science (Exercise Science)","HPEX441","Assessment and Exercise Intervention in Health and Disease","3","2 lecture and 1 laboratory hours. 3 credits. Prerequisite: HPEX and HPEZ 375. Provides in-depth information of various concepts specifically related to exercise assessment and prescription for healthy persons and those with chronic disease and/or disability. Examines the various concepts specifically related to measurement of cardiorespiratory fitness, pulmonary function, body composition, flexibility and muscular strength and endurance. Focuses on the development of exercise and physical activity prescriptions for healthy and diseased populations."
"Virginia Commonwealth University","Physicsical Education & Exercise Science (Exercise Science)","HPEX470","Exercise Programming and Leadership","3","3 lecture hours. 3 credits. Prerequisites: HPEX 310, HPEX 380 and HPEX 441. Provides knowledge and skills necessary for assessing, interpreting and designing health and activity programs for apparently healthy populations. Students develop leadership skills through presentation of ACSM exercise testing procedures and implementation of exercise prescriptions."
"Virginia Commonwealth University","Physicsical Education & Exercise Science (Exercise Science)","HPEX475","Cardiovascular Pathophysiology and Pharmacology","3","3 lecture hours. 3 credits. Prerequisites: HPEX 375 and HPEX 440 or equivalents. Enrollment restricted to HPEX majors. Presents theoretical principles of electrocardiography and the effects of pharmacological intervention in the treatment of cardiovascular disease. Specific emphasis placed on myocardial ischemia, myocardial infarction and their treatment through exercise rehabilitation protocols. The impact of pharmacological agents on the ECG and on exercise is explored."
"Virginia Commonwealth University","Physicsical Education & Exercise Science (Exercise Science)","HPEX480","Professional Certification Seminar","1","1 lecture hour. 1 credit. Prerequisites: HPEX 380, HPEX 441 and HPEX 470. Enrollment restricted to seniors in HPEX major. Provides structured experiences in the classroom, laboratory and exercise arenas to improve knowledge, skills and abilities in health- related physical fitness assessment and exercise programming. Supplements existing course work by correcting any deficiencies in learning competencies toward being a successful exercise professional. A review of certification materials is also an important component of the course. HPEX 491. Special Topic in Health, Physical Education and Exercise Science. 1-3 Hours. Semester course; 1-3 credits. Health, physical education and exercise science majors only. May be repeated up to a maximum of 3 credits. Offers students the opportunity to participate in an approved professional experience related to the students' knowledge base of general education, professional introduction and extensive core professional courses; may include research-based projects or more academically rigorous experiences; credits determined by the number of contact hours of the experience. HPEX 492. Independent Study in Health, Physical Education and Exercise Science. 1-3 Hours. Semester course; 1-3 credits. Health, physical education and exercise science majors only. May be repeated up to a maximum of 3 credits. Enables a student to create an individualized research project or professional experience based on specific professional needs and goals; must have adviser's approval; experiences based on the student's knowledge base of general education, professional introduction and extensive core courses; credits determined by the number of contact hours and extensiveness of the project. 732 Undergraduate courses HPEX 493. Field Experience III. 3-12 Hours. Semester course; variable hours. 3-12 credits. Prerequisites: pass Praxis II; HPEX 393 with a minimum grade of C. Health, physical education and exercise science majors only. An in-depth field experience in a public school, health education/health promotion agency or other approved setting; designed to provide the pre-professional student with greater practical application of skills culminating in full responsibility for planning, implementing and evaluating the classroom, agency or facility activities; a minimum of 50 contact hours per credit hour required; consult with adviser to obtain a course syllabus regarding prerequisites and specific course requirements. HPEX 494. Field Experience IV. 3-6 Hours. Semester course; variable hours. 3-6 credits. Prerequisites: pass Praxis II; HPEX 393 with a minimum grade of C. Health, physical education and exercise science majors only. An in-depth field experience in a public school, health education/health promotion agency or other approved setting; designed to provide the pre-professional student with greater practical application of skills culminating in full responsibility for planning, implementing and evaluating the classroom, agency or facility activities; a minimum of 50 contact hours per credit hour required; consult with adviser to obtain a course syllabus regarding prerequisites and specific course requirements."
"Virginia Commonwealth University","Physicsical Education & Exercise Science (Exercise Science)","HPEX495","Clinical Experience II","6","6 clinical hours. 6 credits. Prerequisites: HPEX 358, HPEX 395 and HPEX 435, each with minimum grade of C; or HPEX 395 and HPEX 441, each with minimum grade of C. Enrollment is restricted to students with senior standing in the health, physical education and exercise science major with permission of the instructor. Students are also expected to maintain current CPR/AED/FA certification throughout the semester. Students should consult with the course instructor to obtain course requirements. Fulfills capstone requirement. Addresses competencies in exercise science, health promotion and/or health science. Provides experiences at an approved affiliate site under the supervision of faculty and approved site supervisors. Students gain practical experience in routine, intermediate and advanced procedures associated with exercise science, health promotion and/or health science. A minimum of 40 contact hours per credit hour required. HPEX 496. Clinical Experience III. 3-6 Hours. Semester course: 6 clinical hours. 6 credits. Prerequisites: HPEX 395, senior standing, permission of instructor and minimum grade of C in all HPEX prerequisite courses. Enrollment restricted to HPEX majors. Students are also expected to maintain current CPR/AED/FA certification throughout the semester. Students should consult with an adviser or course instructor to obtain concentration-specific course prerequisites and course requirements. Addresses competencies in exercise science, health promotion and/or health science. Provides experiences at an approved affiliate site under the supervision of faculty and approved site supervisors. Students gain practical experience in routine, basic and advanced procedures associated with exercise science, health promotion and/or health science. A minimum of 40 contact hours per credit hour required. Health, Physical Education and Exercise Science Lab (HPEZ)"
"Virginia Commonwealth University","Physicsical Education & Exercise Science (Exercise Science)","HPEZ375","Physiology of Exercise Laboratory","1","2 laboratory hours. 1 credit. Prerequisite: PHIS 206. Corequisite: HPEX 375. Provides practical application of the physiological principles presented in HPEX 375; assists students in the development of practical application competencies associated with assessment of acute and chronic effects of exercise on the human body. HPEZ 450. Service-learning in Community Health Education Planning and Evaluation. 1 Hour. Semester course; 1 service-learning/laboratory hour. 1 credit. Corequisite: HPEX 450. Provides experience working with community partners to gain firsthand exposure to specific target populations, observing the needs of those populations and current efforts, if any, to address those needs. Community partners include nonprofit agencies, schools, worksites, hospitals and state and local health departments. History (HIST)"
"Virginia Commonwealth University","Physicsical Education & Exercise Science (Exercise Science)","HUMS202","Choices in a Consumer Society","1","1 lecture hour (delivered online). 1 credit. Corequisite: UNIV 111 or UNIV 112. Provides a framework for understanding the nature of choices made in a consumer society, with an emphasis on the financial consequences of those choices. Students will gain the practical knowledge needed to make informed personal financial decisions as they address immediate, short-term and long-term consumer choices. Administered primarily as a self-paced, computer-aided instructional course. HUMS 291. Special Topics in the Humanities and Sciences. 1-4 Hours. Semester course; 1-4 credits. May be repeated with different content. Specialized topics in the liberal arts and sciences designed to provide an overview of a topic not provided by an existing course or program. May be multidisciplinary. Graded as pass/fail or normal letter grading at the option of the instructor."
"Virginia Commonwealth University","Physicsical Education & Exercise Science (Exercise Science)","MATH151","Precalculus Mathematics","4","3 lecture and 1 mathematics laboratory/recitation hours. 4 credits. Prerequisite: MATH 139 or MATH 141 with a minimum grade of C, or satisfactory score on the VCU Mathematics Placement Test within the one-year period immediately preceding the beginning of the course. An exception to this policy is made in the case where the stated alternative prerequisite course has been completed at VCU. Concepts and applications of algebra and trigonometry. Topics include graphics, transformations and inverses of functions; linear, exponential, logarithmic, power, polynomial, rational and trigonometric functions.  MATH 191. Topics in Mathematics. 1-3 Hours. Semester course; 1-3 credits. May be repeated for credit. A study of selected topics in mathematics. For a course to meet the general education requirements it must be stated in the Schedule of Classes. See the Schedule of Classes for specific topics to be offered each semester and prerequisites."
"Virginia Commonwealth University","Physicsical Education & Exercise Science (Exercise Science)","PHIS206","Human Physiology","3","3 lecture hours. 3 credits. Prerequisites: BIOL 101 and BIOZ 101, BIOL 151 and BIOZ 151, or BIOL 152 and BIOZ 152, each with a minimum grade of C. Functioning of the human body with emphasis on experimental procedures."
"Virginia Commonwealth University","Physicsical Education & Exercise Science (Exercise Science)","PHIZ206","Human Physiology Laboratory","1","2 laboratory hours. 1 credit. Pre- or corequisite: PHIS 206. Functioning of the human body with emphasis on experimental procedures. Not applicable for credit toward the B.S. in Biology. School of Nursing Nursing (NURS) NURS 103. Culture, Diversity and Communication in Health Care Settings. 3 Hours. Semester course; 3 lecture hours. 3 credits. This course challenges individuals to recognize how and to what extent diversity affects the interactions that occur within the health care system and to explore communication skills through a more holistic and inclusive framework. Effective communication across diverse groups of people is a necessary skill in today’s society, but it is especially important in health care interactions. Most individuals will interact with the health care system in the U.S. at several points in their lives as patients and, for some, in a practitioner or policy-maker role. Interactions with the health care system are often brief, fragmented and sometimes involve multiple people for the care of one patient. It is critical to develop one’s awareness for how identity, culture and group membership influence health behaviors and decisions to appropriately advocate for oneself and others."
"Virginia Commonwealth University","Physicsical Education & Exercise Science (Exercise Science)","PHYS201","General Physics I","4","3 lecture and 3 laboratory hours. 4 credits. Prerequisite: MATH 151. Designed primarily for life-science majors. Basic concepts of motion, waves and heat. Not applicable toward the physics major."
"Virginia Commonwealth University","Physicsical Education & Exercise Science (Exercise Science)","PSYC101","Introduction to Psychology","4","3 lecture and 1 computer-assisted laboratory hours (delivered online, face-to-face or hybrid). 4 credits. A survey of the basic principles, methods of investigation and fields of study and application. Includes individualized application of principles and methods in computerized learning activities. This course is a prerequisite for upper-level work in the field of psychology."
"Virginia Commonwealth University","Physicsical Education & Exercise Science (Exercise Science)","PSYC304","Life Span Developmental Psychology","3","3 lecture hours. 3 credits. Prerequisite: PSYC 101. Reviews the basic concepts and principles of physical, cognitive and social development at each major stage of life-prenatal, infancy, toddlerhood, preschool, middle childhood, adolescence, adulthood and old age. Consideration is given to the study of development at each stage of life and to different theoretical explanations for development. PSYC 301 Child Psychology may not also be taken for credit."
"Virginia Commonwealth University","Physicsical Education & Exercise Science (Exercise Science)","STAT210","Basic Practice of Statistics","3","3 lecture hours (delivered online, face-to-face or hybrid). 3 credits. Prerequisite: satisfactory score on the VCU Mathematics Placement Test within the one-year period immediately preceding the beginning of the course, or MATH 131, MATH 139, MATH 141, MATH 151, MATH 200 or MATH 201. Designed for students who will likely take another quantitative reasoning course for which statistics may be a prerequisite. Not open to mathematical sciences or computer science majors. Topics include examining distributions, examining relationships, producing data, sampling distributions and probability, introduction to inference. Students may receive credit toward graduation for only one of STAT 206, STAT 208, STAT 210, STAT 212, STAT 312 or SCMA 301."
"Virginia Commonwealth University","Physicsical Education & Exercise Science (Health Science)","BIOL205","Basic Human Anatomy","4","3 lecture and 3 laboratory hours (plus online component). 4 credits. Prerequisites: BIOL 101 and BIOZ 101, BIOL 151 and BIOZ 151, or BIOL 152 and BIOZ 152, each with a minimum grade of C. Enrollment is restricted to students majoring in communication arts, health and physical education, health, physical education and exercise science; pre-health majors in medical laboratory sciences, clinical radiation sciences, dental hygiene and nursing; students enrolled in the health sciences certificate program; and students in the advising tracks for pre-occupational therapy, pre-physician assistant, pre-pharmacy and pre-physical therapy. Additionally, students in the pre-dentistry or pre-optometry advising tracks or those pursuing application to the accelerated nursing program must speak with a pre-professional health adviser prior to enrolling in the class. Human specimens, models and interactive software are used to study human body structures; emphasis is on the skeleto-muscular aspects. Not applicable for credit toward the B.S. in Biology. 698 Undergraduate courses"
"Virginia Commonwealth University","Physicsical Education & Exercise Science (Health Science)","CHEM101","General Chemistry I","3","3 lecture and 1 recitation hours. 3 credits. Prerequisites: MATH 139, MATH 141, MATH 151, MATH 200, MATH 201 or satisfactory score on the VCU mathematics placement test within the one-year period immediately preceding the beginning of the course; and CHEM 100 with a minimum grade of B or satisfactory score on the chemistry placement exam/assessment within the one-year period immediately preceding the beginning of the course. Fundamental principles and theories of chemistry."
"Virginia Commonwealth University","Physicsical Education & Exercise Science (Health Science)","CHEZ101","General Chemistry Laboratory I","1","1 lecture and 2 laboratory hours. 1 credit. Pre- or corequisite: CHEM 101. Experimental work correlated with CHEM 101 with selected forensic science applications. Each student is charged for breakage incurred. Approved safety glasses are required. Failure to check out of laboratory upon withdrawal or for other reasons will incur a charge billed from the Student Accounting Department."
"Virginia Commonwealth University","Physicsical Education & Exercise Science (Health Science)","HPEX250","Medical Terminology","1","1 lecture hour. 1 credit. Self-directed learning experience for students entering a medical or allied health profession. Presents medical terms by their root word, suffix and prefix. Develops skills to build and decode medical terms by their word parts. Develops ability to recognize and use common medical abbreviations. "
"Virginia Commonwealth University","Physicsical Education & Exercise Science (Health Science)","HPEX300","Health Care Delivery in the US","3","3 lecture hours. 3 credits. Introduces students to the American health care system and provides an opportunity to analyze the diverse components comprising the system. Major components of the system are examined, including inpatient and outpatient services, financing, insurance and technology. Provides the student a perspective of the variety of career choices in health care."
"Virginia Commonwealth University","Physicsical Education & Exercise Science (Health Science)","HPEX310","Fitness and Health","3","3 lecture hours (delivered online, face-to-face or hybrid). 3 credits. Presents the knowledge and pedagogical principles of strength, flexibility, aerobic and anaerobic training programs, as well as the role that exercise and lifestyle play on overall health. Emphasis is on understanding, experiencing and applying conditioning principles for individuals and how they impact health."
"Virginia Commonwealth University","Physicsical Education & Exercise Science (Health Science)","HPEX345","Nutrition for Health and Disease","3","3 lecture hours. 3 credits. Enrollment restricted to HPEX majors. Overview of basic nutritional knowledge for both healthy individuals and those with increased risk of cardiovascular disease. The course relies on evidence-based research when discussing food and nutrition. Topics include science and politics of dietary guidelines; the science and controversies of carbohydrates, proteins, fats, vitamins and minerals; supplements; obesity and weight loss; digestion and absorption; allergies and intolerances; functional foods, phytochemicals and organic food."
"Virginia Commonwealth University","Physicsical Education & Exercise Science (Health Science)","HPEX352","Substance Abuse","3","3 lecture hours. 3 credits. A survey of drugs that are used and abused in contemporary society. Multidisciplinary lectures and discussions include the historical and sociological perspectives of drugs in the school and community; the psychological and physiological effects of drug use; and the role of local and regional resources. Designed for students, teachers, counselors, administrators and other interested persons. Rehabilitation methods and prevention programs also will be discussed."
"Virginia Commonwealth University","Physicsical Education & Exercise Science (Health Science)","HPEX353","Disease Trends, Prevention and Control","3","3 lecture hours. 3 credits. Pre- or corequisite: HPEX 250. Provides students an opportunity to examine the major categories of diseases, infectious and noninfectious, including significant examples in each category. Students will also research major diseases affecting the U.S. population as well as global populations. Current modalities for the prevention, treatment and control of these diseases will be studied."
"Virginia Commonwealth University","Physicsical Education & Exercise Science (Health Science)","HPEX354","Coping and Adaptation","3","3 lecture hours. 3 credits. Focuses on common stress factors in life such as death, personal loss, life changes, divorce and emotional problems, such as anger, loneliness and frustration. Strategies for dealing with such stressors are discussed and applied to both personal and professional settings."
"Virginia Commonwealth University","Physicsical Education & Exercise Science (Health Science)","HPEX357","Personal Health and Behavior Change","3","3 lecture hours. 3 credits. Designed to provide students with a basic understanding of various contemporary personal and community health issues. Special emphasis placed on increasing awareness of multiple factors that affect individual health-behavior change and, subsequently, influence current and future health status. "
"Virginia Commonwealth University","Physicsical Education & Exercise Science (Health Science)","HPEX358","Introduction to Epidemiology","3","3 lecture hours. 3 credits. Prerequisite: STAT 210. Enrollment restricted to HPEX majors. Introduction of students to the field of public health epidemiology, emphasizing methods for assessing factors associated with the distribution and etiology of health and disease. Skills include methods for identifying and evaluating sources of health information, calculation of key epidemiologic measures, epidemiological investigation techniques, and evaluation of the strengths and weaknesses of different study designs."
"Virginia Commonwealth University","Physicsical Education & Exercise Science (Health Science)","HPEX395","Clinical Experience I","3","Semester course: 3 clinical hours. 3 credits. Prerequisites for students in the exercise science concentration: HPEX 375, junior standing and permission of instructor. Prerequisites for students in the health sciences concentration: HPEX 250, HPEX 300, HPEX 353 and BIOL 205, junior standing, and permission of instructor. Enrollment restricted to HPEX majors. Students are also expected to maintain current CPR/AED/FA certification throughout the semester. Students should consult with an adviser or course instructor to obtain concentration-specific course prerequisites and course requirements. Addresses competencies in exercise science, health promotion and/or health science. Provides experiences at an approved affiliate site under the supervision of faculty and approved site supervisors. Students gain practical experience in routine and basic procedures associated with exercise science, health promotion and/or health science. A minimum of 40 contact hours per credit hour required. HPEX 396. Clinical Experience II. 3-6 Hours. variable clinical hours. 3-6 credits. Health, physical education and exercise science majors only. Addresses required competencies in the athletic training, kinesiotherapy or community wellness education programs; provides experiences in an approved affiliate site under the supervision of faculty and approved clinical instructors; gains practical experience in routine, basic and advanced procedures associated with athletic training, kinesiotherapy or community wellness; a minimum of 50 contact hours per credit hour required; consult with adviser to obtain specific course requirements and clinical competencies addressed."
"Virginia Commonwealth University","Physicsical Education & Exercise Science (Health Science)","HPEX435","Health Disparities in the US","3","3 lecture hours. 3 credits. Prerequisites: HPEX 353 and HPEX 358. Enrollment restricted to HPEX majors. Provides an exploration into the magnitude of health disparities in the U.S. and the association with socioeconomic status, race, ethnicity, country of origin, cultural history and access to health services. Students are encouraged to broaden their perspectives and understand how various sociocultural factors impact health and health care delivery as it relates to the patient/ consumer as well as the health care practitioner. Targets the values, beliefs, attitudes and customs of multiple segments of the population in relationship to age, gender, disability status, sexual orientation, area of residence, etc. Emphasizes and provides learning experiences to assist in the development of cultural competence."
"Virginia Commonwealth University","Physicsical Education & Exercise Science (Health Science)","HPEX445","Principles of Health Care Management","3","3 lecture hours. 3 credits. Prerequisite: HPEX 240 or 300. Exposes the student to basic aspects of administration and management in various health care settings. The traditional areas of administration and management, such as planning, organizing, staffing, directing and controlling will be addressed. Contemporary issues such as cultural competence, quality of care, ethics, and fraud and abuse will be examined. The course will provide a theoretical base that will enhance and facilitate the student's application of sound management principles in various practice settings."
"Virginia Commonwealth University","Physicsical Education & Exercise Science (Health Science)","HPEX495","Clinical Experience II","6","6 clinical hours. 6 credits. Prerequisites: HPEX 358, HPEX 395 and HPEX 435, each with minimum grade of C; or HPEX 395 and HPEX 441, each with minimum grade of C. Enrollment is restricted to students with senior standing in the health, physical education and exercise science major with permission of the instructor. Students are also expected to maintain current CPR/AED/FA certification throughout the semester. Students should consult with the course instructor to obtain course requirements. Fulfills capstone requirement. Addresses competencies in exercise science, health promotion and/or health science. Provides experiences at an approved affiliate site under the supervision of faculty and approved site supervisors. Students gain practical experience in routine, intermediate and advanced procedures associated with exercise science, health promotion and/or health science. A minimum of 40 contact hours per credit hour required. HPEX 496. Clinical Experience III. 3-6 Hours. Semester course: 6 clinical hours. 6 credits. Prerequisites: HPEX 395, senior standing, permission of instructor and minimum grade of C in all HPEX prerequisite courses. Enrollment restricted to HPEX majors. Students are also expected to maintain current CPR/AED/FA certification throughout the semester. Students should consult with an adviser or course instructor to obtain concentration-specific course prerequisites and course requirements. Addresses competencies in exercise science, health promotion and/or health science. Provides experiences at an approved affiliate site under the supervision of faculty and approved site supervisors. Students gain practical experience in routine, basic and advanced procedures associated with exercise science, health promotion and/or health science. A minimum of 40 contact hours per credit hour required. Health, Physical Education and Exercise Science Lab (HPEZ)"
"Virginia Commonwealth University","Physicsical Education & Exercise Science (Health Science)","HUMS202","Choices in a Consumer Society","1","1 lecture hour (delivered online). 1 credit. Corequisite: UNIV 111 or UNIV 112. Provides a framework for understanding the nature of choices made in a consumer society, with an emphasis on the financial consequences of those choices. Students will gain the practical knowledge needed to make informed personal financial decisions as they address immediate, short-term and long-term consumer choices. Administered primarily as a self-paced, computer-aided instructional course. HUMS 291. Special Topics in the Humanities and Sciences. 1-4 Hours. Semester course; 1-4 credits. May be repeated with different content. Specialized topics in the liberal arts and sciences designed to provide an overview of a topic not provided by an existing course or program. May be multidisciplinary. Graded as pass/fail or normal letter grading at the option of the instructor."
"Virginia Commonwealth University","Physicsical Education & Exercise Science (Health Science)","MATH151","Precalculus Mathematics","4","3 lecture and 1 mathematics laboratory/recitation hours. 4 credits. Prerequisite: MATH 139 or MATH 141 with a minimum grade of C, or satisfactory score on the VCU Mathematics Placement Test within the one-year period immediately preceding the beginning of the course. An exception to this policy is made in the case where the stated alternative prerequisite course has been completed at VCU. Concepts and applications of algebra and trigonometry. Topics include graphics, transformations and inverses of functions; linear, exponential, logarithmic, power, polynomial, rational and trigonometric functions.  MATH 191. Topics in Mathematics. 1-3 Hours. Semester course; 1-3 credits. May be repeated for credit. A study of selected topics in mathematics. For a course to meet the general education requirements it must be stated in the Schedule of Classes. See the Schedule of Classes for specific topics to be offered each semester and prerequisites."
"Virginia Commonwealth University","Physicsical Education & Exercise Science (Health Science)","PHIS206","Human Physiology","3","3 lecture hours. 3 credits. Prerequisites: BIOL 101 and BIOZ 101, BIOL 151 and BIOZ 151, or BIOL 152 and BIOZ 152, each with a minimum grade of C. Functioning of the human body with emphasis on experimental procedures."
"Virginia Commonwealth University","Physicsical Education & Exercise Science (Health Science)","PHIZ206","Human Physiology Laboratory","1","2 laboratory hours. 1 credit. Pre- or corequisite: PHIS 206. Functioning of the human body with emphasis on experimental procedures. Not applicable for credit toward the B.S. in Biology. School of Nursing Nursing (NURS) NURS 103. Culture, Diversity and Communication in Health Care Settings. 3 Hours. Semester course; 3 lecture hours. 3 credits. This course challenges individuals to recognize how and to what extent diversity affects the interactions that occur within the health care system and to explore communication skills through a more holistic and inclusive framework. Effective communication across diverse groups of people is a necessary skill in today’s society, but it is especially important in health care interactions. Most individuals will interact with the health care system in the U.S. at several points in their lives as patients and, for some, in a practitioner or policy-maker role. Interactions with the health care system are often brief, fragmented and sometimes involve multiple people for the care of one patient. It is critical to develop one’s awareness for how identity, culture and group membership influence health behaviors and decisions to appropriately advocate for oneself and others."
"Virginia Commonwealth University","Physicsical Education & Exercise Science (Health Science)","PHYS201","General Physics I","4","3 lecture and 3 laboratory hours. 4 credits. Prerequisite: MATH 151. Designed primarily for life-science majors. Basic concepts of motion, waves and heat. Not applicable toward the physics major."
"Virginia Commonwealth University","Physicsical Education & Exercise Science (Health Science)","PSYC101","Introduction to Psychology","4","3 lecture and 1 computer-assisted laboratory hours (delivered online, face-to-face or hybrid). 4 credits. A survey of the basic principles, methods of investigation and fields of study and application. Includes individualized application of principles and methods in computerized learning activities. This course is a prerequisite for upper-level work in the field of psychology."
"Virginia Commonwealth University","Physicsical Education & Exercise Science (Health Science)","PSYC304","Life Span Developmental Psychology","3","3 lecture hours. 3 credits. Prerequisite: PSYC 101. Reviews the basic concepts and principles of physical, cognitive and social development at each major stage of life-prenatal, infancy, toddlerhood, preschool, middle childhood, adolescence, adulthood and old age. Consideration is given to the study of development at each stage of life and to different theoretical explanations for development. PSYC 301 Child Psychology may not also be taken for credit."
"Virginia Commonwealth University","Physicsical Education & Exercise Science (Health Science)","STAT210","Basic Practice of Statistics","3","3 lecture hours (delivered online, face-to-face or hybrid). 3 credits. Prerequisite: satisfactory score on the VCU Mathematics Placement Test within the one-year period immediately preceding the beginning of the course, or MATH 131, MATH 139, MATH 141, MATH 151, MATH 200 or MATH 201. Designed for students who will likely take another quantitative reasoning course for which statistics may be a prerequisite. Not open to mathematical sciences or computer science majors. Topics include examining distributions, examining relationships, producing data, sampling distributions and probability, introduction to inference. Students may receive credit toward graduation for only one of STAT 206, STAT 208, STAT 210, STAT 212, STAT 312 or SCMA 301."
"Virginia Commonwealth University","Applied Mathematics","HUMS202","Choices in a Consumer Society","1","1 lecture hour (delivered online). 1 credit. Corequisite: UNIV 111 or UNIV 112. Provides a framework for understanding the nature of choices made in a consumer society, with an emphasis on the financial consequences of those choices. Students will gain the practical knowledge needed to make informed personal financial decisions as they address immediate, short-term and long-term consumer choices. Administered primarily as a self-paced, computer-aided instructional course. HUMS 291. Special Topics in the Humanities and Sciences. 1-4 Hours. Semester course; 1-4 credits. May be repeated with different content. Specialized topics in the liberal arts and sciences designed to provide an overview of a topic not provided by an existing course or program. May be multidisciplinary. Graded as pass/fail or normal letter grading at the option of the instructor."
"Virginia Commonwealth University","Applied Mathematics","MATH200","Calculus with Analytic Geometry I","4","4 lecture hours. 4 credits. Prerequisite: MATH 151 with a minimum grade of C or satisfactory score on the VCU Mathematics Placement Test within the one-year period immediately preceding the beginning of the course. Limits, continuity, derivatives, differentials, antiderivatives and definite integrals."
"Virginia Commonwealth University","Applied Mathematics","MATH201","Calculus with Analytic Geometry II","4","4 lecture hours. 4 credits. Prerequisite: MATH 200 with a minimum grade of C. Applications of differentiation and integration. Selected topics in analytic geometry. Infinite series."
"Virginia Commonwealth University","Applied Mathematics","MATH255","Introduction to Computational Mathematics","3","3 lecture hours. 3 credits. Prerequisite: MATH 201 with a minimum grade of C. (A core course for mathematics/applied mathematics majors.) An introduction to computer algebra systems (CAS) and their use in mathematical, scientific and engineering investigations/computations. Introductory mathematical computer programming using a CAS, including implementation of problem-specific algorithms. MATH 291. Topics in Mathematics. 1-3 Hours. Semester course; 1-3 credits. May be repeated for credit. A study of selected topics in mathematics. See the Schedule of Classes for specific topics to be offered each semester and prerequisites."
"Virginia Commonwealth University","Applied Mathematics","MATH300","Introduction to Mathematical Reasoning","3","3 lecture hours. 3 credits. Prerequisite: MATH 201 with a minimum grade of C. (A core course for mathematics/applied mathematics majors.) An introduction to basic concepts of mathematical reasoning and the writing of proofs in an elementary setting. Direct, indirect and induction proofs. Illustrations of the concepts include basic proofs from mathematical logic, elementary set theory, elementary number theory, number systems, foundations of calculus, relations, equivalence relations, functions and counting with emphasis on combinatorial proofs. 758 Undergraduate courses"
"Virginia Commonwealth University","Applied Mathematics","MATH301","Differential Equations","3","3 lecture hours. 3 credits. Prerequisite: MATH 201 with a minimum grade of C. Solutions of ordinary differential equations of first order. Solutions of higher order linear differential equations with constant coefficients and variable coefficients by the methods of undetermined coefficients and variation of parameters, solutions by Laplace transforms and applications."
"Virginia Commonwealth University","Applied Mathematics","MATH307","Multivariate Calculus","4","4 lecture hours. 4 credits. Prerequisite: MATH 201 with a minimum grade of C. The calculus of vector-valued functions and of functions of more than one variable. Partial derivatives, multiple integrals, line integrals, surface integrals and curvilinear coordinates. Lagrange multipliers; theorems of Green, Gauss and Stokes. Applications."
"Virginia Commonwealth University","Applied Mathematics","MATH310","Linear Algebra","3","3 lecture hours. 3 credits. Prerequisite: MATH 201 with a minimum grade of C. Systems of linear equations, vector spaces, linear dependence, bases, dimensions, linear mappings, matrices, determinants, quadratic forms, orthogonal reduction to diagonal form, eigenvalues and geometric applications."
"Virginia Commonwealth University","Applied Mathematics","MATH407","Real Analysis","3","3 lecture hours. 3 credits. Prerequisite: MATH 300 with a minimum grade of C. Theoretical aspects of calculus. Topics include properties of real numbers, countable and uncountable sets, sequences and series, limits, continuity, derivatives, and Riemann integration."
"Virginia Commonwealth University","Applied Mathematics","MATH415","Numerical Methods","3","3 lecture hours. 3 credits. Prerequisites: MATH 255, MATH 301 and MATH 310, each with a minimum grade of C. Numerical methods for interpolation, solving systems of linear equations and initial value problems (ordinary differential equations) and the exploration of computational error."
"Virginia Commonwealth University","Applied Mathematics","MATH435","Mathematical and Computational Modeling","3","3 lecture hours. 3 credits. Prerequisites: MATH 301 and MATH 310, each with minimum grade of C. Focuses on general mathematical modeling principles. A variety of application areas are explored through a complete model development cycle. This process involves the theoretical development of a mathematical model, implementation of a computational solution and exploration of the solution within the context of the application area."
"Virginia Commonwealth University","Applied Mathematics","MATH490","Mathematical Expositions","3","3 lecture hours. 3 credits. Prerequisites: UNIV 200 or HONR 200 with a minimum grade of C. Enrollment is restricted to seniors in mathematical sciences with a minimum of 85 credit hours taken toward the degree. Required for all majors in the Department of Mathematics and Applied Mathematics. A senior capstone course in the major designed to help students attain proficiency in expository mathematical writing and oral presentation, which require the efficient and effective use of mathematics and the English language. Students will learn a variety of topics in mathematics, write reviews of selected award- winning mathematics papers and write a senior paper. MATH 492. Independent Study. 1-4 Hours. Semester course; variable hours. 1-4 credits. Maximum 4 credits per semester; maximum total of 6 credits. Generally open only to students of junior or senior standing who have acquired at least 12 credits in the departmental discipline. Determination of the amount of credit and permission of instructor and department chair must be procured prior to registration for the course. The student must submit a proposal for investigating some area or problem not contained in the regular curriculum. The results of the student's study will be presented in a report."
"Virginia Commonwealth University","Applied Mathematics","STAT212","Concepts of Statistics","3","3 lecture hours. 3 credits. Prerequisite: satisfactory score on the VCU Mathematics Placement Test within the one-year period immediately preceding the beginning of the course, or MATH 151, MATH 200 or MATH 201. Introductory statistics course with an emphasis on descriptive statistics, correlation and regression, probability, normal distributions, t distributions, and statistical inference. Graphing calculators will be used extensively. A core course for mathematical sciences. Students may receive credit toward graduation for only one of STAT 206, STAT 208, STAT 210, STAT 212, STAT 312 or SCMA 301. STAT 291. Topics in Statistics. 1-3 Hours. Semester course; 1-3 lecture hours. 1-3 credits. A study of selected topics in statistics. Specific topics may fulfill general education requirements. See the Schedule of Classes for specific topics and prerequisites."
"Virginia Commonwealth University","Mathematics (Biomath)","HUMS202","Choices in a Consumer Society","1","1 lecture hour (delivered online). 1 credit. Corequisite: UNIV 111 or UNIV 112. Provides a framework for understanding the nature of choices made in a consumer society, with an emphasis on the financial consequences of those choices. Students will gain the practical knowledge needed to make informed personal financial decisions as they address immediate, short-term and long-term consumer choices. Administered primarily as a self-paced, computer-aided instructional course. HUMS 291. Special Topics in the Humanities and Sciences. 1-4 Hours. Semester course; 1-4 credits. May be repeated with different content. Specialized topics in the liberal arts and sciences designed to provide an overview of a topic not provided by an existing course or program. May be multidisciplinary. Graded as pass/fail or normal letter grading at the option of the instructor."
"Virginia Commonwealth University","Mathematics (Biomath)","MATH200","Calculus with Analytic Geometry I","4","4 lecture hours. 4 credits. Prerequisite: MATH 151 with a minimum grade of C or satisfactory score on the VCU Mathematics Placement Test within the one-year period immediately preceding the beginning of the course. Limits, continuity, derivatives, differentials, antiderivatives and definite integrals."
"Virginia Commonwealth University","Mathematics (Biomath)","MATH201","Calculus with Analytic Geometry II","4","4 lecture hours. 4 credits. Prerequisite: MATH 200 with a minimum grade of C. Applications of differentiation and integration. Selected topics in analytic geometry. Infinite series."
"Virginia Commonwealth University","Mathematics (Biomath)","MATH255","Introduction to Computational Mathematics","3","3 lecture hours. 3 credits. Prerequisite: MATH 201 with a minimum grade of C. (A core course for mathematics/applied mathematics majors.) An introduction to computer algebra systems (CAS) and their use in mathematical, scientific and engineering investigations/computations. Introductory mathematical computer programming using a CAS, including implementation of problem-specific algorithms. MATH 291. Topics in Mathematics. 1-3 Hours. Semester course; 1-3 credits. May be repeated for credit. A study of selected topics in mathematics. See the Schedule of Classes for specific topics to be offered each semester and prerequisites."
"Virginia Commonwealth University","Mathematics (Biomath)","MATH300","Introduction to Mathematical Reasoning","3","3 lecture hours. 3 credits. Prerequisite: MATH 201 with a minimum grade of C. (A core course for mathematics/applied mathematics majors.) An introduction to basic concepts of mathematical reasoning and the writing of proofs in an elementary setting. Direct, indirect and induction proofs. Illustrations of the concepts include basic proofs from mathematical logic, elementary set theory, elementary number theory, number systems, foundations of calculus, relations, equivalence relations, functions and counting with emphasis on combinatorial proofs. 758 Undergraduate courses"
"Virginia Commonwealth University","Mathematics (Biomath)","MATH301","Differential Equations","3","3 lecture hours. 3 credits. Prerequisite: MATH 201 with a minimum grade of C. Solutions of ordinary differential equations of first order. Solutions of higher order linear differential equations with constant coefficients and variable coefficients by the methods of undetermined coefficients and variation of parameters, solutions by Laplace transforms and applications."
"Virginia Commonwealth University","Mathematics (Biomath)","MATH307","Multivariate Calculus","4","4 lecture hours. 4 credits. Prerequisite: MATH 201 with a minimum grade of C. The calculus of vector-valued functions and of functions of more than one variable. Partial derivatives, multiple integrals, line integrals, surface integrals and curvilinear coordinates. Lagrange multipliers; theorems of Green, Gauss and Stokes. Applications."
"Virginia Commonwealth University","Mathematics (Biomath)","MATH310","Linear Algebra","3","3 lecture hours. 3 credits. Prerequisite: MATH 201 with a minimum grade of C. Systems of linear equations, vector spaces, linear dependence, bases, dimensions, linear mappings, matrices, determinants, quadratic forms, orthogonal reduction to diagonal form, eigenvalues and geometric applications."
"Virginia Commonwealth University","Mathematics (Biomath)","MATH380","Introduction to Mathematical Biology","4","3 lecture and 2 laboratory hours. 4 credits. Prerequisites: MATH 200 and BIOL 151, both with a minimum grade of C, or permission of instructor. An introduction to mathematical biology. Various mathematical modeling tools will be covered and implemented in a range of biological areas. Additionally, the collaborative research process will be presented and discussed. Crosslisted as: BNFO 380. MATH 391. Topics in Mathematics. 1-3 Hours. Semester course; 1-3 credits. May be repeated for credit. A study of selected topics in mathematics. See the Schedule of Classes for specific topics to be offered each semester and prerequisites."
"Virginia Commonwealth University","Mathematics (Biomath)","MATH407","Real Analysis","3","3 lecture hours. 3 credits. Prerequisite: MATH 300 with a minimum grade of C. Theoretical aspects of calculus. Topics include properties of real numbers, countable and uncountable sets, sequences and series, limits, continuity, derivatives, and Riemann integration."
"Virginia Commonwealth University","Mathematics (Biomath)","MATH432","Ordinary Differential Equations","3","3 lecture hours. 3 credits. Prerequisites: MATH 300, MATH 301, MATH 307 and MATH 310, each with a minimum grade of C. Existence and uniqueness of solutions, linearization and stability analysis, Lyapunov stability theory, periodic solutions, and bifurcations. Applications and simulations are emphasized."
"Virginia Commonwealth University","Mathematics (Biomath)","MATH435","Mathematical and Computational Modeling","3","3 lecture hours. 3 credits. Prerequisites: MATH 301 and MATH 310, each with minimum grade of C. Focuses on general mathematical modeling principles. A variety of application areas are explored through a complete model development cycle. This process involves the theoretical development of a mathematical model, implementation of a computational solution and exploration of the solution within the context of the application area."
"Virginia Commonwealth University","Mathematics (Biomath)","MATH490","Mathematical Expositions","3","3 lecture hours. 3 credits. Prerequisites: UNIV 200 or HONR 200 with a minimum grade of C. Enrollment is restricted to seniors in mathematical sciences with a minimum of 85 credit hours taken toward the degree. Required for all majors in the Department of Mathematics and Applied Mathematics. A senior capstone course in the major designed to help students attain proficiency in expository mathematical writing and oral presentation, which require the efficient and effective use of mathematics and the English language. Students will learn a variety of topics in mathematics, write reviews of selected award- winning mathematics papers and write a senior paper. MATH 492. Independent Study. 1-4 Hours. Semester course; variable hours. 1-4 credits. Maximum 4 credits per semester; maximum total of 6 credits. Generally open only to students of junior or senior standing who have acquired at least 12 credits in the departmental discipline. Determination of the amount of credit and permission of instructor and department chair must be procured prior to registration for the course. The student must submit a proposal for investigating some area or problem not contained in the regular curriculum. The results of the student's study will be presented in a report."
"Virginia Commonwealth University","Mathematics (Biomath)","MATH585","BIOMATHEMATICS SEMINAR","1","2 lecture hours. 1 credit. Prerequisite: MATH 301 or permission of  instructor. May be repeated with different thematic content. Opportunity for students  to develop their understanding of the connection between mathematics and the areas of  biology and medicine. Activities include reading of classical and contemporary research  literature, attending seminar talks and class discussions."
"Virginia Commonwealth University","Mathematics (Biomath)","STAT212","Concepts of Statistics","3","3 lecture hours. 3 credits. Prerequisite: satisfactory score on the VCU Mathematics Placement Test within the one-year period immediately preceding the beginning of the course, or MATH 151, MATH 200 or MATH 201. Introductory statistics course with an emphasis on descriptive statistics, correlation and regression, probability, normal distributions, t distributions, and statistical inference. Graphing calculators will be used extensively. A core course for mathematical sciences. Students may receive credit toward graduation for only one of STAT 206, STAT 208, STAT 210, STAT 212, STAT 312 or SCMA 301. STAT 291. Topics in Statistics. 1-3 Hours. Semester course; 1-3 lecture hours. 1-3 credits. A study of selected topics in statistics. Specific topics may fulfill general education requirements. See the Schedule of Classes for specific topics and prerequisites."
"Virginia Commonwealth University","Mathematics (General Mathematical Sciences)","HUMS202","Choices in a Consumer Society","1","1 lecture hour (delivered online). 1 credit. Corequisite: UNIV 111 or UNIV 112. Provides a framework for understanding the nature of choices made in a consumer society, with an emphasis on the financial consequences of those choices. Students will gain the practical knowledge needed to make informed personal financial decisions as they address immediate, short-term and long-term consumer choices. Administered primarily as a self-paced, computer-aided instructional course. HUMS 291. Special Topics in the Humanities and Sciences. 1-4 Hours. Semester course; 1-4 credits. May be repeated with different content. Specialized topics in the liberal arts and sciences designed to provide an overview of a topic not provided by an existing course or program. May be multidisciplinary. Graded as pass/fail or normal letter grading at the option of the instructor."
"Virginia Commonwealth University","Mathematics (General Mathematical Sciences)","MATH200","Calculus with Analytic Geometry I","4","4 lecture hours. 4 credits. Prerequisite: MATH 151 with a minimum grade of C or satisfactory score on the VCU Mathematics Placement Test within the one-year period immediately preceding the beginning of the course. Limits, continuity, derivatives, differentials, antiderivatives and definite integrals."
"Virginia Commonwealth University","Mathematics (General Mathematical Sciences)","MATH201","Calculus with Analytic Geometry II","4","4 lecture hours. 4 credits. Prerequisite: MATH 200 with a minimum grade of C. Applications of differentiation and integration. Selected topics in analytic geometry. Infinite series."
"Virginia Commonwealth University","Mathematics (General Mathematical Sciences)","MATH255","Introduction to Computational Mathematics","3","3 lecture hours. 3 credits. Prerequisite: MATH 201 with a minimum grade of C. (A core course for mathematics/applied mathematics majors.) An introduction to computer algebra systems (CAS) and their use in mathematical, scientific and engineering investigations/computations. Introductory mathematical computer programming using a CAS, including implementation of problem-specific algorithms. MATH 291. Topics in Mathematics. 1-3 Hours. Semester course; 1-3 credits. May be repeated for credit. A study of selected topics in mathematics. See the Schedule of Classes for specific topics to be offered each semester and prerequisites."
"Virginia Commonwealth University","Mathematics (General Mathematical Sciences)","MATH300","Introduction to Mathematical Reasoning","3","3 lecture hours. 3 credits. Prerequisite: MATH 201 with a minimum grade of C. (A core course for mathematics/applied mathematics majors.) An introduction to basic concepts of mathematical reasoning and the writing of proofs in an elementary setting. Direct, indirect and induction proofs. Illustrations of the concepts include basic proofs from mathematical logic, elementary set theory, elementary number theory, number systems, foundations of calculus, relations, equivalence relations, functions and counting with emphasis on combinatorial proofs. 758 Undergraduate courses"
"Virginia Commonwealth University","Mathematics (General Mathematical Sciences)","MATH301","Differential Equations","3","3 lecture hours. 3 credits. Prerequisite: MATH 201 with a minimum grade of C. Solutions of ordinary differential equations of first order. Solutions of higher order linear differential equations with constant coefficients and variable coefficients by the methods of undetermined coefficients and variation of parameters, solutions by Laplace transforms and applications."
"Virginia Commonwealth University","Mathematics (General Mathematical Sciences)","MATH307","Multivariate Calculus","4","4 lecture hours. 4 credits. Prerequisite: MATH 201 with a minimum grade of C. The calculus of vector-valued functions and of functions of more than one variable. Partial derivatives, multiple integrals, line integrals, surface integrals and curvilinear coordinates. Lagrange multipliers; theorems of Green, Gauss and Stokes. Applications."
"Virginia Commonwealth University","Mathematics (General Mathematical Sciences)","MATH310","Linear Algebra","3","3 lecture hours. 3 credits. Prerequisite: MATH 201 with a minimum grade of C. Systems of linear equations, vector spaces, linear dependence, bases, dimensions, linear mappings, matrices, determinants, quadratic forms, orthogonal reduction to diagonal form, eigenvalues and geometric applications."
"Virginia Commonwealth University","Mathematics (General Mathematical Sciences)","MATH407","Real Analysis","3","3 lecture hours. 3 credits. Prerequisite: MATH 300 with a minimum grade of C. Theoretical aspects of calculus. Topics include properties of real numbers, countable and uncountable sets, sequences and series, limits, continuity, derivatives, and Riemann integration."
"Virginia Commonwealth University","Mathematics (General Mathematical Sciences)","MATH490","Mathematical Expositions","3","3 lecture hours. 3 credits. Prerequisites: UNIV 200 or HONR 200 with a minimum grade of C. Enrollment is restricted to seniors in mathematical sciences with a minimum of 85 credit hours taken toward the degree. Required for all majors in the Department of Mathematics and Applied Mathematics. A senior capstone course in the major designed to help students attain proficiency in expository mathematical writing and oral presentation, which require the efficient and effective use of mathematics and the English language. Students will learn a variety of topics in mathematics, write reviews of selected award- winning mathematics papers and write a senior paper. MATH 492. Independent Study. 1-4 Hours. Semester course; variable hours. 1-4 credits. Maximum 4 credits per semester; maximum total of 6 credits. Generally open only to students of junior or senior standing who have acquired at least 12 credits in the departmental discipline. Determination of the amount of credit and permission of instructor and department chair must be procured prior to registration for the course. The student must submit a proposal for investigating some area or problem not contained in the regular curriculum. The results of the student's study will be presented in a report."
"Virginia Commonwealth University","Mathematics (General Mathematical Sciences)","STAT212","Concepts of Statistics","3","3 lecture hours. 3 credits. Prerequisite: satisfactory score on the VCU Mathematics Placement Test within the one-year period immediately preceding the beginning of the course, or MATH 151, MATH 200 or MATH 201. Introductory statistics course with an emphasis on descriptive statistics, correlation and regression, probability, normal distributions, t distributions, and statistical inference. Graphing calculators will be used extensively. A core course for mathematical sciences. Students may receive credit toward graduation for only one of STAT 206, STAT 208, STAT 210, STAT 212, STAT 312 or SCMA 301. STAT 291. Topics in Statistics. 1-3 Hours. Semester course; 1-3 lecture hours. 1-3 credits. A study of selected topics in statistics. Specific topics may fulfill general education requirements. See the Schedule of Classes for specific topics and prerequisites."
"Virginia Commonwealth University","Mathematics ","HUMS202","Choices in a Consumer Society","1","1 lecture hour (delivered online). 1 credit. Corequisite: UNIV 111 or UNIV 112. Provides a framework for understanding the nature of choices made in a consumer society, with an emphasis on the financial consequences of those choices. Students will gain the practical knowledge needed to make informed personal financial decisions as they address immediate, short-term and long-term consumer choices. Administered primarily as a self-paced, computer-aided instructional course. HUMS 291. Special Topics in the Humanities and Sciences. 1-4 Hours. Semester course; 1-4 credits. May be repeated with different content. Specialized topics in the liberal arts and sciences designed to provide an overview of a topic not provided by an existing course or program. May be multidisciplinary. Graded as pass/fail or normal letter grading at the option of the instructor."
"Virginia Commonwealth University","Mathematics ","MATH200","Calculus with Analytic Geometry I","4","4 lecture hours. 4 credits. Prerequisite: MATH 151 with a minimum grade of C or satisfactory score on the VCU Mathematics Placement Test within the one-year period immediately preceding the beginning of the course. Limits, continuity, derivatives, differentials, antiderivatives and definite integrals."
"Virginia Commonwealth University","Mathematics ","MATH201","Calculus with Analytic Geometry II","4","4 lecture hours. 4 credits. Prerequisite: MATH 200 with a minimum grade of C. Applications of differentiation and integration. Selected topics in analytic geometry. Infinite series."
"Virginia Commonwealth University","Mathematics ","MATH300","Introduction to Mathematical Reasoning","3","3 lecture hours. 3 credits. Prerequisite: MATH 201 with a minimum grade of C. (A core course for mathematics/applied mathematics majors.) An introduction to basic concepts of mathematical reasoning and the writing of proofs in an elementary setting. Direct, indirect and induction proofs. Illustrations of the concepts include basic proofs from mathematical logic, elementary set theory, elementary number theory, number systems, foundations of calculus, relations, equivalence relations, functions and counting with emphasis on combinatorial proofs. 758 Undergraduate courses"
"Virginia Commonwealth University","Mathematics ","MATH307","Multivariate Calculus","4","4 lecture hours. 4 credits. Prerequisite: MATH 201 with a minimum grade of C. The calculus of vector-valued functions and of functions of more than one variable. Partial derivatives, multiple integrals, line integrals, surface integrals and curvilinear coordinates. Lagrange multipliers; theorems of Green, Gauss and Stokes. Applications."
"Virginia Commonwealth University","Mathematics ","MATH310","Linear Algebra","3","3 lecture hours. 3 credits. Prerequisite: MATH 201 with a minimum grade of C. Systems of linear equations, vector spaces, linear dependence, bases, dimensions, linear mappings, matrices, determinants, quadratic forms, orthogonal reduction to diagonal form, eigenvalues and geometric applications."
"Virginia Commonwealth University","Mathematics ","SSOR480","Consulting Using Advanced Analytics","3","3 lecture hours. 3 credits. Prerequisites: UNIV 200 or HONR 200; either OPER 427 and OPER 428, or STAT 321 and either STAT 305 or STAT 314. Enrollment is restricted to senior mathematical sciences majors with concentrations in general mathematical sciences, statistics or operations research. Capstone course designed to help students apply analysis techniques and attain proficiency in professional communication, both written and oral, in the context of statistics and operations research. Focuses on applying statistical and analytical concepts to real-world scenarios, working with messy data and communicating conclusions to audiences with varying degrees of mathematical expertise."
"Virginia Commonwealth University","Mathematics ","SSOR485","Career Planning and Professional Development for Statistics and Operations Research","1","1 lecture hour. 1 credit. Enrollment is restricted to junior or senior mathematical sciences majors in the general mathematical sciences, statistics or operations research concentrations. Designed to help students in statistics and operations research concentrations explore and evaluate career plans and prepare for entrance into graduate school or the workforce. Focuses on résumé preparation, interviewing skills, personal statements and evaluating ethical dilemmas. SSOR 492. Independent Study. 2-4 Hours. Semester course; variable hours. 2-4 credits. Maximum 4 credits per semester; maximum total of 6 credits. Generally open only to students of junior or senior standing who have acquired at least 12 credits in the departmental discipline. Determination of the amount of credit and permission of instructor and department chair must be procured prior to registration in the course. The student must submit a proposal for investigating some area or problem not contained in the regular curriculum. The results of the student's study will be presented in a report. 788 Undergraduate courses"
"Virginia Commonwealth University","Mathematics ","STAT212","Concepts of Statistics","3","3 lecture hours. 3 credits. Prerequisite: satisfactory score on the VCU Mathematics Placement Test within the one-year period immediately preceding the beginning of the course, or MATH 151, MATH 200 or MATH 201. Introductory statistics course with an emphasis on descriptive statistics, correlation and regression, probability, normal distributions, t distributions, and statistical inference. Graphing calculators will be used extensively. A core course for mathematical sciences. Students may receive credit toward graduation for only one of STAT 206, STAT 208, STAT 210, STAT 212, STAT 312 or SCMA 301. STAT 291. Topics in Statistics. 1-3 Hours. Semester course; 1-3 lecture hours. 1-3 credits. A study of selected topics in statistics. Specific topics may fulfill general education requirements. See the Schedule of Classes for specific topics and prerequisites."
"Virginia Commonwealth University","Mathematics ","STAT309","Introduction to Probability Theory","3","3 lecture hours. 3 credits. Prerequisites: MATH 307 and either MATH 211 or MATH 300. A study of the mathematical theory of probability, including finite and infinite sample spaces, random variables, discrete and continuous distributions, mathematical expectation, functions of random variables and sampling distributions."
"Virginia Commonwealth University","Mathematics ","STAT321","Introduction to Statistical Computing","3","3 lecture hours. 3 credits. Prerequisites: STAT 212 and MATH 200 or their equivalents. The application of computers and computing software to statistical concepts using R, SAS and other quantitative software. Topics include data storage and retrieval, data modification and file handling, standard statistical analyses, graphical representations, practical presentation of results. STAT 391. Topics in Statistics. 1-3 Hours. Semester course; 1-3 lecture hours. 1-3 credits. Prerequisite: because of the changing subject matter to be treated in this course, permission of the instructor is required. A study of selected topics in statistics. See the Schedule of Classes for specific topics to be offered each semester and prerequisites."
"Virginia Commonwealth University","Mathematics ","HUMS202","Choices in a Consumer Society","1","1 lecture hour (delivered online). 1 credit. Corequisite: UNIV 111 or UNIV 112. Provides a framework for understanding the nature of choices made in a consumer society, with an emphasis on the financial consequences of those choices. Students will gain the practical knowledge needed to make informed personal financial decisions as they address immediate, short-term and long-term consumer choices. Administered primarily as a self-paced, computer-aided instructional course. HUMS 291. Special Topics in the Humanities and Sciences. 1-4 Hours. Semester course; 1-4 credits. May be repeated with different content. Specialized topics in the liberal arts and sciences designed to provide an overview of a topic not provided by an existing course or program. May be multidisciplinary. Graded as pass/fail or normal letter grading at the option of the instructor."
"Virginia Commonwealth University","Mathematics ","MATH200","Calculus with Analytic Geometry I","4","4 lecture hours. 4 credits. Prerequisite: MATH 151 with a minimum grade of C or satisfactory score on the VCU Mathematics Placement Test within the one-year period immediately preceding the beginning of the course. Limits, continuity, derivatives, differentials, antiderivatives and definite integrals."
"Virginia Commonwealth University","Mathematics ","MATH201","Calculus with Analytic Geometry II","4","4 lecture hours. 4 credits. Prerequisite: MATH 200 with a minimum grade of C. Applications of differentiation and integration. Selected topics in analytic geometry. Infinite series."
"Virginia Commonwealth University","Mathematics ","MATH255","Introduction to Computational Mathematics","3","3 lecture hours. 3 credits. Prerequisite: MATH 201 with a minimum grade of C. (A core course for mathematics/applied mathematics majors.) An introduction to computer algebra systems (CAS) and their use in mathematical, scientific and engineering investigations/computations. Introductory mathematical computer programming using a CAS, including implementation of problem-specific algorithms. MATH 291. Topics in Mathematics. 1-3 Hours. Semester course; 1-3 credits. May be repeated for credit. A study of selected topics in mathematics. See the Schedule of Classes for specific topics to be offered each semester and prerequisites."
"Virginia Commonwealth University","Mathematics (Secondary Teacher)","MATH300","Introduction to Mathematical Reasoning","3","3 lecture hours. 3 credits. Prerequisite: MATH 201 with a minimum grade of C. (A core course for mathematics/applied mathematics majors.) An introduction to basic concepts of mathematical reasoning and the writing of proofs in an elementary setting. Direct, indirect and induction proofs. Illustrations of the concepts include basic proofs from mathematical logic, elementary set theory, elementary number theory, number systems, foundations of calculus, relations, equivalence relations, functions and counting with emphasis on combinatorial proofs. 758 Undergraduate courses"
"Virginia Commonwealth University","Mathematics (Secondary Teacher)","MATH301","Differential Equations","3","3 lecture hours. 3 credits. Prerequisite: MATH 201 with a minimum grade of C. Solutions of ordinary differential equations of first order. Solutions of higher order linear differential equations with constant coefficients and variable coefficients by the methods of undetermined coefficients and variation of parameters, solutions by Laplace transforms and applications."
"Virginia Commonwealth University","Mathematics (Secondary Teacher)","MATH307","Multivariate Calculus","4","4 lecture hours. 4 credits. Prerequisite: MATH 201 with a minimum grade of C. The calculus of vector-valued functions and of functions of more than one variable. Partial derivatives, multiple integrals, line integrals, surface integrals and curvilinear coordinates. Lagrange multipliers; theorems of Green, Gauss and Stokes. Applications."
"Virginia Commonwealth University","Mathematics (Secondary Teacher)","MATH310","Linear Algebra","3","3 lecture hours. 3 credits. Prerequisite: MATH 201 with a minimum grade of C. Systems of linear equations, vector spaces, linear dependence, bases, dimensions, linear mappings, matrices, determinants, quadratic forms, orthogonal reduction to diagonal form, eigenvalues and geometric applications."
"Virginia Commonwealth University","Mathematics (Secondary Teacher)","MATH350","Introductory Combinatorics","3","3 lecture hours. 3 credits. Prerequisite: MATH 201 with a minimum grade of C. An introduction to basic combinatorial concepts such as combinations, permutations, binomial coefficients, Fibonacci numbers and Pascal’s triangle; basic theorems such as the pigeonhole principle and Newton’s binomial theorem; algorithms such as bubble sort and quicksort; and discussion of basic applications such as chessboard problems, combinatorial games, magic squares and Latin squares."
"Virginia Commonwealth University","Mathematics (Secondary Teacher)","MATH401","Introduction to Abstract Algebra","3","3 lecture hours. 3 credits. Prerequisites: MATH 300 and MATH 310, each with a minimum grade of C. An introduction to groups, rings and fields from an axiomatic point of view. Coset decomposition and basic morphisms."
"Virginia Commonwealth University","Mathematics (Secondary Teacher)","MATH407","Real Analysis","3","3 lecture hours. 3 credits. Prerequisite: MATH 300 with a minimum grade of C. Theoretical aspects of calculus. Topics include properties of real numbers, countable and uncountable sets, sequences and series, limits, continuity, derivatives, and Riemann integration."
"Virginia Commonwealth University","Mathematics (Secondary Teacher)","MATH409","General Topology","3","3 lecture hours. 3 credits. Prerequisite: MATH 407 with a minimum grade of C. Foundations and fundamental concepts of point- set topology. Topological spaces, continuity, convergence, connected sets, compactness, product spaces, quotient spaces, function spaces, separation properties."
"Virginia Commonwealth University","Mathematics (Secondary Teacher)","MATH427","Excursions in Analysis: Real","3","3 lecture hours. 3 credits. Prerequisites: MATH 307, MATH 310 and MATH 407, each with a minimum grade of C. May be repeated once for credit with a different emphasis and permission of the instructor. Intensive study of ideas and applications from real analysis."
"Virginia Commonwealth University","Mathematics (Secondary Teacher)","MATH490","Mathematical Expositions","3","3 lecture hours. 3 credits. Prerequisites: UNIV 200 or HONR 200 with a minimum grade of C. Enrollment is restricted to seniors in mathematical sciences with a minimum of 85 credit hours taken toward the degree. Required for all majors in the Department of Mathematics and Applied Mathematics. A senior capstone course in the major designed to help students attain proficiency in expository mathematical writing and oral presentation, which require the efficient and effective use of mathematics and the English language. Students will learn a variety of topics in mathematics, write reviews of selected award- winning mathematics papers and write a senior paper. MATH 492. Independent Study. 1-4 Hours. Semester course; variable hours. 1-4 credits. Maximum 4 credits per semester; maximum total of 6 credits. Generally open only to students of junior or senior standing who have acquired at least 12 credits in the departmental discipline. Determination of the amount of credit and permission of instructor and department chair must be procured prior to registration for the course. The student must submit a proposal for investigating some area or problem not contained in the regular curriculum. The results of the student's study will be presented in a report."
"Virginia Commonwealth University","Mathematics (Secondary Teacher)","STAT212","Concepts of Statistics","3","3 lecture hours. 3 credits. Prerequisite: satisfactory score on the VCU Mathematics Placement Test within the one-year period immediately preceding the beginning of the course, or MATH 151, MATH 200 or MATH 201. Introductory statistics course with an emphasis on descriptive statistics, correlation and regression, probability, normal distributions, t distributions, and statistical inference. Graphing calculators will be used extensively. A core course for mathematical sciences. Students may receive credit toward graduation for only one of STAT 206, STAT 208, STAT 210, STAT 212, STAT 312 or SCMA 301. STAT 291. Topics in Statistics. 1-3 Hours. Semester course; 1-3 lecture hours. 1-3 credits. A study of selected topics in statistics. Specific topics may fulfill general education requirements. See the Schedule of Classes for specific topics and prerequisites."
"Virginia Commonwealth University","Mathematics (Secondary Teacher)","HUMS202","Choices in a Consumer Society","1","1 lecture hour (delivered online). 1 credit. Corequisite: UNIV 111 or UNIV 112. Provides a framework for understanding the nature of choices made in a consumer society, with an emphasis on the financial consequences of those choices. Students will gain the practical knowledge needed to make informed personal financial decisions as they address immediate, short-term and long-term consumer choices. Administered primarily as a self-paced, computer-aided instructional course. HUMS 291. Special Topics in the Humanities and Sciences. 1-4 Hours. Semester course; 1-4 credits. May be repeated with different content. Specialized topics in the liberal arts and sciences designed to provide an overview of a topic not provided by an existing course or program. May be multidisciplinary. Graded as pass/fail or normal letter grading at the option of the instructor."
"Virginia Commonwealth University","Mathematics (Secondary Teacher)","MATH200","Calculus with Analytic Geometry I","4","4 lecture hours. 4 credits. Prerequisite: MATH 151 with a minimum grade of C or satisfactory score on the VCU Mathematics Placement Test within the one-year period immediately preceding the beginning of the course. Limits, continuity, derivatives, differentials, antiderivatives and definite integrals."
"Virginia Commonwealth University","Mathematics (Secondary Teacher)","MATH201","Calculus with Analytic Geometry II","4","4 lecture hours. 4 credits. Prerequisite: MATH 200 with a minimum grade of C. Applications of differentiation and integration. Selected topics in analytic geometry. Infinite series."
"Virginia Commonwealth University","Mathematics (Secondary Teacher)","MATH255","Introduction to Computational Mathematics","3","3 lecture hours. 3 credits. Prerequisite: MATH 201 with a minimum grade of C. (A core course for mathematics/applied mathematics majors.) An introduction to computer algebra systems (CAS) and their use in mathematical, scientific and engineering investigations/computations. Introductory mathematical computer programming using a CAS, including implementation of problem-specific algorithms. MATH 291. Topics in Mathematics. 1-3 Hours. Semester course; 1-3 credits. May be repeated for credit. A study of selected topics in mathematics. See the Schedule of Classes for specific topics to be offered each semester and prerequisites."
"Virginia Commonwealth University","Mechanical Engineering","MATH300","Introduction to Mathematical Reasoning","3","3 lecture hours. 3 credits. Prerequisite: MATH 201 with a minimum grade of C. (A core course for mathematics/applied mathematics majors.) An introduction to basic concepts of mathematical reasoning and the writing of proofs in an elementary setting. Direct, indirect and induction proofs. Illustrations of the concepts include basic proofs from mathematical logic, elementary set theory, elementary number theory, number systems, foundations of calculus, relations, equivalence relations, functions and counting with emphasis on combinatorial proofs. 758 Undergraduate courses"
"Virginia Commonwealth University","Mechanical Engineering","MATH307","Multivariate Calculus","4","4 lecture hours. 4 credits. Prerequisite: MATH 201 with a minimum grade of C. The calculus of vector-valued functions and of functions of more than one variable. Partial derivatives, multiple integrals, line integrals, surface integrals and curvilinear coordinates. Lagrange multipliers; theorems of Green, Gauss and Stokes. Applications."
"Virginia Commonwealth University","Mechanical Engineering","MATH310","Linear Algebra","3","3 lecture hours. 3 credits. Prerequisite: MATH 201 with a minimum grade of C. Systems of linear equations, vector spaces, linear dependence, bases, dimensions, linear mappings, matrices, determinants, quadratic forms, orthogonal reduction to diagonal form, eigenvalues and geometric applications."
"Virginia Commonwealth University","Mechanical Engineering","MATH324","MATHEMATICAL PROBLEM SOLVING","3","3 lecture hours. 3 credits. Prerequisites: MATH 300 and  MATH 310, each with a minimum grade of C. A study of mathematical problem  solving in areas of mathematics related to secondary mathematics education.  Promotes the development of problem-solving skills through the use of  explicit strategies, reflective practice and collaborative reasoning. Also  provides the knowledge, skills and dispositions to support the development  of mathematical problem solving in secondary mathematics students. A course  designed for the secondary teacher preparation concentration."
"Virginia Commonwealth University","Mechanical Engineering","MATH404","Algebraic Structures and Functions","3","3 lecture hours. 3 credits. Prerequisites: MATH 300 and MATH 310, each with a minimum grade of C; one additional mathematical sciences course; and permission of instructor. Semigroups, groups, rings, integral domains and fields. Exponential, logarithmic and trigonometric functions. Graphing in parametric and polar coordinates. Arithmetic and geometric sequences and series."
"Virginia Commonwealth University","Mechanical Engineering","MATH407","Real Analysis","3","3 lecture hours. 3 credits. Prerequisite: MATH 300 with a minimum grade of C. Theoretical aspects of calculus. Topics include properties of real numbers, countable and uncountable sets, sequences and series, limits, continuity, derivatives, and Riemann integration."
"Virginia Commonwealth University","Mechanical Engineering","MATH424","MODELING WITH MATHEMATICS","3","3 lecture hours. 3 credits. Prerequisites: STAT 212,  MATH 255 and MATH 310, all with a minimum grade of C, or permission of  instructor. A study of mathematical modeling for teaching secondary  mathematics, including different types of and purposes for mathematical  models and designing modeling tasks. Provides the knowledge, skills and  dispositions to teach mathematical modeling. A course designed for the  secondary mathematics concentration."
"Virginia Commonwealth University","Mechanical Engineering","MATH430","The History of Mathematics","3","3 lecture hours. 3 credits. Prerequisites: MATH 300, MATH 307, MATH 310, and either MATH 301 or OPER 327, all with a minimum grade of C. Surveys major trends in the development of mathematics from ancient times through the 19th century and considers the cultural and social contexts of mathematical activity. "
"Virginia Commonwealth University","Mechanical Engineering","MATH490","Mathematical Expositions","3","3 lecture hours. 3 credits. Prerequisites: UNIV 200 or HONR 200 with a minimum grade of C. Enrollment is restricted to seniors in mathematical sciences with a minimum of 85 credit hours taken toward the degree. Required for all majors in the Department of Mathematics and Applied Mathematics. A senior capstone course in the major designed to help students attain proficiency in expository mathematical writing and oral presentation, which require the efficient and effective use of mathematics and the English language. Students will learn a variety of topics in mathematics, write reviews of selected award- winning mathematics papers and write a senior paper. MATH 492. Independent Study. 1-4 Hours. Semester course; variable hours. 1-4 credits. Maximum 4 credits per semester; maximum total of 6 credits. Generally open only to students of junior or senior standing who have acquired at least 12 credits in the departmental discipline. Determination of the amount of credit and permission of instructor and department chair must be procured prior to registration for the course. The student must submit a proposal for investigating some area or problem not contained in the regular curriculum. The results of the student's study will be presented in a report."
"Virginia Commonwealth University","Mechanical Engineering","MATH505","MODERN GEOMETRY","3","3 lecture hours. 3 credits. Prerequisites: MATH 300;  and MATH 307 or MATH 310, each with a minimum grade of C, or permission  of instructor. Topics in Euclidean and non-Euclidean geometries from a  modern viewpoint. A course geared toward students intending to teach  secondary mathematics. Military Sciences (MILS)"
"Virginia Commonwealth University","Mechanical Engineering","STAT212","Concepts of Statistics","3","3 lecture hours. 3 credits. Prerequisite: satisfactory score on the VCU Mathematics Placement Test within the one-year period immediately preceding the beginning of the course, or MATH 151, MATH 200 or MATH 201. Introductory statistics course with an emphasis on descriptive statistics, correlation and regression, probability, normal distributions, t distributions, and statistical inference. Graphing calculators will be used extensively. A core course for mathematical sciences. Students may receive credit toward graduation for only one of STAT 206, STAT 208, STAT 210, STAT 212, STAT 312 or SCMA 301. STAT 291. Topics in Statistics. 1-3 Hours. Semester course; 1-3 lecture hours. 1-3 credits. A study of selected topics in statistics. Specific topics may fulfill general education requirements. See the Schedule of Classes for specific topics and prerequisites."
"Virginia Commonwealth University","Mechanical Engineering","CHEM101","General Chemistry I","3","3 lecture and 1 recitation hours. 3 credits. Prerequisites: MATH 139, MATH 141, MATH 151, MATH 200, MATH 201 or satisfactory score on the VCU mathematics placement test within the one-year period immediately preceding the beginning of the course; and CHEM 100 with a minimum grade of B or satisfactory score on the chemistry placement exam/assessment within the one-year period immediately preceding the beginning of the course. Fundamental principles and theories of chemistry."
"Virginia Commonwealth University","Mechanical Engineering","CHEZ101","General Chemistry Laboratory I","1","1 lecture and 2 laboratory hours. 1 credit. Pre- or corequisite: CHEM 101. Experimental work correlated with CHEM 101 with selected forensic science applications. Each student is charged for breakage incurred. Approved safety glasses are required. Failure to check out of laboratory upon withdrawal or for other reasons will incur a charge billed from the Student Accounting Department."
"Virginia Commonwealth University","Mechanical Engineering","ECON205","The Economics of Product Development and Markets","3","3 lecture hours. 3 credits. An introduction to some of the fundamental economic concepts necessary to effectively operate in today's marketplace. Basic elements of microeconomics, net present value analysis and market strategy will be covered in class. The goal is to provide students with a better understanding of how to approach business problems and of proven problem-solving techniques. Intended for engineering students. Students may receive credit toward graduation for only one of the following three courses: ECON 203, ECON 205 or ECON 210."
"Virginia Commonwealth University","Mechanical Engineering","EGMN102","Engineering Statics","3","3 lecture hours. 3 credits. Prerequisite: MATH 200 with a minimum grade of C or permission of instructor. Corequisite: PHYS 207 or permission of instructor. The theory and application of engineering mechanics applied to the design and analysis of rigid structures. Equilibrium of two- and three-dimensional bodies. The study of forces and their effects. Applications to engineering systems."
"Virginia Commonwealth University","Mechanical Engineering","EGMN110","Engineering Visualization","2","1 lecture and 2 laboratory hours. 2 credits. Enrollment is restricted to mechanical engineering majors or with permission of the instructor. The creation and interpretation of graphical communication for engineering students. Two- and three-dimensional part an assembly representation. Dimensioning and tolerancing as a link between design and manufacturing. An introduction to solid modeling and virtual prototyping. The course will impart proficiency in computer-aided design applications of fundamental and practical importance to engineering students. EGMN 111. Great Inventions: How They Work and Their Impact on Society. 3 Hours. Semester course; 3 lecture hours. 3 credits. This course explores how creativity and innovation have led to a broad range of significant engineering inventions in areas such as engines, mechanical flight and rockets, electrification, engineering materials, mass production, industrial agriculture, computers, telecommunications, medical devices, refrigeration, and clean and sustainable energy, including nuclear energy. The course discusses the historical context for each invention, how the invention works and the impact of the invention on society."
"Virginia Commonwealth University","Mechanical Engineering","EGMN190","Introduction to Mechanical and Nuclear Engineering","1","1 lecture hour. 1 credit. The course will introduce students to the engineering profession, present basic mechanical and nuclear engineering concepts and include seminars presented by alumni, industry and experts in their fields."
"Virginia Commonwealth University","Mechanical Engineering","EGMN201","Dynamics and Kinematics","3","3 lecture hours. 3 credits. Prerequisites: PHYS 207, EGMN 102 and MATH 201, with a minimum grade of C in each, or permission of the instructor. Kinematics and kinetics of particles. Kinematics of rigid bodies; translation and fixed-axis rotation relative to translating axes, general planar motion, fixed-point rotation and general motion. Kinetics of rigid bodies: center of mass, mass moment of inertia, product of inertia, principal-axes, parallelaxes theorems. Planar motion, work-energy method. Design of cams, gears and linkages. "
"Virginia Commonwealth University","Mechanical Engineering","EGMN202","Mechanics of Deformables","3","3 lecture hours. 3 credits. Prerequisites: EGMN 102 and MATH 201, with a minimum grade of C in both, or permission of the instructor. An introductory course covering the mechanics of deformable solids. Subjects include stress, strain and constitutive relations; bending of beams; torsion; shearing; deflection of beams; column buckling; fatigue; failure theory; analysis and design of bar-type members."
"Virginia Commonwealth University","Mechanical Engineering","EGMN203","Mechanical and Nuclear Engineering Practicum","1","3 laboratory hours. 1 credit. Students will perform a sequence of laboratory modules designed to provide practical hands- on exposure to important topics, equipment and experimental methods in mechanical and nuclear engineering. Topics covered include additive manufacturing, radiation detection and measurement, radiation shielding, data acquisition and computer interfacing, coding for instrumentation control."
"Virginia Commonwealth University","Mechanical Engineering","EGMN204","Thermodynamics","3","3 lecture hours. 3 credits. Prerequisites: PHYS 207 and MATH 201 with a minimum grade of C in both, or permission of the instructor. Fundamental concepts of thermodynamics; first and second law of thermodynamics; entropy and equilibrium; equations of state; properties of pure fluids; molecular interpretation of thermodynamic properties; phase equilibria; work and heat; power cycles; chemical reactions."
"Virginia Commonwealth University","Mechanical Engineering","EGMN210","Computational Methods","2","1 lecture and 2 laboratory hours. 2 credits. Prerequisite: MATH 200 with a minimum grade of C. Enrollment is restricted to mechanical engineering majors or with permission of the instructor. This course focuses on engineering problem-solving skills using computational methods, including Excel and MATLAB programming. Topics include analytical and algorithmic solutions, data representation, pseudocodes, loops and logical branching, plotting data, finding the roots of equations, matrix mathematics, and solving simultaneous equations."
"Virginia Commonwealth University","Mechanical Engineering","EGMN300","Mechanical Systems Design","3","3 lecture hours. 3 credits. Prerequisites: EGMN 201 and EGMN 202, with a minimum grade of C in both, or permission of the instructor. Basic principles of applied mechanics and materials employed for the design of machine elements and mechanical systems; state of stress, deformation and failure criterion is applied to bearings, brakes, clutches, belt drives, gears, chains, springs, gear trains, power screws and transmissions. 678 Undergraduate courses"
"Virginia Commonwealth University","Mechanical Engineering","EGMN301","Fluid Mechanics","3","3 lecture hours. 3 credits. Prerequisites: PHYS 207 and EGMN 204, with a minimum grade of C in each, or permission of instructor. Corequisite: MATH 301 or permission of instructor. Basic and applied fluid mechanics; fluid properties; application of Bernoulli and Navier-Stokes equations; macroscopic mass, momentum and energy balances; dimensional analysis; laminar and turbulent flow; boundary layer theory; friction factors in pipes and packed beds; drag coefficients; compressible flow; flow measurements; numerical simulation; applications to the operation and design of turbo machinery."
"Virginia Commonwealth University","Mechanical Engineering","EGMN302","Heat Transfer","3","3 lecture hours. 3 credits. Prerequisites: EGMN 204 and EGMN 301, MATH 301 and MATH 307, with a minimum grade of C in each, or permission of instructor. This course includes an overview of the basic modes of heat transfer: conduction, convection and radiation. It provides an in-depth discussion of transient and steady-state heat conduction in one- , two- and three-dimensional space, and both analytical and numerical approaches are discussed. Additional concepts include free and forced convection in external and internal flow configurations."
"Virginia Commonwealth University","Mechanical Engineering","EGMN303","Thermal Systems Design","3","3 lecture hours. 3 credits. Prerequisites: MATH 301, EGMN 204 and EGMN 301, with a minimum grade of C in each, or permission of the instructor. Fundamentals of heat transfer, thermodynamics and fluid mechanics applied to the analysis, design, selection and application of energy conversion systems."
"Virginia Commonwealth University","Mechanical Engineering","EGMN309","Material Science for Engineers","3","3 lecture hours. 3 credits. Prerequisite: CHEM 101 or permission of instructor. The study of materials from a microscopic or atomic level. Consideration of mechanical, electrical, thermal, magnetic and optical properties of metals, ceramics, polymers and composites. Thermal processing for modification of properties, dislocation and phase transformation. Material selection for design with consideration of economic, environmental and societal issues. EGMN 311. Solid Mechanics Lab. 1.5 Hour. Semester course; 0.5 lecture and 3 laboratory hours. 1.5 credits. Prerequisites: EGMN 201 and EGMN 202, both with a minimum grade of C, or permission of the instructor. Corequisite: UNIV 200 or HONR 200. Experiments will be conducted on fundamental principles of solid mechanics, materials and dynamics. Topics covered include testing of materials for tensile, compression, bending and torsional loads, vibrations and material microstructure. EGMN 312. Thermal Sciences Lab. 1.5 Hour. Semester course; 0.5 lecture and 3 laboratory hours. 1.5 credits. Prerequisites: EGMN 301; and UNIV 200 or HONR 200, each with a minimum grade of C, or permission of the instructor. Experiments will be conducted on fundamental principles of fluid mechanics, thermodynamics and heat transfer. Topics covered include hydrostatics, Bernoulli equation, impact jets, aerodynamic force, heat pump thermodynamics cycles, heat exchangers and convection heat transfer."
"Virginia Commonwealth University","Mechanical Engineering","EGMN311","SOLID MECHANICS LAB","1","0.5 lecture and 3 laboratory hours. 1.5 credits. Prerequisites:  EGMN 201 and EGMN 202, both with a minimum grade of C, or permission of the  instructor. Corequisite: UNIV 200 or HONR 200. Experiments will be conducted  on fundamental principles of solid mechanics, materials and dynamics. Topics  covered include testing of materials for tensile, compression, bending and  torsional loads, vibrations and material microstructure."
"Virginia Commonwealth University","Mechanical Engineering","EGMN312","THERMAL SCIENCES LAB","1","0.5 lecture and 3 laboratory hours. 1.5 credits. Prerequisites:  EGMN 301; and UNIV 200 or HONR 200, each with a minimum grade of C, or permission  of the instructor. Experiments will be conducted on fundamental principles of fluid  mechanics, thermodynamics and heat transfer. Topics covered include hydrostatics,  Bernoulli equation, impact jets, aerodynamic force, heat pump thermodynamics cycles,  heat exchangers and convection heat transfer."
"Virginia Commonwealth University","Mechanical Engineering","EGMN315","Process and Systems Dynamics","3","3 lecture hours. 3 credits. Prerequisites: MATH 301, EGRE 206, EGMN 201 and PHYS 207, all with a minimum grade of C; or permission of instructor. Undergraduate course covering the analysis of chemical, fluid, mechanical and electrical dynamic systems. Pedagogically, a single approach is taught that applies to any of the systems in any of these disciplines using conservation equations and constitutive relationships to build the systems of differential equations needed for the analysis. The mathematical structures of the types of differential equations typically generated in dynamic physical systems are reviewed and both analytical and numerical solution techniques are taught. Finally, the tools used to develop control components for systems in these areas are covered along with the mathematical tools (e.g., Laplace transforms) needed for their analysis."
"Virginia Commonwealth University","Mechanical Engineering","EGMN321","Numerical Methods","3","3 lecture hours. 3 credits. Prerequisites: MATH 301; and EGMN 215 or EGMN 210, all with minimum grades of C, or permission of instructor. A study of numerical algorithms used in error analysis, computing roots of equations, solving linear algebraic equations, curve fitting, numerical differentiation and integration, numerical methods for ordinary differential equations and a brief introduction to numerical methods for partial differential equations. The course content is tailored for mechanical engineering applications."
"Virginia Commonwealth University","Mechanical Engineering","EGMN402","Senior Design Studio (Laboratory/Project Time)","2","6 laboratory hours. 2 credits. Prerequisite: UNIV 200 or HONR 200; EGMN 300 or EGMN 303; EGMN 420; and four courses from EGMN 300, EGMN 301, EGMN 302, EGMN 303, EGMN 315, EGMN 321, EGMN 352, EGMN 355, EGMN 416 and EGMN 421. All prerequisite courses must be completed with minimum grades of C. Enrollment is restricted to students with senior standing participating in a senior design (capstone) project. A minimum of six laboratory hours per week dedicated to the execution phase of the senior design (capstone) project, which should meet appropriate engineering standards and multiple realistic constraints. Tasks include team meetings, brainstorming, sponsor advising, designing, fabrications, assembling, reviewing, studying, researching, testing and validating projects."
"Virginia Commonwealth University","Mechanical Engineering","EGMN403","Senior Design Studio (Laboratory/Project Time)","2","Continuous course; 6 laboratory hours. 2 credits. Prerequisite: senior standing and participation in a senior design (capstone) project; EGMN 402. A minimum of six laboratory hours per week dedicated to continuing the execution phase of the senior design (capstone) project, which should meet appropriate engineering standards and multiple realistic constraints. Tasks include team meetings, brainstorming, sponsor advising, designing, fabrications, assembling, reviewing, studying, researching, testing and validating projects."
"Virginia Commonwealth University","Mechanical Engineering","EGMN416","Mechatronics","3","2 lecture and 3 laboratory hours. 3 credits. Prerequisite: EGRE 206 with a minimum grade of C, or permission of instructor. Lecture materials and laboratory experiments focus on the fundamentals of design-oriented mechanical, electrical and computer systems integration. Specifically, students learn analog and digital electronic design, data acquisition, transducers, actuator technologies and control, design with microprocessors and embedded electronics, and application of control theory."
"Virginia Commonwealth University","Mechanical Engineering","EGMN420","CAE Design","3","3 lecture hours. 3 credits. Prerequisites: EGMN 201 and either EGMN 215 or both EGMN 110 and EGMN 210, all with minimum grades of C, or permission of the instructor. Review of geometric modeling, engineering visualization tools applicable to engineering design. Develop visual thinking and communication skills with assistance of computer modeling tools. Emphasis placed on creative design, application of physical laws, and hands-on virtual or physical projects. Topics include review of kinematics/dynamics of commonly used planar mechanisms and programming techniques for motion simulation. Interdisciplinary projects will be assigned to assess students' design knowledge."
"Virginia Commonwealth University","Mechanical Engineering","EGMN421","CAE Analysis","3","2 lecture and 2 laboratory hours. 3 credits. Prerequisites: EGMN 202; either EGMN 215 or both EGMN 110 and EGMN 210; and MATH 301 and MATH 307, all with minimum grades of C, or permission of the instructor. Application of computer-aided techniques to the analysis of engineering problems utilizing linear algebra, computer calculations of matrices and numerical solution of governing differential equilibrium equations common to all fields of engineering. Students will be exposed to formulations of finite element methods of analysis. Emphasis is placed on practical aspects of structural FE modeling. Analysis programs such as ANSYS, MSC/PATRAN, MSC/NASTRAN and/ or MATLAB are utilized."
"Virginia Commonwealth University","Mechanical Engineering","EGRE206","Electric Circuits","4","3 lecture and 3 laboratory hours. 4 credits. Prerequisites: MATH 200; and one of EGRE 101 or EGRB 102, or both EGMN 190 and EGMN 203, or both EGMN 102 and EGMN 190, as applicable per department, all with minimum grades of C. Corequisite: MATH 201. An introduction to electrical circuit theory and its application to practical direct and alternating current circuits. Topics include Kirchhoff's Laws (review from departmental prerequisites, as applicable), fundamental principles of network theorems, transient and steady- state response of RC, RL and RLC circuits by classical methods, time- domain and frequency-domain relationships, phasor analysis and power. Laboratory work, practical applications and integral laboratory demonstrations emphasize and illustrate the fundamentals presented in this course. 672 Undergraduate courses"
"Virginia Commonwealth University","Mechanical Engineering","ENGR296","Part-time Internship Experience","0","0 credit. Students may attempt this course a total of six times. Enrollment restricted to School of Engineering majors. The student works part time in an approved internship and must work a minimum of 90 hours, but less than 300 hours during the semester. The student works to meet learning objectives while gaining practical experience relevant to their major. The student completes assignments to document, assess and reflect on their learning experience. The supervisor and student both complete evaluations of the learning experience. Graded pass/fail."
"Virginia Commonwealth University","Mechanical Engineering","ENGR395","Professional Development","1","1 lecture and 1 workshop hour. 1 credit. Enrollment is restricted to majors in the School of Engineering. Professional development course to help prepare students to find a job and succeed in a professional environment, and specifically to work as an intern or in a cooperative education position. Topics covered include career paths; job searches; resume and cover letter writing; preparing for the interview; personal assessment of interests, values and strengths; networking; professional and ethical behavior on the job; overview of legal issues related to hiring, such as nondisclosure agreements and noncompete clauses; overview of personal finance management at the first job; workplace safety; and expectations and requirements for internships and cooperative education positions. 676 Undergraduate courses"
"Virginia Commonwealth University","Mechanical Engineering (Nuclear Engineering)","ENGR402","Senior Design Studio (Seminar)","1","Continuous courses; 1 lecture hour. 1-1 credit. Prerequisites: senior standing and participation in a senior design (capstone) project; completion of ENGR 402 to enroll in ENGR 403. This weekly seminar presents and discusses topics relevant to senior-level engineering students in support of the capstone project and upcoming graduation. A single course coordinator manages and administers the course and schedules the various faculty lectures and guest speakers. Topics include, but are not limited to, the following: proposal writing, project planning and management, scheduling resources and budgeting for technical projects, patents and intellectual property, quality systems (six sigma, ISO standards, statistical process control), entrepreneurship, creativity and innovation and professional registration."
"Virginia Commonwealth University","Mechanical Engineering (Nuclear Engineering)","ENGR403","Senior Design Studio (Seminar)","1","Continuous courses; 1 lecture hour. 1-1 credit. Prerequisites: senior standing and participation in a senior design (capstone) project; completion of ENGR 402 to enroll in ENGR 403. This weekly seminar presents and discusses topics relevant to senior-level engineering students in support of the capstone project and upcoming graduation. A single course coordinator manages and administers the course and schedules the various faculty lectures and guest speakers. Topics include, but are not limited to, the following: proposal writing, project planning and management, scheduling resources and budgeting for technical projects, patents and intellectual property, quality systems (six sigma, ISO standards, statistical process control), entrepreneurship, creativity and innovation and professional registration."
"Virginia Commonwealth University","Mechanical Engineering (Nuclear Engineering)","ENGR496","Internship Review","0","0 credits. Prerequisite: ENGR 296 or ENGR 396. Restricted to School of Engineering majors. This course is to be taken following the completion of a minimum of 300 hours of approved internship experience relevant to the student’s major and documents that a student has fulfilled all internship requirements, including a final evaluation by the employer, a final self-evaluation, a final report describing the experience and a final oral presentation about the experience. Graded pass/fail. ENGR 497. Vertically Integrated Projects. 1,2 Hour. Semester course; 3 or 6 laboratory hours. 1 or 2 credits. May be repeated for a maximum total of 8 credits Prerequisites: permission of the project faculty adviser. This course provides undergraduate students the opportunity to participate in multiyear, multidisciplinary projects under the guidance of faculty and graduate students in their areas of expertise. As they address research and development issues, students learn and practice many different professional skills, make substantial technical contributions to the project, and experience many different roles on a large, multidisciplinary design/discovery team. Students must earn a minimum of 4 credits in ENGR 497 with a minimum grade of C in order for these credits to be eligible to count toward a technical or departmental elective. More restrictive requirements may be imposed by individual departments."
"Virginia Commonwealth University","Mechanical Engineering (Nuclear Engineering)","MATH200","Calculus with Analytic Geometry I","4","4 lecture hours. 4 credits. Prerequisite: MATH 151 with a minimum grade of C or satisfactory score on the VCU Mathematics Placement Test within the one-year period immediately preceding the beginning of the course. Limits, continuity, derivatives, differentials, antiderivatives and definite integrals."
"Virginia Commonwealth University","Mechanical Engineering (Nuclear Engineering)","MATH201","Calculus with Analytic Geometry II","4","4 lecture hours. 4 credits. Prerequisite: MATH 200 with a minimum grade of C. Applications of differentiation and integration. Selected topics in analytic geometry. Infinite series."
"Virginia Commonwealth University","Mechanical Engineering (Nuclear Engineering)","MATH301","Differential Equations","3","3 lecture hours. 3 credits. Prerequisite: MATH 201 with a minimum grade of C. Solutions of ordinary differential equations of first order. Solutions of higher order linear differential equations with constant coefficients and variable coefficients by the methods of undetermined coefficients and variation of parameters, solutions by Laplace transforms and applications."
"Virginia Commonwealth University","Mechanical Engineering (Nuclear Engineering)","MATH307","Multivariate Calculus","4","4 lecture hours. 4 credits. Prerequisite: MATH 201 with a minimum grade of C. The calculus of vector-valued functions and of functions of more than one variable. Partial derivatives, multiple integrals, line integrals, surface integrals and curvilinear coordinates. Lagrange multipliers; theorems of Green, Gauss and Stokes. Applications."
"Virginia Commonwealth University","Mechanical Engineering (Nuclear Engineering)","MGMT310","Managing People in Organizations","3","3 lecture hours (delivered online, face-to-face or hybrid). 3 credits. Enrollment is restricted to students who have completed at least 54 credits (junior standing). Introduces students to the management of people in organizations, focusing on the managerial skills, knowledge and activities needed for a successful business operation. Topics include planning, organizing, staffing and leading; effectively utilizing human capital to achieve an organization’s objectives in today’s competitive environment. "
"Virginia Commonwealth University","Mechanical Engineering (Nuclear Engineering)","PHYS207","University Physics I","5","3 lecture, 1 recitation and 3 laboratory hours. 5 credits. Prerequisite: MATH 200 or permission of instructor. A vector- and calculus-based introduction to the fundamental concepts of mechanics, heat and wave motion."
"Virginia Commonwealth University","Mechanical Engineering (Nuclear Engineering)","PHYS208","University Physics II","5","3 lecture, 1 recitation and 3 laboratory hours. 5 credits. Prerequisite: PHYS 207. Corequisite: MATH 201. A vector- and calculus- based introduction to the fundamentals of electricity, magnetism and optics."
"Virginia Commonwealth University","Mechanical Engineering (Nuclear Engineering)","STAT441","Applied Statistics for Engineers and Scientists","3","3 lecture hours. 3 credits. Prerequisite: MATH 201 or equivalent. An introduction to applied statistics intended primarily for students in engineering. The fundamental ideas about the collection and display of information, descriptive statistics and exploratory data analysis, elementary probability theory, frequency distributions, and sampling are covered. Other topics include tests of hypotheses and confidence intervals for one and two sample problems; ANOVA; principles of one-factor experimental designs including randomized complete block designs, fixed and random effects and multiple comparisons; correlation and linear regression analysis; control charts; contingency tables and goodness-of-fit. Statistical software is used extensively in this course, so a working knowledge of computers is necessary. Students may receive degree credit for only one of BIOS 543, STAT 441, STAT 541, STAT 543 or STAT 641."
"Virginia Commonwealth University","Mechanical Engineering (Nuclear Engineering)","CHEM101","General Chemistry I","3","3 lecture and 1 recitation hours. 3 credits. Prerequisites: MATH 139, MATH 141, MATH 151, MATH 200, MATH 201 or satisfactory score on the VCU mathematics placement test within the one-year period immediately preceding the beginning of the course; and CHEM 100 with a minimum grade of B or satisfactory score on the chemistry placement exam/assessment within the one-year period immediately preceding the beginning of the course. Fundamental principles and theories of chemistry."
"Virginia Commonwealth University","Mechanical Engineering (Nuclear Engineering)","CHEZ101","General Chemistry Laboratory I","1","1 lecture and 2 laboratory hours. 1 credit. Pre- or corequisite: CHEM 101. Experimental work correlated with CHEM 101 with selected forensic science applications. Each student is charged for breakage incurred. Approved safety glasses are required. Failure to check out of laboratory upon withdrawal or for other reasons will incur a charge billed from the Student Accounting Department."
"Virginia Commonwealth University","Mechanical Engineering (Nuclear Engineering)","ECON205","The Economics of Product Development and Markets","3","3 lecture hours. 3 credits. An introduction to some of the fundamental economic concepts necessary to effectively operate in today's marketplace. Basic elements of microeconomics, net present value analysis and market strategy will be covered in class. The goal is to provide students with a better understanding of how to approach business problems and of proven problem-solving techniques. Intended for engineering students. Students may receive credit toward graduation for only one of the following three courses: ECON 203, ECON 205 or ECON 210."
"Virginia Commonwealth University","Mechanical Engineering (Nuclear Engineering)","EGMN102","Engineering Statics","3","3 lecture hours. 3 credits. Prerequisite: MATH 200 with a minimum grade of C or permission of instructor. Corequisite: PHYS 207 or permission of instructor. The theory and application of engineering mechanics applied to the design and analysis of rigid structures. Equilibrium of two- and three-dimensional bodies. The study of forces and their effects. Applications to engineering systems."
"Virginia Commonwealth University","Mechanical Engineering (Nuclear Engineering)","EGMN110","Engineering Visualization","2","1 lecture and 2 laboratory hours. 2 credits. Enrollment is restricted to mechanical engineering majors or with permission of the instructor. The creation and interpretation of graphical communication for engineering students. Two- and three-dimensional part an assembly representation. Dimensioning and tolerancing as a link between design and manufacturing. An introduction to solid modeling and virtual prototyping. The course will impart proficiency in computer-aided design applications of fundamental and practical importance to engineering students. EGMN 111. Great Inventions: How They Work and Their Impact on Society. 3 Hours. Semester course; 3 lecture hours. 3 credits. This course explores how creativity and innovation have led to a broad range of significant engineering inventions in areas such as engines, mechanical flight and rockets, electrification, engineering materials, mass production, industrial agriculture, computers, telecommunications, medical devices, refrigeration, and clean and sustainable energy, including nuclear energy. The course discusses the historical context for each invention, how the invention works and the impact of the invention on society."
"Virginia Commonwealth University","Mechanical Engineering (Nuclear Engineering)","EGMN190","Introduction to Mechanical and Nuclear Engineering","1","1 lecture hour. 1 credit. The course will introduce students to the engineering profession, present basic mechanical and nuclear engineering concepts and include seminars presented by alumni, industry and experts in their fields."
"Virginia Commonwealth University","Mechanical Engineering (Nuclear Engineering)","EGMN201","Dynamics and Kinematics","3","3 lecture hours. 3 credits. Prerequisites: PHYS 207, EGMN 102 and MATH 201, with a minimum grade of C in each, or permission of the instructor. Kinematics and kinetics of particles. Kinematics of rigid bodies; translation and fixed-axis rotation relative to translating axes, general planar motion, fixed-point rotation and general motion. Kinetics of rigid bodies: center of mass, mass moment of inertia, product of inertia, principal-axes, parallelaxes theorems. Planar motion, work-energy method. Design of cams, gears and linkages. "
"Virginia Commonwealth University","Mechanical Engineering (Nuclear Engineering)","EGMN202","Mechanics of Deformables","3","3 lecture hours. 3 credits. Prerequisites: EGMN 102 and MATH 201, with a minimum grade of C in both, or permission of the instructor. An introductory course covering the mechanics of deformable solids. Subjects include stress, strain and constitutive relations; bending of beams; torsion; shearing; deflection of beams; column buckling; fatigue; failure theory; analysis and design of bar-type members."
"Virginia Commonwealth University","Mechanical Engineering (Nuclear Engineering)","EGMN203","Mechanical and Nuclear Engineering Practicum","1","3 laboratory hours. 1 credit. Students will perform a sequence of laboratory modules designed to provide practical hands- on exposure to important topics, equipment and experimental methods in mechanical and nuclear engineering. Topics covered include additive manufacturing, radiation detection and measurement, radiation shielding, data acquisition and computer interfacing, coding for instrumentation control."
"Virginia Commonwealth University","Mechanical Engineering (Nuclear Engineering)","EGMN204","Thermodynamics","3","3 lecture hours. 3 credits. Prerequisites: PHYS 207 and MATH 201 with a minimum grade of C in both, or permission of the instructor. Fundamental concepts of thermodynamics; first and second law of thermodynamics; entropy and equilibrium; equations of state; properties of pure fluids; molecular interpretation of thermodynamic properties; phase equilibria; work and heat; power cycles; chemical reactions."
"Virginia Commonwealth University","Mechanical Engineering (Nuclear Engineering)","EGMN210","Computational Methods","2","1 lecture and 2 laboratory hours. 2 credits. Prerequisite: MATH 200 with a minimum grade of C. Enrollment is restricted to mechanical engineering majors or with permission of the instructor. This course focuses on engineering problem-solving skills using computational methods, including Excel and MATLAB programming. Topics include analytical and algorithmic solutions, data representation, pseudocodes, loops and logical branching, plotting data, finding the roots of equations, matrix mathematics, and solving simultaneous equations."
"Virginia Commonwealth University","Mechanical Engineering (Nuclear Engineering)","EGMN300","Mechanical Systems Design","3","3 lecture hours. 3 credits. Prerequisites: EGMN 201 and EGMN 202, with a minimum grade of C in both, or permission of the instructor. Basic principles of applied mechanics and materials employed for the design of machine elements and mechanical systems; state of stress, deformation and failure criterion is applied to bearings, brakes, clutches, belt drives, gears, chains, springs, gear trains, power screws and transmissions. 678 Undergraduate courses"
"Virginia Commonwealth University","Mechanical Engineering (Nuclear Engineering)","EGMN301","Fluid Mechanics","3","3 lecture hours. 3 credits. Prerequisites: PHYS 207 and EGMN 204, with a minimum grade of C in each, or permission of instructor. Corequisite: MATH 301 or permission of instructor. Basic and applied fluid mechanics; fluid properties; application of Bernoulli and Navier-Stokes equations; macroscopic mass, momentum and energy balances; dimensional analysis; laminar and turbulent flow; boundary layer theory; friction factors in pipes and packed beds; drag coefficients; compressible flow; flow measurements; numerical simulation; applications to the operation and design of turbo machinery."
"Virginia Commonwealth University","Mechanical Engineering (Nuclear Engineering)","EGMN302","Heat Transfer","3","3 lecture hours. 3 credits. Prerequisites: EGMN 204 and EGMN 301, MATH 301 and MATH 307, with a minimum grade of C in each, or permission of instructor. This course includes an overview of the basic modes of heat transfer: conduction, convection and radiation. It provides an in-depth discussion of transient and steady-state heat conduction in one- , two- and three-dimensional space, and both analytical and numerical approaches are discussed. Additional concepts include free and forced convection in external and internal flow configurations."
"Virginia Commonwealth University","Mechanical Engineering (Nuclear Engineering)","EGMN303","Thermal Systems Design","3","3 lecture hours. 3 credits. Prerequisites: MATH 301, EGMN 204 and EGMN 301, with a minimum grade of C in each, or permission of the instructor. Fundamentals of heat transfer, thermodynamics and fluid mechanics applied to the analysis, design, selection and application of energy conversion systems."
"Virginia Commonwealth University","Mechanical Engineering (Nuclear Engineering)","EGMN309","Material Science for Engineers","3","3 lecture hours. 3 credits. Prerequisite: CHEM 101 or permission of instructor. The study of materials from a microscopic or atomic level. Consideration of mechanical, electrical, thermal, magnetic and optical properties of metals, ceramics, polymers and composites. Thermal processing for modification of properties, dislocation and phase transformation. Material selection for design with consideration of economic, environmental and societal issues. EGMN 311. Solid Mechanics Lab. 1.5 Hour. Semester course; 0.5 lecture and 3 laboratory hours. 1.5 credits. Prerequisites: EGMN 201 and EGMN 202, both with a minimum grade of C, or permission of the instructor. Corequisite: UNIV 200 or HONR 200. Experiments will be conducted on fundamental principles of solid mechanics, materials and dynamics. Topics covered include testing of materials for tensile, compression, bending and torsional loads, vibrations and material microstructure. EGMN 312. Thermal Sciences Lab. 1.5 Hour. Semester course; 0.5 lecture and 3 laboratory hours. 1.5 credits. Prerequisites: EGMN 301; and UNIV 200 or HONR 200, each with a minimum grade of C, or permission of the instructor. Experiments will be conducted on fundamental principles of fluid mechanics, thermodynamics and heat transfer. Topics covered include hydrostatics, Bernoulli equation, impact jets, aerodynamic force, heat pump thermodynamics cycles, heat exchangers and convection heat transfer."
"Virginia Commonwealth University","Mechanical Engineering (Nuclear Engineering)","EGMN311","SOLID MECHANICS LAB","1","0.5 lecture and 3 laboratory hours. 1.5 credits. Prerequisites:  EGMN 201 and EGMN 202, both with a minimum grade of C, or permission of the  instructor. Corequisite: UNIV 200 or HONR 200. Experiments will be conducted  on fundamental principles of solid mechanics, materials and dynamics. Topics  covered include testing of materials for tensile, compression, bending and  torsional loads, vibrations and material microstructure."
"Virginia Commonwealth University","Mechanical Engineering (Nuclear Engineering)","EGMN312","THERMAL SCIENCES LAB","1","0.5 lecture and 3 laboratory hours. 1.5 credits. Prerequisites:  EGMN 301; and UNIV 200 or HONR 200, each with a minimum grade of C, or permission  of the instructor. Experiments will be conducted on fundamental principles of fluid  mechanics, thermodynamics and heat transfer. Topics covered include hydrostatics,  Bernoulli equation, impact jets, aerodynamic force, heat pump thermodynamics cycles,  heat exchangers and convection heat transfer."
"Virginia Commonwealth University","Mechanical Engineering (Nuclear Engineering)","EGMN315","Process and Systems Dynamics","3","3 lecture hours. 3 credits. Prerequisites: MATH 301, EGRE 206, EGMN 201 and PHYS 207, all with a minimum grade of C; or permission of instructor. Undergraduate course covering the analysis of chemical, fluid, mechanical and electrical dynamic systems. Pedagogically, a single approach is taught that applies to any of the systems in any of these disciplines using conservation equations and constitutive relationships to build the systems of differential equations needed for the analysis. The mathematical structures of the types of differential equations typically generated in dynamic physical systems are reviewed and both analytical and numerical solution techniques are taught. Finally, the tools used to develop control components for systems in these areas are covered along with the mathematical tools (e.g., Laplace transforms) needed for their analysis."
"Virginia Commonwealth University","Mechanical Engineering (Nuclear Engineering)","EGMN321","Numerical Methods","3","3 lecture hours. 3 credits. Prerequisites: MATH 301; and EGMN 215 or EGMN 210, all with minimum grades of C, or permission of instructor. A study of numerical algorithms used in error analysis, computing roots of equations, solving linear algebraic equations, curve fitting, numerical differentiation and integration, numerical methods for ordinary differential equations and a brief introduction to numerical methods for partial differential equations. The course content is tailored for mechanical engineering applications."
"Virginia Commonwealth University","Mechanical Engineering (Nuclear Engineering)","EGMN351","Nuclear Engineering Fundamentals","3","3 lecture hours. 3 credits. Restricted to mechanical engineering majors. Prerequisite: MATH 200 with a minimum grade of C or permission of the instructor. An introductory course to familiarize students with the concepts, systems and application of nuclear energy. Topics include radioactivity, fission, fusion, reactor concepts, biological effects of radiation, nuclear propulsion and radioactive waste disposal. Designed to provide students with a broad perspective of nuclear engineering."
"Virginia Commonwealth University","Mechanical Engineering (Nuclear Engineering)","EGMN352","Nuclear Reactor Theory","3","3 lecture hours. 3 credits. Prerequisites: MATH 301; and EGMN 359 or EGMN 455 with a minimum grade of C; or permission of instructor. This course introduces the fundamental properties of the neutron, the reactions induced by neutrons, nuclear fission, the slowing down of neutrons in infinite and finite media, diffusion theory, the 1-group or 2-group approximation, point kinetics, and fission-product poisoning. Provides students with the nuclear reactor theory foundation necessary for reactor design and reactor engineering problems."
"Virginia Commonwealth University","Mechanical Engineering (Nuclear Engineering)","EGMN355","Radiation Safety and Shielding","3","2 lecture and 3 laboratory hours. 3 credits. Prerequisite: EGMN 351 with a minimum grade of C, or permission of instructor. Fundamentals of radiation safety and shielding with focus on sources of radioactivity, interaction of radiation with matter, biological effects of radiation, dosimetry, attenuation of gamma rays and neutrons and effectiveness of shielding methods."
"Virginia Commonwealth University","Mechanical Engineering (Nuclear Engineering)","EGMN359","Nuclear Power Plants","3","3 lecture hours. 3 credits. Prerequisite: EGMN 351 with a minimum grade of C. Corequisite: EGMN 204 or permission of instructor. Design and analysis of nuclear power plants -- both existing and planned. Topics include survey of reactor types and common design characteristics; the conversion of thermal energy to electricity; the control and operation of nuclear reactors through an analysis of the coupling of the reactors and the power plant; reactor transient analysis; and nuclear safety design."
"Virginia Commonwealth University","Mechanical Engineering (Nuclear Engineering)","EGMN402","Senior Design Studio (Laboratory/Project Time)","2","6 laboratory hours. 2 credits. Prerequisite: UNIV 200 or HONR 200; EGMN 300 or EGMN 303; EGMN 420; and four courses from EGMN 300, EGMN 301, EGMN 302, EGMN 303, EGMN 315, EGMN 321, EGMN 352, EGMN 355, EGMN 416 and EGMN 421. All prerequisite courses must be completed with minimum grades of C. Enrollment is restricted to students with senior standing participating in a senior design (capstone) project. A minimum of six laboratory hours per week dedicated to the execution phase of the senior design (capstone) project, which should meet appropriate engineering standards and multiple realistic constraints. Tasks include team meetings, brainstorming, sponsor advising, designing, fabrications, assembling, reviewing, studying, researching, testing and validating projects."
"Virginia Commonwealth University","Mechanical Engineering (Nuclear Engineering)","EGMN403","Senior Design Studio (Laboratory/Project Time)","2","Continuous course; 6 laboratory hours. 2 credits. Prerequisite: senior standing and participation in a senior design (capstone) project; EGMN 402. A minimum of six laboratory hours per week dedicated to continuing the execution phase of the senior design (capstone) project, which should meet appropriate engineering standards and multiple realistic constraints. Tasks include team meetings, brainstorming, sponsor advising, designing, fabrications, assembling, reviewing, studying, researching, testing and validating projects."
"Virginia Commonwealth University","Mechanical Engineering (Nuclear Engineering)","EGMN420","CAE Design","3","3 lecture hours. 3 credits. Prerequisites: EGMN 201 and either EGMN 215 or both EGMN 110 and EGMN 210, all with minimum grades of C, or permission of the instructor. Review of geometric modeling, engineering visualization tools applicable to engineering design. Develop visual thinking and communication skills with assistance of computer modeling tools. Emphasis placed on creative design, application of physical laws, and hands-on virtual or physical projects. Topics include review of kinematics/dynamics of commonly used planar mechanisms and programming techniques for motion simulation. Interdisciplinary projects will be assigned to assess students' design knowledge."
"Virginia Commonwealth University","Mechanical Engineering (Nuclear Engineering)","EGMN456","Reactor Design and Systems","3","3 lecture hours. 3 credits. Prerequisites: EGMN 302, EGMN 303 and EGMN 352; and EGMN 359 or EGMN 455, all with a minimum grade of C; or permission of instructor. Engineering principles of nuclear reactors, emphasizing power reactors. Specific topics include power plant thermodynamics, reactor heat generation and removal (single-phase as well as two-phase coolant flow and heat transfer), and structural mechanics. The course also covers engineering considerations in reactor design. EGMN 491. Special Topics in Engineering. 1-5 Hours. Semester course; variable hours. 1-5 credits. May be repeated with different content. Prerequisite: determined by the instructor. Specialized topics in engineering designed to provide a topic not covered by an existing course or program. General engineering or multidisciplinary. See the Schedule of Classes for specific topics to be offered each semester and prerequisites. EGMN 492. Independent Study in Engineering. 1-5 Hours. Semester course; variable hours. 1-5 credits. May be repeated with different content. Enrollment requires permission of the instructor. Students must submit a written proposal to be approved by the supervising instructor prior to registration. Investigation of specialized engineering problems that are multidisciplinary or of general interest through literature search, mathematical analysis, computer simulation and/or laboratory experimentation. Written and oral progress reports as well as a final report and presentation are required. College of Health Professions Allied Health Professions (ALHP)"
"Virginia Commonwealth University","Mechanical Engineering (Nuclear Engineering)","EGMN530","SYSTEM ANALYSIS OF THE NUCLEAR FUEL CYCLE","3","3 lecture hours. 3 credits. Prerequisite: EGMN 359 or EGMN 455.  Enrollment is restricted to graduate students in the College of Engineering if  prerequisites have not been met. Provides an in-depth technical and policy analysis  of various options for the nuclear fuel cycle. Topics include uranium supply,  enrichment fuel fabrication, in-core physics and fuel management of uranium, thorium  and other fuel types, reprocessing, and waste disposal. Also covered are the  principles of fuel-cycle economics and the applied reactor physics of both  contemporary and proposed thermal and fast reactors. Nonproliferation aspects,  disposal of excess weapons plutonium and transmutation of actinides and selected  fission products in spent fuel are examined. Several state-of-the-art computer  programs are provided for student use in problem sets and term papers."
"Virginia Commonwealth University","Mechanical Engineering (Nuclear Engineering)","EGRE206","Electric Circuits","4","3 lecture and 3 laboratory hours. 4 credits. Prerequisites: MATH 200; and one of EGRE 101 or EGRB 102, or both EGMN 190 and EGMN 203, or both EGMN 102 and EGMN 190, as applicable per department, all with minimum grades of C. Corequisite: MATH 201. An introduction to electrical circuit theory and its application to practical direct and alternating current circuits. Topics include Kirchhoff's Laws (review from departmental prerequisites, as applicable), fundamental principles of network theorems, transient and steady- state response of RC, RL and RLC circuits by classical methods, time- domain and frequency-domain relationships, phasor analysis and power. Laboratory work, practical applications and integral laboratory demonstrations emphasize and illustrate the fundamentals presented in this course. 672 Undergraduate courses"
"Virginia Commonwealth University","Mechanical Engineering (Nuclear Engineering)","ENGR296","Part-time Internship Experience","0","0 credit. Students may attempt this course a total of six times. Enrollment restricted to School of Engineering majors. The student works part time in an approved internship and must work a minimum of 90 hours, but less than 300 hours during the semester. The student works to meet learning objectives while gaining practical experience relevant to their major. The student completes assignments to document, assess and reflect on their learning experience. The supervisor and student both complete evaluations of the learning experience. Graded pass/fail."
"Virginia Commonwealth University","Physics","ENGR395","Professional Development","1","1 lecture and 1 workshop hour. 1 credit. Enrollment is restricted to majors in the School of Engineering. Professional development course to help prepare students to find a job and succeed in a professional environment, and specifically to work as an intern or in a cooperative education position. Topics covered include career paths; job searches; resume and cover letter writing; preparing for the interview; personal assessment of interests, values and strengths; networking; professional and ethical behavior on the job; overview of legal issues related to hiring, such as nondisclosure agreements and noncompete clauses; overview of personal finance management at the first job; workplace safety; and expectations and requirements for internships and cooperative education positions. 676 Undergraduate courses"
"Virginia Commonwealth University","Physics","ENGR402","Senior Design Studio (Seminar)","1","Continuous courses; 1 lecture hour. 1-1 credit. Prerequisites: senior standing and participation in a senior design (capstone) project; completion of ENGR 402 to enroll in ENGR 403. This weekly seminar presents and discusses topics relevant to senior-level engineering students in support of the capstone project and upcoming graduation. A single course coordinator manages and administers the course and schedules the various faculty lectures and guest speakers. Topics include, but are not limited to, the following: proposal writing, project planning and management, scheduling resources and budgeting for technical projects, patents and intellectual property, quality systems (six sigma, ISO standards, statistical process control), entrepreneurship, creativity and innovation and professional registration."
"Virginia Commonwealth University","Physics","ENGR403","Senior Design Studio (Seminar)","1","Continuous courses; 1 lecture hour. 1-1 credit. Prerequisites: senior standing and participation in a senior design (capstone) project; completion of ENGR 402 to enroll in ENGR 403. This weekly seminar presents and discusses topics relevant to senior-level engineering students in support of the capstone project and upcoming graduation. A single course coordinator manages and administers the course and schedules the various faculty lectures and guest speakers. Topics include, but are not limited to, the following: proposal writing, project planning and management, scheduling resources and budgeting for technical projects, patents and intellectual property, quality systems (six sigma, ISO standards, statistical process control), entrepreneurship, creativity and innovation and professional registration."
"Virginia Commonwealth University","Physics","ENGR496","Internship Review","0","0 credits. Prerequisite: ENGR 296 or ENGR 396. Restricted to School of Engineering majors. This course is to be taken following the completion of a minimum of 300 hours of approved internship experience relevant to the student’s major and documents that a student has fulfilled all internship requirements, including a final evaluation by the employer, a final self-evaluation, a final report describing the experience and a final oral presentation about the experience. Graded pass/fail. ENGR 497. Vertically Integrated Projects. 1,2 Hour. Semester course; 3 or 6 laboratory hours. 1 or 2 credits. May be repeated for a maximum total of 8 credits Prerequisites: permission of the project faculty adviser. This course provides undergraduate students the opportunity to participate in multiyear, multidisciplinary projects under the guidance of faculty and graduate students in their areas of expertise. As they address research and development issues, students learn and practice many different professional skills, make substantial technical contributions to the project, and experience many different roles on a large, multidisciplinary design/discovery team. Students must earn a minimum of 4 credits in ENGR 497 with a minimum grade of C in order for these credits to be eligible to count toward a technical or departmental elective. More restrictive requirements may be imposed by individual departments."
"Virginia Commonwealth University","Physics","MATH200","Calculus with Analytic Geometry I","4","4 lecture hours. 4 credits. Prerequisite: MATH 151 with a minimum grade of C or satisfactory score on the VCU Mathematics Placement Test within the one-year period immediately preceding the beginning of the course. Limits, continuity, derivatives, differentials, antiderivatives and definite integrals."
"Virginia Commonwealth University","Physics","MATH201","Calculus with Analytic Geometry II","4","4 lecture hours. 4 credits. Prerequisite: MATH 200 with a minimum grade of C. Applications of differentiation and integration. Selected topics in analytic geometry. Infinite series."
"Virginia Commonwealth University","Physics","MATH301","Differential Equations","3","3 lecture hours. 3 credits. Prerequisite: MATH 201 with a minimum grade of C. Solutions of ordinary differential equations of first order. Solutions of higher order linear differential equations with constant coefficients and variable coefficients by the methods of undetermined coefficients and variation of parameters, solutions by Laplace transforms and applications."
"Virginia Commonwealth University","Physics","MATH307","Multivariate Calculus","4","4 lecture hours. 4 credits. Prerequisite: MATH 201 with a minimum grade of C. The calculus of vector-valued functions and of functions of more than one variable. Partial derivatives, multiple integrals, line integrals, surface integrals and curvilinear coordinates. Lagrange multipliers; theorems of Green, Gauss and Stokes. Applications."
"Virginia Commonwealth University","Physics","MGMT310","Managing People in Organizations","3","3 lecture hours (delivered online, face-to-face or hybrid). 3 credits. Enrollment is restricted to students who have completed at least 54 credits (junior standing). Introduces students to the management of people in organizations, focusing on the managerial skills, knowledge and activities needed for a successful business operation. Topics include planning, organizing, staffing and leading; effectively utilizing human capital to achieve an organization’s objectives in today’s competitive environment. "
"Virginia Commonwealth University","Physics","PHYS207","University Physics I","5","3 lecture, 1 recitation and 3 laboratory hours. 5 credits. Prerequisite: MATH 200 or permission of instructor. A vector- and calculus-based introduction to the fundamental concepts of mechanics, heat and wave motion."
"Virginia Commonwealth University","Physics","PHYS208","University Physics II","5","3 lecture, 1 recitation and 3 laboratory hours. 5 credits. Prerequisite: PHYS 207. Corequisite: MATH 201. A vector- and calculus- based introduction to the fundamentals of electricity, magnetism and optics."
"Virginia Commonwealth University","Physics","HUMS202","Choices in a Consumer Society","1","1 lecture hour (delivered online). 1 credit. Corequisite: UNIV 111 or UNIV 112. Provides a framework for understanding the nature of choices made in a consumer society, with an emphasis on the financial consequences of those choices. Students will gain the practical knowledge needed to make informed personal financial decisions as they address immediate, short-term and long-term consumer choices. Administered primarily as a self-paced, computer-aided instructional course. HUMS 291. Special Topics in the Humanities and Sciences. 1-4 Hours. Semester course; 1-4 credits. May be repeated with different content. Specialized topics in the liberal arts and sciences designed to provide an overview of a topic not provided by an existing course or program. May be multidisciplinary. Graded as pass/fail or normal letter grading at the option of the instructor."
"Virginia Commonwealth University","Physics","MATH200","Calculus with Analytic Geometry I","4","4 lecture hours. 4 credits. Prerequisite: MATH 151 with a minimum grade of C or satisfactory score on the VCU Mathematics Placement Test within the one-year period immediately preceding the beginning of the course. Limits, continuity, derivatives, differentials, antiderivatives and definite integrals."
"Virginia Commonwealth University","Physics","MATH201","Calculus with Analytic Geometry II","4","4 lecture hours. 4 credits. Prerequisite: MATH 200 with a minimum grade of C. Applications of differentiation and integration. Selected topics in analytic geometry. Infinite series."
"Virginia Commonwealth University","Physics","MATH301","Differential Equations","3","3 lecture hours. 3 credits. Prerequisite: MATH 201 with a minimum grade of C. Solutions of ordinary differential equations of first order. Solutions of higher order linear differential equations with constant coefficients and variable coefficients by the methods of undetermined coefficients and variation of parameters, solutions by Laplace transforms and applications."
"Virginia Commonwealth University","Physics (Nanoscience)","MATH307","Multivariate Calculus","4","4 lecture hours. 4 credits. Prerequisite: MATH 201 with a minimum grade of C. The calculus of vector-valued functions and of functions of more than one variable. Partial derivatives, multiple integrals, line integrals, surface integrals and curvilinear coordinates. Lagrange multipliers; theorems of Green, Gauss and Stokes. Applications."
"Virginia Commonwealth University","Physics (Nanoscience)","PHYS207","University Physics I","5","3 lecture, 1 recitation and 3 laboratory hours. 5 credits. Prerequisite: MATH 200 or permission of instructor. A vector- and calculus-based introduction to the fundamental concepts of mechanics, heat and wave motion."
"Virginia Commonwealth University","Physics (Nanoscience)","PHYS208","University Physics II","5","3 lecture, 1 recitation and 3 laboratory hours. 5 credits. Prerequisite: PHYS 207. Corequisite: MATH 201. A vector- and calculus- based introduction to the fundamentals of electricity, magnetism and optics."
"Virginia Commonwealth University","Physics (Nanoscience)","PHYS301","Classical Mechanics I","3","3 lecture hours. 3 credits. Prerequisites: PHYS 208 with a minimum grade of B or PHYS 211 with a minimum grade of C; and MATH 307. Corequisite: MATH 301. Review of vector calculus. Newtonian mechanics: single particle, oscillations, motion under central forces and dynamics of systems of particles."
"Virginia Commonwealth University","Physics (Nanoscience)","PHYS320","Modern Physics","3","3 lecture hours. 3 credits. Prerequisites: PHYS 208 and MATH 307. Corequisite: MATH 301. Foundations of modern physics including special relativity, thermal radiation and quantization, wave- particle duality of radiation and matter, Schroedinger equation, atomic, nuclear and particle physics, and molecular structure and spectra. A continuation of PHYS 208."
"Virginia Commonwealth University","Physics (Nanoscience)","PHYS340","Statistical Mechanics and Thermodynamics","3","3 lecture hours. 3 credits. Prerequisites: PHYS 301 and MATH 301. Microscopic theory of temperature, heat and entropy, kinetic theory, multicomponent systems, and quantum statistics. Mathematical relationships of thermodynamics. PHYS 351. Guided Inquiry for University Physics I. 1.5 Hour. Semester course; 1 lecture and 1 recitation hour. 1.5 credits. Prerequisites: PHYS 207 and permission of instructor. Student learning assistants aid in recitation sections of PHYS 207 University Physics I using guided inquiry and group-based activities. Further develops the core skills of PHYS 207. Introduces students to the principles of active and collaborative learning in physics through practical, hands-on problem-solving, class discussions and demonstrations. PHYS 352. Guided Inquiry for University Physics II. 1.5 Hour. Semester course; 1 lecture and 1 recitation hour. 1.5 credits. Prerequisites: PHYS 208 and permission of instructor. Student learning assistants aid in recitation sections of PHYS 208 University Physics II using guided inquiry and group-based activities. Further develops the core skills of PHYS 208. Introduces students to the principles of active and collaborative learning in physics through practical, hands-on problem-solving, class discussions and demonstrations."
"Virginia Commonwealth University","Physics (Nanoscience)","PHYS376","Electromagnetism I","3","3 lecture hours. 3 credits. Prerequisites: PHYS 301 and MATH 301. Electrostatics, magnetism and electromagnetic properties of matter, Maxwell's equations, electromagnetic waves, boundary conditions, and polarization. "
"Virginia Commonwealth University","Physics (Nanoscience)","PHYS380","Quantum Physics I","3","3 lecture hours. 3 credits. Prerequisites: PHYS 301, PHYS 320 and MATH 301, or permission of instructor. Brief introduction to the correspondence between classical and quantum mechanics, Schroedinger wave equation, operator methods in quantum mechanics, angular momentum and conservation laws, solution to harmonic oscillator and the hydrogen atom, magnetic dipole momentum and spin. PHYS 391. Topics in Physics. 1-3 Hours. Semester course; 1-3 lecture hours. 1-3 credits per semester. Maximum total of 6 credits. In-depth study of a selected topic in physics or physics- related technology, usually at a level requiring only elementary algebra. Not applicable toward physics major. See the Schedule of Classes for specific topics to be offered each semester and prerequisites. PHYS 397. Directed Study. 1-3 Hours. Semester course; variable hours. 1-3 credits per semester. Maximum of 3 credits applicable toward physics major requirement; maximum total of 4 credits. Open to nonmajors. Determination of amount of credit and permission of instructor must be obtained before registration of course. Intended to allow nonmajors and majors to examine in detail an area of physics or physics-related technology not otherwise available in upper- level courses. May involve either directed readings or directed laboratory work."
"Virginia Commonwealth University","Physics (Nanoscience)","PHYS450","Senior Physics Laboratory","3","1 lecture and 4 laboratory hours. 3 credits. Prerequisites: PHYS 301 and 320, and PHYZ 320. Experiments in condensed matter physics with an introduction to the instrumentation and data analysis used in the research laboratory."
"Virginia Commonwealth University","Physics (Nanoscience)","PHYS490","Seminar in Conceptual Physics","1","1 lecture hour. 1 credit. Prerequisites: PHYS 340, PHYS 376, PHYS 380 and PHYZ 320. Restricted to seniors in physics with at least 85 credit hours taken toward the degree. A senior capstone course in physics designed to help students formulate physics-related questions in such a way that they can obtain quantitative answers. Students will describe their results in a senior paper and in an oral presentation."
"Virginia Commonwealth University","Physics (Nanoscience)","PHYZ320","Modern Physics Laboratory","1","3 laboratory hours. 1 credit. Pre- or corequisite: PHYS 320. Experimental work correlated with PHYS 320. Political Science (POLI)"
"Virginia Commonwealth University","Physics (Nanoscience)","CHEM101","General Chemistry I","3","3 lecture and 1 recitation hours. 3 credits. Prerequisites: MATH 139, MATH 141, MATH 151, MATH 200, MATH 201 or satisfactory score on the VCU mathematics placement test within the one-year period immediately preceding the beginning of the course; and CHEM 100 with a minimum grade of B or satisfactory score on the chemistry placement exam/assessment within the one-year period immediately preceding the beginning of the course. Fundamental principles and theories of chemistry."
"Virginia Commonwealth University","Physics (Nanoscience)","CHEZ101","General Chemistry Laboratory I","1","1 lecture and 2 laboratory hours. 1 credit. Pre- or corequisite: CHEM 101. Experimental work correlated with CHEM 101 with selected forensic science applications. Each student is charged for breakage incurred. Approved safety glasses are required. Failure to check out of laboratory upon withdrawal or for other reasons will incur a charge billed from the Student Accounting Department."
"Virginia Commonwealth University","Physics (Nanoscience)","HUMS202","Choices in a Consumer Society","1","1 lecture hour (delivered online). 1 credit. Corequisite: UNIV 111 or UNIV 112. Provides a framework for understanding the nature of choices made in a consumer society, with an emphasis on the financial consequences of those choices. Students will gain the practical knowledge needed to make informed personal financial decisions as they address immediate, short-term and long-term consumer choices. Administered primarily as a self-paced, computer-aided instructional course. HUMS 291. Special Topics in the Humanities and Sciences. 1-4 Hours. Semester course; 1-4 credits. May be repeated with different content. Specialized topics in the liberal arts and sciences designed to provide an overview of a topic not provided by an existing course or program. May be multidisciplinary. Graded as pass/fail or normal letter grading at the option of the instructor."
"Virginia Commonwealth University","Physics (Nanoscience)","MATH200","Calculus with Analytic Geometry I","4","4 lecture hours. 4 credits. Prerequisite: MATH 151 with a minimum grade of C or satisfactory score on the VCU Mathematics Placement Test within the one-year period immediately preceding the beginning of the course. Limits, continuity, derivatives, differentials, antiderivatives and definite integrals."
"Virginia Commonwealth University","Physics (Nanoscience)","MATH201","Calculus with Analytic Geometry II","4","4 lecture hours. 4 credits. Prerequisite: MATH 200 with a minimum grade of C. Applications of differentiation and integration. Selected topics in analytic geometry. Infinite series."
"Virginia Commonwealth University","Physics (Nanoscience)","MATH301","Differential Equations","3","3 lecture hours. 3 credits. Prerequisite: MATH 201 with a minimum grade of C. Solutions of ordinary differential equations of first order. Solutions of higher order linear differential equations with constant coefficients and variable coefficients by the methods of undetermined coefficients and variation of parameters, solutions by Laplace transforms and applications."
"Virginia Commonwealth University","Physics (Nanoscience)","MATH307","Multivariate Calculus","4","4 lecture hours. 4 credits. Prerequisite: MATH 201 with a minimum grade of C. The calculus of vector-valued functions and of functions of more than one variable. Partial derivatives, multiple integrals, line integrals, surface integrals and curvilinear coordinates. Lagrange multipliers; theorems of Green, Gauss and Stokes. Applications."
"Virginia Commonwealth University","Physics (Nanoscience)","PHYS207","University Physics I","5","3 lecture, 1 recitation and 3 laboratory hours. 5 credits. Prerequisite: MATH 200 or permission of instructor. A vector- and calculus-based introduction to the fundamental concepts of mechanics, heat and wave motion."
"Virginia Commonwealth University","Physics (Nanoscience)","PHYS208","University Physics II","5","3 lecture, 1 recitation and 3 laboratory hours. 5 credits. Prerequisite: PHYS 207. Corequisite: MATH 201. A vector- and calculus- based introduction to the fundamentals of electricity, magnetism and optics."
"Virginia Commonwealth University","Physics (PreMedical)","PHYS301","Classical Mechanics I","3","3 lecture hours. 3 credits. Prerequisites: PHYS 208 with a minimum grade of B or PHYS 211 with a minimum grade of C; and MATH 307. Corequisite: MATH 301. Review of vector calculus. Newtonian mechanics: single particle, oscillations, motion under central forces and dynamics of systems of particles."
"Virginia Commonwealth University","Physics (PreMedical)","PHYS320","Modern Physics","3","3 lecture hours. 3 credits. Prerequisites: PHYS 208 and MATH 307. Corequisite: MATH 301. Foundations of modern physics including special relativity, thermal radiation and quantization, wave- particle duality of radiation and matter, Schroedinger equation, atomic, nuclear and particle physics, and molecular structure and spectra. A continuation of PHYS 208."
"Virginia Commonwealth University","Physics (PreMedical)","PHYS335","Experimental Skills for Physicists","3","2 lecture and 2 laboratory hours. 3 credits. Prerequisites: PHYS 320 and PHYZ 320. Practical skills in experimental physics, including use of micro controllers, sensor modules, high- precision positions and opto-electronics. Skills will be used to address engaging and current real-world challenges."
"Virginia Commonwealth University","Physics (PreMedical)","PHYS340","Statistical Mechanics and Thermodynamics","3","3 lecture hours. 3 credits. Prerequisites: PHYS 301 and MATH 301. Microscopic theory of temperature, heat and entropy, kinetic theory, multicomponent systems, and quantum statistics. Mathematical relationships of thermodynamics. PHYS 351. Guided Inquiry for University Physics I. 1.5 Hour. Semester course; 1 lecture and 1 recitation hour. 1.5 credits. Prerequisites: PHYS 207 and permission of instructor. Student learning assistants aid in recitation sections of PHYS 207 University Physics I using guided inquiry and group-based activities. Further develops the core skills of PHYS 207. Introduces students to the principles of active and collaborative learning in physics through practical, hands-on problem-solving, class discussions and demonstrations. PHYS 352. Guided Inquiry for University Physics II. 1.5 Hour. Semester course; 1 lecture and 1 recitation hour. 1.5 credits. Prerequisites: PHYS 208 and permission of instructor. Student learning assistants aid in recitation sections of PHYS 208 University Physics II using guided inquiry and group-based activities. Further develops the core skills of PHYS 208. Introduces students to the principles of active and collaborative learning in physics through practical, hands-on problem-solving, class discussions and demonstrations."
"Virginia Commonwealth University","Physics (PreMedical)","PHYS376","Electromagnetism I","3","3 lecture hours. 3 credits. Prerequisites: PHYS 301 and MATH 301. Electrostatics, magnetism and electromagnetic properties of matter, Maxwell's equations, electromagnetic waves, boundary conditions, and polarization. "
"Virginia Commonwealth University","Physics (PreMedical)","PHYS380","Quantum Physics I","3","3 lecture hours. 3 credits. Prerequisites: PHYS 301, PHYS 320 and MATH 301, or permission of instructor. Brief introduction to the correspondence between classical and quantum mechanics, Schroedinger wave equation, operator methods in quantum mechanics, angular momentum and conservation laws, solution to harmonic oscillator and the hydrogen atom, magnetic dipole momentum and spin. PHYS 391. Topics in Physics. 1-3 Hours. Semester course; 1-3 lecture hours. 1-3 credits per semester. Maximum total of 6 credits. In-depth study of a selected topic in physics or physics- related technology, usually at a level requiring only elementary algebra. Not applicable toward physics major. See the Schedule of Classes for specific topics to be offered each semester and prerequisites. PHYS 397. Directed Study. 1-3 Hours. Semester course; variable hours. 1-3 credits per semester. Maximum of 3 credits applicable toward physics major requirement; maximum total of 4 credits. Open to nonmajors. Determination of amount of credit and permission of instructor must be obtained before registration of course. Intended to allow nonmajors and majors to examine in detail an area of physics or physics-related technology not otherwise available in upper- level courses. May involve either directed readings or directed laboratory work."
"Virginia Commonwealth University","Physics (PreMedical)","PHYS450","Senior Physics Laboratory","3","1 lecture and 4 laboratory hours. 3 credits. Prerequisites: PHYS 301 and 320, and PHYZ 320. Experiments in condensed matter physics with an introduction to the instrumentation and data analysis used in the research laboratory."
"Virginia Commonwealth University","Physics (PreMedical)","PHYS470","Introduction to Nanoscience","3","3 lecture hours. 3 credits. Prerequisite: PHYS 320. An overview and introduction to a wide range of topics in nanoscience and nanotechnology from the point of view of physics, chemistry, engineering and biology. Takes a systems-based approach to demonstrate how different nano-concepts come together to create systems with unique functions and characteristics."
"Virginia Commonwealth University","Physics (PreMedical)","PHYS490","Seminar in Conceptual Physics","1","1 lecture hour. 1 credit. Prerequisites: PHYS 340, PHYS 376, PHYS 380 and PHYZ 320. Restricted to seniors in physics with at least 85 credit hours taken toward the degree. A senior capstone course in physics designed to help students formulate physics-related questions in such a way that they can obtain quantitative answers. Students will describe their results in a senior paper and in an oral presentation."
"Virginia Commonwealth University","Physics (PreMedical)","PHYS492","Independent Study","3","variable hours. 1-3 credits per semester. Maximum of 3 credits applicable toward physics major requirement; maximum total of 8 credits. Open generally to students of only junior or senior standing who have acquired at least 12 credits in the departmental discipline. Determination of the amount of credit and permission of instructor and department chair must be procured prior to registration of the course. Independent projects in experimental or theoretical physics. Physics Lab (PHYZ)"
"Virginia Commonwealth University","Physics (PreMedical)","PHYZ320","Modern Physics Laboratory","1","3 laboratory hours. 1 credit. Pre- or corequisite: PHYS 320. Experimental work correlated with PHYS 320. Political Science (POLI)"
"Virginia Commonwealth University","Physics (PreMedical)","BIOL151","Introduction to Biological Sciences I","3","3 lecture hours. 3 credits. Prerequisites: MATH 139, MATH 141, MATH 151, MATH 200, MATH 201 or a satisfactory score on the math placement exam; and CHEM 100 with a minimum grade of B, CHEM 101 with a minimum grade of C or a satisfactory score on the chemistry placement exam. Introduction to core biological concepts including cell structure, cellular metabolism, cell division, DNA replication, gene expression and genetics. Designed for biology majors."
"Virginia Commonwealth University","Physics (PreMedical)","BIOL152","Introduction to Biological Sciences II","3","3 lecture hours. 3 credits. Prerequisites: BIOL 151 and CHEM 101, both with a minimum grade of C. Focuses on evolutionary principles, the role of natural selection in the evolution of life forms, taxonomy and phylogenies, biological diversity in the context of form and function of organisms, and and basic principles of ecology. Designed for biology majors."
"Virginia Commonwealth University","Physics (PreMedical)","BIOZ151","Introduction to Biological Science Laboratory I","1","3 laboratory hours. 1 credit. Prerequisite: MATH 139, MATH 141, MATH 151, MATH 200, MATH 201 or a satisfactory score on the math placement exam; and CHEM 100 with a minimum grade of B, CHEM 101 with a minimum grade of C or a satisfactory score on the chemistry placement exam. Pre- or corequisite: BIOL 151. Laboratory investigation of cellular metabolism, genetics and molecular biology, with an emphasis on formation and testing of hypotheses. Laboratory exercises will elaborate themes discussed in BIOL 151. "
"Virginia Commonwealth University","Physics (PreMedical)","BIOZ152","Introduction to Biological Science Laboratory II","1","3 laboratory hours. 1 credit. Prerequisites: BIOL 151, BIOZ 151 and CHEM 101, each with a minimum grade of C. Pre- or corequisite: BIOL 152. Laboratory investigation of evolutionary concepts, evolution of organisms, biological diversity and ecology, with an emphasis on formation and testing of hypotheses. Laboratory exercises will elaborate themes discussed in BIOL 152."
"Virginia Commonwealth University","Physics (PreMedical)","CHEM101","General Chemistry I","3","3 lecture and 1 recitation hours. 3 credits. Prerequisites: MATH 139, MATH 141, MATH 151, MATH 200, MATH 201 or satisfactory score on the VCU mathematics placement test within the one-year period immediately preceding the beginning of the course; and CHEM 100 with a minimum grade of B or satisfactory score on the chemistry placement exam/assessment within the one-year period immediately preceding the beginning of the course. Fundamental principles and theories of chemistry."
"Virginia Commonwealth University","Physics (PreMedical)","CHEM102","General Chemistry II","3","3 lecture and 1 recitation hours. 3 credits. Prerequisites: MATH 151, MATH 200, MATH 201 or satisfactory score on the VCU Mathematics Placement Test within the one-year period immediately preceding the beginning of the course; and CHEM 101 with a minimum grade of C. Fundamental principles and theories of chemistry, including qualitative analysis."
"Virginia Commonwealth University","Physics (PreMedical)","CHEM301","Organic Chemistry","3","Continuous courses; 3 lecture hours. 3-3 credits. Prerequisite: CHEM 102 with a minimum grade of C. Prerequisite for CHEM 302: CHEM 301 with a minimum grade of C. A comprehensive survey of aliphatic and aromatic compounds with emphasis on their structure, properties, reactions, reaction mechanisms and stereochemistry."
"Virginia Commonwealth University","Physics (PreMedical)","CHEM302","Organic Chemistry","3","Continuous courses; 3 lecture hours. 3-3 credits. Prerequisite: CHEM 102 with a minimum grade of C. Prerequisite for CHEM 302: CHEM 301 with a minimum grade of C. A comprehensive survey of aliphatic and aromatic compounds with emphasis on their structure, properties, reactions, reaction mechanisms and stereochemistry."
"Virginia Commonwealth University","Physics (PreMedical)","CHEZ101","General Chemistry Laboratory I","1","1 lecture and 2 laboratory hours. 1 credit. Pre- or corequisite: CHEM 101. Experimental work correlated with CHEM 101 with selected forensic science applications. Each student is charged for breakage incurred. Approved safety glasses are required. Failure to check out of laboratory upon withdrawal or for other reasons will incur a charge billed from the Student Accounting Department."
"Virginia Commonwealth University","Physics (PreMedical)","CHEZ102","General Chemistry Laboratory II","1","1 lecture and 2 laboratory hours. 1 credit. Prerequisites: CHEM 101 and CHEZ 101 with minimum grades of C. Pre- or corequisite: CHEM 102. Experimental work includes qualitative analysis with selected forensic science applications. Each student is charged for breakage incurred. Approved safety glasses are required. Failure to check out of laboratory upon withdrawal or for other reasons will incur a charge billed from the Student Accounting Department."
"Virginia Commonwealth University","Physics (PreMedical)","CHEZ301","Organic Chemistry Laboratory I","2","4 laboratory hours. 2 credits. Prerequisites: CHEM 102 and CHEZ 102 with minimum grades of C. Pre- or corequisite: CHEM 301. Experimental work correlated with CHEM 301. Each student is charged for breakage incurred. Approved safety glasses are required. Failure to check out of laboratory upon withdrawal or for other reasons will incur a charge billed from the Student Accounting Department."
"Virginia Commonwealth University","Physics (PreMedical)","CHEZ302","Organic Chemistry Laboratory II","2","4 laboratory hours. 2 credits. Prerequisites: CHEM 301 and CHEZ 301 with minimum grades of C. Pre- or corequisite: CHEM 302. Experimental work correlated with CHEM 302. Each student is charged for breakage incurred. Approved safety glasses are required. Failure to check out of laboratory upon withdrawal or for other reasons will incur a charge billed from the Student Accounting Department."
"Virginia Commonwealth University","Physics (PreMedical)","HUMS202","Choices in a Consumer Society","1","1 lecture hour (delivered online). 1 credit. Corequisite: UNIV 111 or UNIV 112. Provides a framework for understanding the nature of choices made in a consumer society, with an emphasis on the financial consequences of those choices. Students will gain the practical knowledge needed to make informed personal financial decisions as they address immediate, short-term and long-term consumer choices. Administered primarily as a self-paced, computer-aided instructional course. HUMS 291. Special Topics in the Humanities and Sciences. 1-4 Hours. Semester course; 1-4 credits. May be repeated with different content. Specialized topics in the liberal arts and sciences designed to provide an overview of a topic not provided by an existing course or program. May be multidisciplinary. Graded as pass/fail or normal letter grading at the option of the instructor."
"Virginia Commonwealth University","Physics (PreMedical)","MATH200","Calculus with Analytic Geometry I","4","4 lecture hours. 4 credits. Prerequisite: MATH 151 with a minimum grade of C or satisfactory score on the VCU Mathematics Placement Test within the one-year period immediately preceding the beginning of the course. Limits, continuity, derivatives, differentials, antiderivatives and definite integrals."
"Virginia Commonwealth University","Physics (PreMedical)","MATH201","Calculus with Analytic Geometry II","4","4 lecture hours. 4 credits. Prerequisite: MATH 200 with a minimum grade of C. Applications of differentiation and integration. Selected topics in analytic geometry. Infinite series."
"Virginia Commonwealth University","Physics (PreMedical)","MATH301","Differential Equations","3","3 lecture hours. 3 credits. Prerequisite: MATH 201 with a minimum grade of C. Solutions of ordinary differential equations of first order. Solutions of higher order linear differential equations with constant coefficients and variable coefficients by the methods of undetermined coefficients and variation of parameters, solutions by Laplace transforms and applications."
"Virginia Commonwealth University","Physics (PreMedical)","MATH307","Multivariate Calculus","4","4 lecture hours. 4 credits. Prerequisite: MATH 201 with a minimum grade of C. The calculus of vector-valued functions and of functions of more than one variable. Partial derivatives, multiple integrals, line integrals, surface integrals and curvilinear coordinates. Lagrange multipliers; theorems of Green, Gauss and Stokes. Applications."
"Virginia Commonwealth University","Physics (PreMedical)","PHYS207","University Physics I","5","3 lecture, 1 recitation and 3 laboratory hours. 5 credits. Prerequisite: MATH 200 or permission of instructor. A vector- and calculus-based introduction to the fundamental concepts of mechanics, heat and wave motion."
"Virginia Commonwealth University","Physics (PreMedical)","PHYS208","University Physics II","5","3 lecture, 1 recitation and 3 laboratory hours. 5 credits. Prerequisite: PHYS 207. Corequisite: MATH 201. A vector- and calculus- based introduction to the fundamentals of electricity, magnetism and optics."
"Virginia Commonwealth University","Physics (PreMedical)","PHYS301","Classical Mechanics I","3","3 lecture hours. 3 credits. Prerequisites: PHYS 208 with a minimum grade of B or PHYS 211 with a minimum grade of C; and MATH 307. Corequisite: MATH 301. Review of vector calculus. Newtonian mechanics: single particle, oscillations, motion under central forces and dynamics of systems of particles."
"Virginia Commonwealth University","Phycology","PHYS317","Preparing for the MCAT and Medical Sciences","3","3 lecture hours. 3 credits. Prerequisite: BIOL 152, CHEM 102, PHYS 202 or PHYS 208. This course introduces physics majors to areas of medical practice where physical sciences play a key role. These include but are not limited to radiology and radiation oncology, orthopedics, pulmonology, and electrophysiology. Students will also review key topics in physics and life sciences that are tested on the Medical College Admissions Test. Broadly, these include chemical and physical foundations of biological systems as well as biological and biochemical foundations of living systems."
"Virginia Commonwealth University","Phycology","PHYS320","Modern Physics","3","3 lecture hours. 3 credits. Prerequisites: PHYS 208 and MATH 307. Corequisite: MATH 301. Foundations of modern physics including special relativity, thermal radiation and quantization, wave- particle duality of radiation and matter, Schroedinger equation, atomic, nuclear and particle physics, and molecular structure and spectra. A continuation of PHYS 208."
"Virginia Commonwealth University","Phycology","PHYS335","Experimental Skills for Physicists","3","2 lecture and 2 laboratory hours. 3 credits. Prerequisites: PHYS 320 and PHYZ 320. Practical skills in experimental physics, including use of micro controllers, sensor modules, high- precision positions and opto-electronics. Skills will be used to address engaging and current real-world challenges."
"Virginia Commonwealth University","Phycology","PHYS340","Statistical Mechanics and Thermodynamics","3","3 lecture hours. 3 credits. Prerequisites: PHYS 301 and MATH 301. Microscopic theory of temperature, heat and entropy, kinetic theory, multicomponent systems, and quantum statistics. Mathematical relationships of thermodynamics. PHYS 351. Guided Inquiry for University Physics I. 1.5 Hour. Semester course; 1 lecture and 1 recitation hour. 1.5 credits. Prerequisites: PHYS 207 and permission of instructor. Student learning assistants aid in recitation sections of PHYS 207 University Physics I using guided inquiry and group-based activities. Further develops the core skills of PHYS 207. Introduces students to the principles of active and collaborative learning in physics through practical, hands-on problem-solving, class discussions and demonstrations. PHYS 352. Guided Inquiry for University Physics II. 1.5 Hour. Semester course; 1 lecture and 1 recitation hour. 1.5 credits. Prerequisites: PHYS 208 and permission of instructor. Student learning assistants aid in recitation sections of PHYS 208 University Physics II using guided inquiry and group-based activities. Further develops the core skills of PHYS 208. Introduces students to the principles of active and collaborative learning in physics through practical, hands-on problem-solving, class discussions and demonstrations."
"Virginia Commonwealth University","Phycology","PHYS376","Electromagnetism I","3","3 lecture hours. 3 credits. Prerequisites: PHYS 301 and MATH 301. Electrostatics, magnetism and electromagnetic properties of matter, Maxwell's equations, electromagnetic waves, boundary conditions, and polarization. "
"Virginia Commonwealth University","Phycology","PHYS380","Quantum Physics I","3","3 lecture hours. 3 credits. Prerequisites: PHYS 301, PHYS 320 and MATH 301, or permission of instructor. Brief introduction to the correspondence between classical and quantum mechanics, Schroedinger wave equation, operator methods in quantum mechanics, angular momentum and conservation laws, solution to harmonic oscillator and the hydrogen atom, magnetic dipole momentum and spin. PHYS 391. Topics in Physics. 1-3 Hours. Semester course; 1-3 lecture hours. 1-3 credits per semester. Maximum total of 6 credits. In-depth study of a selected topic in physics or physics- related technology, usually at a level requiring only elementary algebra. Not applicable toward physics major. See the Schedule of Classes for specific topics to be offered each semester and prerequisites. PHYS 397. Directed Study. 1-3 Hours. Semester course; variable hours. 1-3 credits per semester. Maximum of 3 credits applicable toward physics major requirement; maximum total of 4 credits. Open to nonmajors. Determination of amount of credit and permission of instructor must be obtained before registration of course. Intended to allow nonmajors and majors to examine in detail an area of physics or physics-related technology not otherwise available in upper- level courses. May involve either directed readings or directed laboratory work."
"Virginia Commonwealth University","Phycology","PHYS417","Topics in Biophysics","3","3 lecture hours. 3 credits. Prerequisites: PHYS 208, CHEM 102 and BIOL 152. An introduction to biophysics examining many topics in life sciences. The course will introduce how to understand phenomena in life sciences from a quantitative perspective and use physical models for complex systems. Topics include Brownian motion, mechanical and chemical equilibrium, electrostatics, molecular machines, pattern formation and physical tools in biology."
"Virginia Commonwealth University","Phycology","PHYS425","Computational Physics and Data Analysis","3","3 lecture hours. 3 credits. Prerequisite: PHYS 340. Introduces students to topics in computational physics and computational tools used for data analysis. This course teaches basic skills in programming in the context of applying them to biophysics- related problems. It is assumed that students have no computer programming experience, but have a modest understanding of physical systems. 766 Undergraduate courses"
"Virginia Commonwealth University","Phycology","PHYS450","Senior Physics Laboratory","3","1 lecture and 4 laboratory hours. 3 credits. Prerequisites: PHYS 301 and 320, and PHYZ 320. Experiments in condensed matter physics with an introduction to the instrumentation and data analysis used in the research laboratory."
"Virginia Commonwealth University","Phycology (Addiction Studies)","PHYS490","Seminar in Conceptual Physics","1","1 lecture hour. 1 credit. Prerequisites: PHYS 340, PHYS 376, PHYS 380 and PHYZ 320. Restricted to seniors in physics with at least 85 credit hours taken toward the degree. A senior capstone course in physics designed to help students formulate physics-related questions in such a way that they can obtain quantitative answers. Students will describe their results in a senior paper and in an oral presentation."
"Virginia Commonwealth University","Phycology (Addiction Studies)","PHYZ320","Modern Physics Laboratory","1","3 laboratory hours. 1 credit. Pre- or corequisite: PHYS 320. Experimental work correlated with PHYS 320. Political Science (POLI)"
"Virginia Commonwealth University","Phycology (Addiction Studies)","BIOL101","Biological Concepts","3","3 lecture hours (delivered online, face-to-face or hybrid). 3 credits. A topical approach to basic biological principles. Topics include molecular aspects of cells, bioenergetics, photosynthesis, cellular respiration, cellular and organismal reproduction, genetics and evolution, and ecology. Not applicable for credit toward the major in biology. "
"Virginia Commonwealth University","Phycology (Addiction Studies)","BIOL103","Global Environmental Biology","3","3 lecture hours (delivered online). 3 credits. This course engages students in understanding biological systems through aspects of global change in the Earth’s environment. Global change is explored through the perspective of a biologist in association with social and economic concepts. Topics include climate change, population biology, ecosystems, urbanization, renewable and nonrenewable energy, air and water resources and sustainability goals. Assessments and applied activities reinforce major course concepts. Not applicable as a prerequisite for any biology course at the 200 level or higher nor for credit toward the B.S. in Biology."
"Virginia Commonwealth University","Phycology (Addiction Studies)","BIOZ101","Biological Concepts Laboratory","1","2 laboratory hours. 1 credit. Pre- or corequisite: BIOL 101, 151 or 152. Laboratory exercise correlated with BIOL 101. Not applicable for credit toward the B.S. in Biology."
"Virginia Commonwealth University","Phycology (Addiction Studies)","HUMS202","Choices in a Consumer Society","1","1 lecture hour (delivered online). 1 credit. Corequisite: UNIV 111 or UNIV 112. Provides a framework for understanding the nature of choices made in a consumer society, with an emphasis on the financial consequences of those choices. Students will gain the practical knowledge needed to make informed personal financial decisions as they address immediate, short-term and long-term consumer choices. Administered primarily as a self-paced, computer-aided instructional course. HUMS 291. Special Topics in the Humanities and Sciences. 1-4 Hours. Semester course; 1-4 credits. May be repeated with different content. Specialized topics in the liberal arts and sciences designed to provide an overview of a topic not provided by an existing course or program. May be multidisciplinary. Graded as pass/fail or normal letter grading at the option of the instructor."
"Virginia Commonwealth University","Phycology (Addiction Studies)","PSYC101","Introduction to Psychology","4","3 lecture and 1 computer-assisted laboratory hours (delivered online, face-to-face or hybrid). 4 credits. A survey of the basic principles, methods of investigation and fields of study and application. Includes individualized application of principles and methods in computerized learning activities. This course is a prerequisite for upper-level work in the field of psychology."
"Virginia Commonwealth University","Phycology (Addiction Studies)","PSYC214","Applications of Statistics","3","2 lecture and 2 laboratory hours. 3 credits. Prerequisites: PSYC 101 and STAT 210 both with a minimum grade of C. Frequency distributions, measures of central tendency and variability; sampling, probability, correlation and significance tests as applied in psychological data."
"Virginia Commonwealth University","Phycology (Addiction Studies)","PSYC317","Experimental Methods","3","2 lecture and 2 laboratory hours. 3 credits. Prerequisite: PSYC 214 with a minimum grade of C. Introduction to experimental procedures and laboratory techniques in psychology. Demonstrations and experiments in sensation, perception, learning, emotion and motivation."
"Virginia Commonwealth University","Phycology (Addiction Studies)","PSYC451","History of Psychology","3","3 lecture hours. 3 credits. Prerequisites: PSYC 101 and senior standing. Traces the history of ideas about mind and behavior as they relate to the theory and practice of psychology. 774 Undergraduate courses"
"Virginia Commonwealth University","Phycology (Addiction Studies)","STAT210","Basic Practice of Statistics","3","3 lecture hours (delivered online, face-to-face or hybrid). 3 credits. Prerequisite: satisfactory score on the VCU Mathematics Placement Test within the one-year period immediately preceding the beginning of the course, or MATH 131, MATH 139, MATH 141, MATH 151, MATH 200 or MATH 201. Designed for students who will likely take another quantitative reasoning course for which statistics may be a prerequisite. Not open to mathematical sciences or computer science majors. Topics include examining distributions, examining relationships, producing data, sampling distributions and probability, introduction to inference. Students may receive credit toward graduation for only one of STAT 206, STAT 208, STAT 210, STAT 212, STAT 312 or SCMA 301."
"Virginia Commonwealth University","Phycology (Addiction Studies)","BIOL101","Biological Concepts","3","3 lecture hours (delivered online, face-to-face or hybrid). 3 credits. A topical approach to basic biological principles. Topics include molecular aspects of cells, bioenergetics, photosynthesis, cellular respiration, cellular and organismal reproduction, genetics and evolution, and ecology. Not applicable for credit toward the major in biology. "
"Virginia Commonwealth University","Phycology (Applied)","BIOL103","Global Environmental Biology","3","3 lecture hours (delivered online). 3 credits. This course engages students in understanding biological systems through aspects of global change in the Earth’s environment. Global change is explored through the perspective of a biologist in association with social and economic concepts. Topics include climate change, population biology, ecosystems, urbanization, renewable and nonrenewable energy, air and water resources and sustainability goals. Assessments and applied activities reinforce major course concepts. Not applicable as a prerequisite for any biology course at the 200 level or higher nor for credit toward the B.S. in Biology."
"Virginia Commonwealth University","Phycology (Applied)","BIOZ101","Biological Concepts Laboratory","1","2 laboratory hours. 1 credit. Pre- or corequisite: BIOL 101, 151 or 152. Laboratory exercise correlated with BIOL 101. Not applicable for credit toward the B.S. in Biology."
"Virginia Commonwealth University","Phycology (Applied)","HUMS202","Choices in a Consumer Society","1","1 lecture hour (delivered online). 1 credit. Corequisite: UNIV 111 or UNIV 112. Provides a framework for understanding the nature of choices made in a consumer society, with an emphasis on the financial consequences of those choices. Students will gain the practical knowledge needed to make informed personal financial decisions as they address immediate, short-term and long-term consumer choices. Administered primarily as a self-paced, computer-aided instructional course. HUMS 291. Special Topics in the Humanities and Sciences. 1-4 Hours. Semester course; 1-4 credits. May be repeated with different content. Specialized topics in the liberal arts and sciences designed to provide an overview of a topic not provided by an existing course or program. May be multidisciplinary. Graded as pass/fail or normal letter grading at the option of the instructor."
"Virginia Commonwealth University","Phycology (Applied)","PSYC101","Introduction to Psychology","4","3 lecture and 1 computer-assisted laboratory hours (delivered online, face-to-face or hybrid). 4 credits. A survey of the basic principles, methods of investigation and fields of study and application. Includes individualized application of principles and methods in computerized learning activities. This course is a prerequisite for upper-level work in the field of psychology."
"Virginia Commonwealth University","Phycology (Applied)","PSYC214","Applications of Statistics","3","2 lecture and 2 laboratory hours. 3 credits. Prerequisites: PSYC 101 and STAT 210 both with a minimum grade of C. Frequency distributions, measures of central tendency and variability; sampling, probability, correlation and significance tests as applied in psychological data."
"Virginia Commonwealth University","Phycology (Applied)","PSYC317","Experimental Methods","3","2 lecture and 2 laboratory hours. 3 credits. Prerequisite: PSYC 214 with a minimum grade of C. Introduction to experimental procedures and laboratory techniques in psychology. Demonstrations and experiments in sensation, perception, learning, emotion and motivation."
"Virginia Commonwealth University","Phycology (Applied)","PSYC415","Psychological Theories of Addiction","3","3 lecture hours. 3 credits. Prerequisites: PSYC 101; and PSYC 407 or PSYC 410. Enrollment is restricted to psychology majors (standard curriculum/all concentrations) and minors in psychology. An overview of current and historical theories related to the causes of and risk factors for problematic drug use and other addictive behaviors. Describes specific effects of different drugs of abuse and explores various behaviors (gambling, gaming, internet use) that have been identified as addictive in nature. Provides an understanding of the harms and costs associated with drug use and abuse, major approaches to understanding drug addiction (e.g., epidemiological, biological, genetic, behavioral, cognitive, transtheoretical/motivational, sociocultural, developmental), and the human experience of addiction. Introduces research methods used to generate knowledge about the causes of drug use and abuse."
"Virginia Commonwealth University","Phycology (Applied)","PSYC416","Psychological Treatment of Addiction","3","3 lecture hours. 3 credits. Prerequisite: PSYC 415. Enrollment restricted to psychology majors (standard curriculum/all concentrations). A review of evidence-based practices in the assessment, diagnosis and treatment of substance use, abuse and dependence, and comorbid conditions. Discusses psychosocial and psychological approaches as well as medication-assisted therapies for substance use disorders. Examines societal views of addiction and their influences on treatment capacity and services, as well as treatment needs and services for special populations (e.g., pregnant women, adolescents)."
"Virginia Commonwealth University","Phycology (Applied)","PSYC451","History of Psychology","3","3 lecture hours. 3 credits. Prerequisites: PSYC 101 and senior standing. Traces the history of ideas about mind and behavior as they relate to the theory and practice of psychology. 774 Undergraduate courses"
"Virginia Commonwealth University","Phycology (Applied)","PSYC493","Fieldwork: Human Services","3","3 credits. PSYC 492, PSYC 493 and PSYC 494 may be repeated for a total of 6 credits but a maximum of 12 credits total for all three courses is allowed. Prerequisite: permission of instructor. Students are placed in an agency, which will provide supervised work experience in various aspects of helping other people. The setting might be a government or private community agency, or a corporation, depending on the student's goals. The student works eight hours per week at the placement site, attends several group discussion sessions during the semester and completes written assignments. This course is designed to enhance the psychology major's career pursuits for either graduate-level training or post-baccalaureate employment. PSYC 494. Research Internship in Psychology. 1-3 Hours. Semester course; variable hours. 1, 2 or 3 credits per semester. May be repeated for a maximum of 6 credits with adviser's approval. PSYC 492, PSYC 493 or PSYC 494 may be repeated for a total of 6 credits but a maximum of 12 credits total for all three courses. Prerequisites: PSYC 101 and permission of faculty research supervisor must be obtained prior to registration. PSYC 214 and PSYC 317, or permission of supervisor. Students will work on various phases of a research project (design, data collection, data analysis, manuscript writing) under a psychology faculty member's close supervision. This course is designed to enhance the psychology major's career pursuits for either graduate- level training or post-baccalaureate employment."
"Virginia Commonwealth University","Phycology (Applied)","STAT210","Basic Practice of Statistics","3","3 lecture hours (delivered online, face-to-face or hybrid). 3 credits. Prerequisite: satisfactory score on the VCU Mathematics Placement Test within the one-year period immediately preceding the beginning of the course, or MATH 131, MATH 139, MATH 141, MATH 151, MATH 200 or MATH 201. Designed for students who will likely take another quantitative reasoning course for which statistics may be a prerequisite. Not open to mathematical sciences or computer science majors. Topics include examining distributions, examining relationships, producing data, sampling distributions and probability, introduction to inference. Students may receive credit toward graduation for only one of STAT 206, STAT 208, STAT 210, STAT 212, STAT 312 or SCMA 301."
"Virginia Commonwealth University","Phycology (Applied)","BIOL101","Biological Concepts","3","3 lecture hours (delivered online, face-to-face or hybrid). 3 credits. A topical approach to basic biological principles. Topics include molecular aspects of cells, bioenergetics, photosynthesis, cellular respiration, cellular and organismal reproduction, genetics and evolution, and ecology. Not applicable for credit toward the major in biology. "
"Virginia Commonwealth University","Phycology (Applied)","BIOL103","Global Environmental Biology","3","3 lecture hours (delivered online). 3 credits. This course engages students in understanding biological systems through aspects of global change in the Earth’s environment. Global change is explored through the perspective of a biologist in association with social and economic concepts. Topics include climate change, population biology, ecosystems, urbanization, renewable and nonrenewable energy, air and water resources and sustainability goals. Assessments and applied activities reinforce major course concepts. Not applicable as a prerequisite for any biology course at the 200 level or higher nor for credit toward the B.S. in Biology."
"Virginia Commonwealth University","Phycology (Applied)","BIOZ101","Biological Concepts Laboratory","1","2 laboratory hours. 1 credit. Pre- or corequisite: BIOL 101, 151 or 152. Laboratory exercise correlated with BIOL 101. Not applicable for credit toward the B.S. in Biology."
"Virginia Commonwealth University","Phycology (Applied)","HUMS202","Choices in a Consumer Society","1","1 lecture hour (delivered online). 1 credit. Corequisite: UNIV 111 or UNIV 112. Provides a framework for understanding the nature of choices made in a consumer society, with an emphasis on the financial consequences of those choices. Students will gain the practical knowledge needed to make informed personal financial decisions as they address immediate, short-term and long-term consumer choices. Administered primarily as a self-paced, computer-aided instructional course. HUMS 291. Special Topics in the Humanities and Sciences. 1-4 Hours. Semester course; 1-4 credits. May be repeated with different content. Specialized topics in the liberal arts and sciences designed to provide an overview of a topic not provided by an existing course or program. May be multidisciplinary. Graded as pass/fail or normal letter grading at the option of the instructor."
"Virginia Commonwealth University","Phycology (Applied)","PSYC101","Introduction to Psychology","4","3 lecture and 1 computer-assisted laboratory hours (delivered online, face-to-face or hybrid). 4 credits. A survey of the basic principles, methods of investigation and fields of study and application. Includes individualized application of principles and methods in computerized learning activities. This course is a prerequisite for upper-level work in the field of psychology."
"Virginia Commonwealth University","Phycology (PreGraduate School)","PSYC214","Applications of Statistics","3","2 lecture and 2 laboratory hours. 3 credits. Prerequisites: PSYC 101 and STAT 210 both with a minimum grade of C. Frequency distributions, measures of central tendency and variability; sampling, probability, correlation and significance tests as applied in psychological data."
"Virginia Commonwealth University","Phycology (PreGraduate School)","PSYC304","Life Span Developmental Psychology","3","3 lecture hours. 3 credits. Prerequisite: PSYC 101. Reviews the basic concepts and principles of physical, cognitive and social development at each major stage of life-prenatal, infancy, toddlerhood, preschool, middle childhood, adolescence, adulthood and old age. Consideration is given to the study of development at each stage of life and to different theoretical explanations for development. PSYC 301 Child Psychology may not also be taken for credit."
"Virginia Commonwealth University","Phycology (PreGraduate School)","PSYC308","Stress and its Management","3","3 lecture hours. 3 credits. Prerequisite: PSYC 101. Physiological and psychological aspects of stressors and the stress response. Review of principles, research and methods of stress management, such as relaxation, self-suggestions, meditation and biofeedback."
"Virginia Commonwealth University","Phycology (PreGraduate School)","PSYC309","Personality","3","3 lecture hours. 3 credits. Prerequisite: PSYC 101. The study of the various approaches to understanding human behavior in terms of personality theory. Various theories will be examined for commonality and uniqueness in assumptions, dynamics and development of personality."
"Virginia Commonwealth University","Phycology (PreGraduate School)","PSYC317","Experimental Methods","3","2 lecture and 2 laboratory hours. 3 credits. Prerequisite: PSYC 214 with a minimum grade of C. Introduction to experimental procedures and laboratory techniques in psychology. Demonstrations and experiments in sensation, perception, learning, emotion and motivation."
"Virginia Commonwealth University","Phycology (PreGraduate School)","PSYC318","Principles of Psychological Tests and Measurements","3","3 lecture hours. 3 credits. Prerequisites: minimum grade of C in PSYC 101 and minimum grade of C in STAT 210. Concepts in psychological measurement and a survey of commonly used tests; testing procedures and rationale underlying these tests; tests of intelligence, aptitude, achievement, interest and personality critically examined, procedures described for selecting and evaluating specific group tests in these areas."
"Virginia Commonwealth University","Phycology (PreGraduate School)","PSYC340","Introduction to the Helping Relationship","3","3 lecture hours. 3 credits. Prerequisite: PSYC 101. Overview to the dynamics of communication in a helping relationship. Didactic material includes the principles of empathy, nonverbal behavior, problem-solving, crisis intervention and interview techniques. Basic paraprofessional counselor skills will be demonstrated and practiced through structured exercises."
"Virginia Commonwealth University","Phycology (PreGraduate School)","PSYC407","Psychology of the Abnormal","3","3 lecture hours. 3 credits. Prerequisite: PSYC 101. Development of personality is discussed, with emphasis on factors leading to maladjustment. Lectures and reading cover the symptom groups of emotional disorders of both psychological and organic origin. Methods of assessing and treating these disorders are surveyed. "
"Virginia Commonwealth University","Phycology (PreGraduate School)","PSYC451","History of Psychology","3","3 lecture hours. 3 credits. Prerequisites: PSYC 101 and senior standing. Traces the history of ideas about mind and behavior as they relate to the theory and practice of psychology. 774 Undergraduate courses"
"Virginia Commonwealth University","Phycology (PreGraduate School)","PSYC492","Independent Study","3","variable hours. 1, 2 or 3 credits per semester. Maximum of 6 credits for all independent study courses. PSYC 492, PSYC 493 or PSYC 494 may be repeated for a total of 6 credits but a maximum of 12 credits total for all three courses. Prerequisite: PSYC 101. Open only to students of junior or senior standing who have acquired at least 12 credits in the departmental discipline. Determination of the amount of credit and permission of instructor and department chair must be procured prior to registration of the course. Independent study is defined as student-conceived and initiated readings or research project which is supervised by a psychology faculty member. An oral examination or written, comprehensive paper is required at the end of the semester."
"Virginia Commonwealth University","Phycology (PreGraduate School)","STAT210","Basic Practice of Statistics","3","3 lecture hours (delivered online, face-to-face or hybrid). 3 credits. Prerequisite: satisfactory score on the VCU Mathematics Placement Test within the one-year period immediately preceding the beginning of the course, or MATH 131, MATH 139, MATH 141, MATH 151, MATH 200 or MATH 201. Designed for students who will likely take another quantitative reasoning course for which statistics may be a prerequisite. Not open to mathematical sciences or computer science majors. Topics include examining distributions, examining relationships, producing data, sampling distributions and probability, introduction to inference. Students may receive credit toward graduation for only one of STAT 206, STAT 208, STAT 210, STAT 212, STAT 312 or SCMA 301."
"Virginia Commonwealth University","Phycology (PreGraduate School)","BIOL101","Biological Concepts","3","3 lecture hours (delivered online, face-to-face or hybrid). 3 credits. A topical approach to basic biological principles. Topics include molecular aspects of cells, bioenergetics, photosynthesis, cellular respiration, cellular and organismal reproduction, genetics and evolution, and ecology. Not applicable for credit toward the major in biology. "
"Virginia Commonwealth University","Phycology (PreGraduate School)","BIOL103","Global Environmental Biology","3","3 lecture hours (delivered online). 3 credits. This course engages students in understanding biological systems through aspects of global change in the Earth’s environment. Global change is explored through the perspective of a biologist in association with social and economic concepts. Topics include climate change, population biology, ecosystems, urbanization, renewable and nonrenewable energy, air and water resources and sustainability goals. Assessments and applied activities reinforce major course concepts. Not applicable as a prerequisite for any biology course at the 200 level or higher nor for credit toward the B.S. in Biology."
"Virginia Commonwealth University","Phycology (PreGraduate School)","BIOZ101","Biological Concepts Laboratory","1","2 laboratory hours. 1 credit. Pre- or corequisite: BIOL 101, 151 or 152. Laboratory exercise correlated with BIOL 101. Not applicable for credit toward the B.S. in Biology."
"Virginia Commonwealth University","Phycology (PreGraduate School)","HUMS202","Choices in a Consumer Society","1","1 lecture hour (delivered online). 1 credit. Corequisite: UNIV 111 or UNIV 112. Provides a framework for understanding the nature of choices made in a consumer society, with an emphasis on the financial consequences of those choices. Students will gain the practical knowledge needed to make informed personal financial decisions as they address immediate, short-term and long-term consumer choices. Administered primarily as a self-paced, computer-aided instructional course. HUMS 291. Special Topics in the Humanities and Sciences. 1-4 Hours. Semester course; 1-4 credits. May be repeated with different content. Specialized topics in the liberal arts and sciences designed to provide an overview of a topic not provided by an existing course or program. May be multidisciplinary. Graded as pass/fail or normal letter grading at the option of the instructor."
"Virginia Commonwealth University","Phycology (PreGraduate School)","PSYC101","Introduction to Psychology","4","3 lecture and 1 computer-assisted laboratory hours (delivered online, face-to-face or hybrid). 4 credits. A survey of the basic principles, methods of investigation and fields of study and application. Includes individualized application of principles and methods in computerized learning activities. This course is a prerequisite for upper-level work in the field of psychology."
"Virginia Commonwealth University","Phycology (Life Sciences)","PSYC214","Applications of Statistics","3","2 lecture and 2 laboratory hours. 3 credits. Prerequisites: PSYC 101 and STAT 210 both with a minimum grade of C. Frequency distributions, measures of central tendency and variability; sampling, probability, correlation and significance tests as applied in psychological data."
"Virginia Commonwealth University","Phycology (Life Sciences)","PSYC304","Life Span Developmental Psychology","3","3 lecture hours. 3 credits. Prerequisite: PSYC 101. Reviews the basic concepts and principles of physical, cognitive and social development at each major stage of life-prenatal, infancy, toddlerhood, preschool, middle childhood, adolescence, adulthood and old age. Consideration is given to the study of development at each stage of life and to different theoretical explanations for development. PSYC 301 Child Psychology may not also be taken for credit."
"Virginia Commonwealth University","Phycology (Life Sciences)","PSYC317","Experimental Methods","3","2 lecture and 2 laboratory hours. 3 credits. Prerequisite: PSYC 214 with a minimum grade of C. Introduction to experimental procedures and laboratory techniques in psychology. Demonstrations and experiments in sensation, perception, learning, emotion and motivation."
"Virginia Commonwealth University","Phycology (Life Sciences)","PSYC318","Principles of Psychological Tests and Measurements","3","3 lecture hours. 3 credits. Prerequisites: minimum grade of C in PSYC 101 and minimum grade of C in STAT 210. Concepts in psychological measurement and a survey of commonly used tests; testing procedures and rationale underlying these tests; tests of intelligence, aptitude, achievement, interest and personality critically examined, procedures described for selecting and evaluating specific group tests in these areas."
"Virginia Commonwealth University","Phycology (Life Sciences)","PSYC321","Social Psychology","3","3 lecture hours. 3 credits. Prerequisite: PSYC 101. Survey theory and research in social psychology. Topics include interpersonal and social influence processes, attitudes and social cognition, the impact of personality on social behavior, conformity, leadership and small group behavior."
"Virginia Commonwealth University","Phycology (Life Sciences)","PSYC401","Physiological Psychology","3","3 lecture hours. 3 credits. Prerequisite: PSYC 101. Data from the fields of anatomy and physiology are presented, and their implications for psychology are discussed. The central nervous system, internal environment, vision, audition, reflexes, emotion, learning behavior disorders and their physiological components. Behavior of the human organisms is studied from the biopsychological point of view."
"Virginia Commonwealth University","Phycology (Life Sciences)","PSYC407","Psychology of the Abnormal","3","3 lecture hours. 3 credits. Prerequisite: PSYC 101. Development of personality is discussed, with emphasis on factors leading to maladjustment. Lectures and reading cover the symptom groups of emotional disorders of both psychological and organic origin. Methods of assessing and treating these disorders are surveyed. "
"Virginia Commonwealth University","Phycology (Life Sciences)","PSYC410","Principles of Learning and Cognition","3","3 lecture hours. 3 credits. Prerequisite: PSYC 101. Comprehensive treatment of learning and cognition with emphasis on humans, from behavioral, cognitive, biological and developmental viewpoints. Topics include conditioning, information processing, memory, sociobiology and cognitive and moral development."
"Virginia Commonwealth University","Phycology (Life Sciences)","PSYC451","History of Psychology","3","3 lecture hours. 3 credits. Prerequisites: PSYC 101 and senior standing. Traces the history of ideas about mind and behavior as they relate to the theory and practice of psychology. 774 Undergraduate courses"
"Virginia Commonwealth University","Phycology (Life Sciences)","PSYC492","Independent Study","3","variable hours. 1, 2 or 3 credits per semester. Maximum of 6 credits for all independent study courses. PSYC 492, PSYC 493 or PSYC 494 may be repeated for a total of 6 credits but a maximum of 12 credits total for all three courses. Prerequisite: PSYC 101. Open only to students of junior or senior standing who have acquired at least 12 credits in the departmental discipline. Determination of the amount of credit and permission of instructor and department chair must be procured prior to registration of the course. Independent study is defined as student-conceived and initiated readings or research project which is supervised by a psychology faculty member. An oral examination or written, comprehensive paper is required at the end of the semester."
"Virginia Commonwealth University","Phycology (Life Sciences)","STAT210","Basic Practice of Statistics","3","3 lecture hours (delivered online, face-to-face or hybrid). 3 credits. Prerequisite: satisfactory score on the VCU Mathematics Placement Test within the one-year period immediately preceding the beginning of the course, or MATH 131, MATH 139, MATH 141, MATH 151, MATH 200 or MATH 201. Designed for students who will likely take another quantitative reasoning course for which statistics may be a prerequisite. Not open to mathematical sciences or computer science majors. Topics include examining distributions, examining relationships, producing data, sampling distributions and probability, introduction to inference. Students may receive credit toward graduation for only one of STAT 206, STAT 208, STAT 210, STAT 212, STAT 312 or SCMA 301."
"Virginia Commonwealth University","Phycology (Life Sciences)","BIOL101","Biological Concepts","3","3 lecture hours (delivered online, face-to-face or hybrid). 3 credits. A topical approach to basic biological principles. Topics include molecular aspects of cells, bioenergetics, photosynthesis, cellular respiration, cellular and organismal reproduction, genetics and evolution, and ecology. Not applicable for credit toward the major in biology. "
"Virginia Commonwealth University","Phycology (Life Sciences)","BIOL201","Human Biology","3","3 lecture hours. 3 credits. Prerequisite: BIOL 101, 151, or 152, or BIOL/ENVS 103. Fundamentals of human biology, including the structure, function and disorders of human body systems, principles of human genetics and inheritance, human evolution, and the interaction of humans with the environment. Not applicable for credit toward the B.S. in Biology."
"Virginia Commonwealth University","Phycology (Life Sciences)","BIOL445","Neurobiology and Behavior","4","3 lecture and 3 laboratory hours. 4 credits. Prerequisite: BIOL 317 with a minimum grade of C. The study of animal behavior stressing ecological, evolutionary and neurobiological approaches."
"Virginia Commonwealth University","Phycology (Life Sciences)","BIOZ101","Biological Concepts Laboratory","1","2 laboratory hours. 1 credit. Pre- or corequisite: BIOL 101, 151 or 152. Laboratory exercise correlated with BIOL 101. Not applicable for credit toward the B.S. in Biology."
"Virginia Commonwealth University","Phycology (Life Sciences)","HUMS202","Choices in a Consumer Society","1","1 lecture hour (delivered online). 1 credit. Corequisite: UNIV 111 or UNIV 112. Provides a framework for understanding the nature of choices made in a consumer society, with an emphasis on the financial consequences of those choices. Students will gain the practical knowledge needed to make informed personal financial decisions as they address immediate, short-term and long-term consumer choices. Administered primarily as a self-paced, computer-aided instructional course. HUMS 291. Special Topics in the Humanities and Sciences. 1-4 Hours. Semester course; 1-4 credits. May be repeated with different content. Specialized topics in the liberal arts and sciences designed to provide an overview of a topic not provided by an existing course or program. May be multidisciplinary. Graded as pass/fail or normal letter grading at the option of the instructor."
"Virginia Commonwealth University","Phycology (Urban)","PHTX400","Drugs and Their Actions","3","3 lecture hours. 3 credits. Enrollment is restricted to students with junior or senior standing, or permission of instructor. This course is a general survey of pharmacology and related disciplines. The basic principles of pharmacokinetics and pharmacodynamics are presented followed by discussions of neuropharmacology, including drugs for treating neurological disorders and drugs of abuse; immunopharmacology and drugs for pain management; systems pharmacology, including autonomic, cardiovascular, respiratory, renal and endocrine pharmacology; and drugs targeting infectious diseases and cancer chemotherapy. The course will also cover selected topics such as drug design and development, herbal medications and pharmacogenomics. Physiology and Biophysics (PHIS)"
"Virginia Commonwealth University","Phycology (Urban)","PSYC101","Introduction to Psychology","4","3 lecture and 1 computer-assisted laboratory hours (delivered online, face-to-face or hybrid). 4 credits. A survey of the basic principles, methods of investigation and fields of study and application. Includes individualized application of principles and methods in computerized learning activities. This course is a prerequisite for upper-level work in the field of psychology."
"Virginia Commonwealth University","Phycology (Urban)","PSYC214","Applications of Statistics","3","2 lecture and 2 laboratory hours. 3 credits. Prerequisites: PSYC 101 and STAT 210 both with a minimum grade of C. Frequency distributions, measures of central tendency and variability; sampling, probability, correlation and significance tests as applied in psychological data."
"Virginia Commonwealth University","Phycology (Urban)","PSYC317","Experimental Methods","3","2 lecture and 2 laboratory hours. 3 credits. Prerequisite: PSYC 214 with a minimum grade of C. Introduction to experimental procedures and laboratory techniques in psychology. Demonstrations and experiments in sensation, perception, learning, emotion and motivation."
"Virginia Commonwealth University","Phycology (Urban)","PSYC401","Physiological Psychology","3","3 lecture hours. 3 credits. Prerequisite: PSYC 101. Data from the fields of anatomy and physiology are presented, and their implications for psychology are discussed. The central nervous system, internal environment, vision, audition, reflexes, emotion, learning behavior disorders and their physiological components. Behavior of the human organisms is studied from the biopsychological point of view."
"Virginia Commonwealth University","Phycology (Urban)","PSYC406","Perception","3","3 lecture hours. 3 credits. Prerequisite: PSYC 101. Perception of information from sensory systems with concentration on vision and hearing. Research and theories on how we learn and judge color, form, movement, depth and how individuals integrate these in object identification."
"Virginia Commonwealth University","Phycology (Urban)","PSYC410","Principles of Learning and Cognition","3","3 lecture hours. 3 credits. Prerequisite: PSYC 101. Comprehensive treatment of learning and cognition with emphasis on humans, from behavioral, cognitive, biological and developmental viewpoints. Topics include conditioning, information processing, memory, sociobiology and cognitive and moral development."
"Virginia Commonwealth University","Phycology (Urban)","PSYC412","Health Psychology","3","3 lecture hours. 3 credits. Prerequisite: PSYC 101. Application of the principles and techniques of psychology to the field of medicine, to health maintenance and to illness. The integration of theoretical, research and applied issues is emphasized in the analysis of such topics as psychological/behavioral factors contributing to and protecting against physical illness (stress, smoking, exercise), factors relating to treatment and recovery (coping, treatment compliance), psychological problems resulting from illness and injury, and specific techniques and problem areas in health psychology (such as biofeedback, pain management, pediatric psychology, geropsychology, rehabilitation psychology and lifestyle change.)."
"Virginia Commonwealth University","Phycology (Urban)","PSYC451","History of Psychology","3","3 lecture hours. 3 credits. Prerequisites: PSYC 101 and senior standing. Traces the history of ideas about mind and behavior as they relate to the theory and practice of psychology. 774 Undergraduate courses"
"Virginia Commonwealth University","Phycology (Urban)","PSYC492","Independent Study","3","variable hours. 1, 2 or 3 credits per semester. Maximum of 6 credits for all independent study courses. PSYC 492, PSYC 493 or PSYC 494 may be repeated for a total of 6 credits but a maximum of 12 credits total for all three courses. Prerequisite: PSYC 101. Open only to students of junior or senior standing who have acquired at least 12 credits in the departmental discipline. Determination of the amount of credit and permission of instructor and department chair must be procured prior to registration of the course. Independent study is defined as student-conceived and initiated readings or research project which is supervised by a psychology faculty member. An oral examination or written, comprehensive paper is required at the end of the semester."
"Virginia Commonwealth University","Phycology (Urban)","STAT210","Basic Practice of Statistics","3","3 lecture hours (delivered online, face-to-face or hybrid). 3 credits. Prerequisite: satisfactory score on the VCU Mathematics Placement Test within the one-year period immediately preceding the beginning of the course, or MATH 131, MATH 139, MATH 141, MATH 151, MATH 200 or MATH 201. Designed for students who will likely take another quantitative reasoning course for which statistics may be a prerequisite. Not open to mathematical sciences or computer science majors. Topics include examining distributions, examining relationships, producing data, sampling distributions and probability, introduction to inference. Students may receive credit toward graduation for only one of STAT 206, STAT 208, STAT 210, STAT 212, STAT 312 or SCMA 301."
"Virginia Commonwealth University","Phycology (Urban)","BIOL101","Biological Concepts","3","3 lecture hours (delivered online, face-to-face or hybrid). 3 credits. A topical approach to basic biological principles. Topics include molecular aspects of cells, bioenergetics, photosynthesis, cellular respiration, cellular and organismal reproduction, genetics and evolution, and ecology. Not applicable for credit toward the major in biology. "
"Virginia Commonwealth University","Phycology (Urban)","BIOL103","Global Environmental Biology","3","3 lecture hours (delivered online). 3 credits. This course engages students in understanding biological systems through aspects of global change in the Earth’s environment. Global change is explored through the perspective of a biologist in association with social and economic concepts. Topics include climate change, population biology, ecosystems, urbanization, renewable and nonrenewable energy, air and water resources and sustainability goals. Assessments and applied activities reinforce major course concepts. Not applicable as a prerequisite for any biology course at the 200 level or higher nor for credit toward the B.S. in Biology."
"Virginia Commonwealth University","Phycology (Urban)","BIOZ101","Biological Concepts Laboratory","1","2 laboratory hours. 1 credit. Pre- or corequisite: BIOL 101, 151 or 152. Laboratory exercise correlated with BIOL 101. Not applicable for credit toward the B.S. in Biology."
"Virginia Commonwealth University","Phycology (Urban)","HUMS202","Choices in a Consumer Society","1","1 lecture hour (delivered online). 1 credit. Corequisite: UNIV 111 or UNIV 112. Provides a framework for understanding the nature of choices made in a consumer society, with an emphasis on the financial consequences of those choices. Students will gain the practical knowledge needed to make informed personal financial decisions as they address immediate, short-term and long-term consumer choices. Administered primarily as a self-paced, computer-aided instructional course. HUMS 291. Special Topics in the Humanities and Sciences. 1-4 Hours. Semester course; 1-4 credits. May be repeated with different content. Specialized topics in the liberal arts and sciences designed to provide an overview of a topic not provided by an existing course or program. May be multidisciplinary. Graded as pass/fail or normal letter grading at the option of the instructor."
"Virginia Commonwealth University","Phycology (Urban)","POLI321","Urban Politics","3","3 lecture hours. 3 credits. An examination of urban political power and influence, governance, and public policy. Topics include: power and influence, governmental structures and the political process, public policy, and service delivery."
"Virginia Commonwealth University","Phycology (Urban)","PSYC101","Introduction to Psychology","4","3 lecture and 1 computer-assisted laboratory hours (delivered online, face-to-face or hybrid). 4 credits. A survey of the basic principles, methods of investigation and fields of study and application. Includes individualized application of principles and methods in computerized learning activities. This course is a prerequisite for upper-level work in the field of psychology."
"Virginia Commonwealth University","Sociology","PSYC214","Applications of Statistics","3","2 lecture and 2 laboratory hours. 3 credits. Prerequisites: PSYC 101 and STAT 210 both with a minimum grade of C. Frequency distributions, measures of central tendency and variability; sampling, probability, correlation and significance tests as applied in psychological data."
"Virginia Commonwealth University","Sociology","PSYC302","Psychology of Adolescence","3","3 lecture hours. 3 credits. Prerequisites: PSYC 101. A study of mental, moral, social and physical development from puberty to maturity viewed as in child psychology. Designed for secondary school teachers, youth leaders and professional psychologists."
"Virginia Commonwealth University","Sociology","PSYC304","Life Span Developmental Psychology","3","3 lecture hours. 3 credits. Prerequisite: PSYC 101. Reviews the basic concepts and principles of physical, cognitive and social development at each major stage of life-prenatal, infancy, toddlerhood, preschool, middle childhood, adolescence, adulthood and old age. Consideration is given to the study of development at each stage of life and to different theoretical explanations for development. PSYC 301 Child Psychology may not also be taken for credit."
"Virginia Commonwealth University","Sociology","PSYC317","Experimental Methods","3","2 lecture and 2 laboratory hours. 3 credits. Prerequisite: PSYC 214 with a minimum grade of C. Introduction to experimental procedures and laboratory techniques in psychology. Demonstrations and experiments in sensation, perception, learning, emotion and motivation."
"Virginia Commonwealth University","Sociology","PSYC322","Personality and Behavior of the African American","3","3 lecture hours. 3 credits. Prerequisite: PSYC 101. A study of personality factors such as motivation, ego-functioning and the socialization processes, with special emphasis on living conditions of African-Americans. Crosslisted as: AFAM 322."
"Virginia Commonwealth University","Sociology","PSYC340","Introduction to the Helping Relationship","3","3 lecture hours. 3 credits. Prerequisite: PSYC 101. Overview to the dynamics of communication in a helping relationship. Didactic material includes the principles of empathy, nonverbal behavior, problem-solving, crisis intervention and interview techniques. Basic paraprofessional counselor skills will be demonstrated and practiced through structured exercises."
"Virginia Commonwealth University","Sociology","PSYC451","History of Psychology","3","3 lecture hours. 3 credits. Prerequisites: PSYC 101 and senior standing. Traces the history of ideas about mind and behavior as they relate to the theory and practice of psychology. 774 Undergraduate courses"
"Virginia Commonwealth University","Sociology","PSYC493","Fieldwork: Human Services","3","3 credits. PSYC 492, PSYC 493 and PSYC 494 may be repeated for a total of 6 credits but a maximum of 12 credits total for all three courses is allowed. Prerequisite: permission of instructor. Students are placed in an agency, which will provide supervised work experience in various aspects of helping other people. The setting might be a government or private community agency, or a corporation, depending on the student's goals. The student works eight hours per week at the placement site, attends several group discussion sessions during the semester and completes written assignments. This course is designed to enhance the psychology major's career pursuits for either graduate-level training or post-baccalaureate employment. PSYC 494. Research Internship in Psychology. 1-3 Hours. Semester course; variable hours. 1, 2 or 3 credits per semester. May be repeated for a maximum of 6 credits with adviser's approval. PSYC 492, PSYC 493 or PSYC 494 may be repeated for a total of 6 credits but a maximum of 12 credits total for all three courses. Prerequisites: PSYC 101 and permission of faculty research supervisor must be obtained prior to registration. PSYC 214 and PSYC 317, or permission of supervisor. Students will work on various phases of a research project (design, data collection, data analysis, manuscript writing) under a psychology faculty member's close supervision. This course is designed to enhance the psychology major's career pursuits for either graduate- level training or post-baccalaureate employment."
"Virginia Commonwealth University","Sociology","RELS340","Global Ethics and the World's Religions","3","3 lecture hours. 3 credits. A critical survey of ethical concepts and issues in the thought and practice of major religious traditions. Comparison of ethical perspectives on selected themes and attention to cooperative efforts toward a global ethic. Crosslisted as: INTL 341."
"Virginia Commonwealth University","Statistics & Operations Reserach (Operations Research)","STAT210","Basic Practice of Statistics","3","3 lecture hours (delivered online, face-to-face or hybrid). 3 credits. Prerequisite: satisfactory score on the VCU Mathematics Placement Test within the one-year period immediately preceding the beginning of the course, or MATH 131, MATH 139, MATH 141, MATH 151, MATH 200 or MATH 201. Designed for students who will likely take another quantitative reasoning course for which statistics may be a prerequisite. Not open to mathematical sciences or computer science majors. Topics include examining distributions, examining relationships, producing data, sampling distributions and probability, introduction to inference. Students may receive credit toward graduation for only one of STAT 206, STAT 208, STAT 210, STAT 212, STAT 312 or SCMA 301."
"Virginia Commonwealth University","Statistics & Operations Reserach (Operations Research)","URSP116","Introduction to the City","3","3 lecture hours. 3 credits. Introduction to the various theories of urbanism and attempt to offer solutions to the problems of urban life in modern civilization. The course will survey the major works of those who have studied cities or offered solutions and alternatives to existing urban structures. The works of noted social reformers, political analysts, economists, and architects as well as urban planners will be examined through lectures, readings, films, slides, discussions and field trips (when feasible)."
"Virginia Commonwealth University","Statistics & Operations Reserach (Operations Research)","HUMS202","Choices in a Consumer Society","1","1 lecture hour (delivered online). 1 credit. Corequisite: UNIV 111 or UNIV 112. Provides a framework for understanding the nature of choices made in a consumer society, with an emphasis on the financial consequences of those choices. Students will gain the practical knowledge needed to make informed personal financial decisions as they address immediate, short-term and long-term consumer choices. Administered primarily as a self-paced, computer-aided instructional course. HUMS 291. Special Topics in the Humanities and Sciences. 1-4 Hours. Semester course; 1-4 credits. May be repeated with different content. Specialized topics in the liberal arts and sciences designed to provide an overview of a topic not provided by an existing course or program. May be multidisciplinary. Graded as pass/fail or normal letter grading at the option of the instructor."
"Virginia Commonwealth University","Statistics & Operations Reserach (Operations Research)","SOCY101","Introduction to Sociology","3","3 lecture hours (delivered online, face-to-face or hybrid). 3 credits. An introduction to the study of human society. The basic concepts of society and culture and their relationships to each other are studied and then used to analyze the major social institutions."
"Virginia Commonwealth University","Statistics & Operations Reserach (Operations Research)","SOCY202","Foundations of Theory","3","3 lecture hours. 3 credits. Prerequisite: SOCY 101. An introduction to classical theoretical traditions that have guided sociological work. Classical theorists whose writings have shaped the discipline will be studied, including Karl Marx, Max Weber, Emile Durkheim, Georg Simmel, W.E.B. Du Bois and Charlotte Perkins Gilman. This course also traces the historical development of the discipline of sociology during the 19th and early 20th centuries."
"Virginia Commonwealth University","Statistics & Operations Reserach (Operations Research)","SOCY302","Contemporary Social Problems","3","3 lecture hours. 3 credits. Prerequisite: SOCY 101. The examination from a sociological perspective of contemporary social problems such as population growth, crime, racism, family problems, substance abuse and aging in terms of their impact on American social institutions and values."
"Virginia Commonwealth University","Statistics & Operations Reserach (Operations Research)","SOCY320","Research Methods in the Social Sciences","3","2 lecture and 2 laboratory hours. 3 credits. Prerequisites: SOCY 101; and STAT 208 or STAT 210 with a minimum grade of C. Current methods of research in the social sciences. Includes a brief introduction to the use of SPSS for storage, retrieval and exploration of social science data."
"Virginia Commonwealth University","Statistics & Operations Reserach (Operations Research)","SOCY322","Sociology of Race and Ethnicity","3","3 lecture hours. 3 credits. Prerequisite: SOCY 101. A study of the various racial, religious and ethnic minority groups. Issues of power, pluralism and assimilation are addressed as well as the relationship between subcultures and the dominant culture."
"Virginia Commonwealth University","Statistics & Operations Reserach (Operations Research)","SOCY402","Contemporary Theory","3","3 lecture hours. 3 credits. Prerequisite: SOCY 202 with a minimum grade of C; pre- or corequisite: SOCY 320. Restricted to sociology majors. A study of the works of the major sociological theorists of the 20th century."
"Virginia Commonwealth University","Statistics & Operations Reserach (Operations Research)","SOCY406","Sociology Senior Seminar","3","3 lecture hours. 3 credits. Prerequisites: SOCY 202 and SOCY 320, both with a minimum grade of C; and at least 21 credit hours in sociology. Course must be taken in the student's last 30 hours at VCU. Pre- or corequisite: SOCY 402. Senior capstone class; provides students the opportunity to synthesize, integrate and apply their sociological knowledge and skills."
"Virginia Commonwealth University","Statistics & Operations Reserach (Operations Research)","STAT208","Statistical Thinking","3","3 lecture hours (delivered online, face-to-face or hybrid). 3 credits. Prerequisite: satisfactory score on the VCU Mathematics Placement Test within the one-year period immediately preceding the beginning of the course, or a minimum grade of C in MATH 131, MATH 139, MATH 141, MATH 151, MATH 200 or MATH 201. An exploration of the use of statistics in the world around us through in- depth case studies. Emphasis is on understanding statistical studies, charts, tables and graphs frequently seen in various media sources. Some lectures involve activities centered on case studies. Students may receive credit toward graduation for only one of STAT 206, STAT 208, STAT 210, STAT 212, STAT 312 or SCMA 301."
"Virginia Commonwealth University","Statistics & Operations Reserach (Operations Research)","HUMS202","Choices in a Consumer Society","1","1 lecture hour (delivered online). 1 credit. Corequisite: UNIV 111 or UNIV 112. Provides a framework for understanding the nature of choices made in a consumer society, with an emphasis on the financial consequences of those choices. Students will gain the practical knowledge needed to make informed personal financial decisions as they address immediate, short-term and long-term consumer choices. Administered primarily as a self-paced, computer-aided instructional course. HUMS 291. Special Topics in the Humanities and Sciences. 1-4 Hours. Semester course; 1-4 credits. May be repeated with different content. Specialized topics in the liberal arts and sciences designed to provide an overview of a topic not provided by an existing course or program. May be multidisciplinary. Graded as pass/fail or normal letter grading at the option of the instructor."
"Virginia Commonwealth University","Statistics & Operations Reserach (Operations Research)","MATH200","Calculus with Analytic Geometry I","4","4 lecture hours. 4 credits. Prerequisite: MATH 151 with a minimum grade of C or satisfactory score on the VCU Mathematics Placement Test within the one-year period immediately preceding the beginning of the course. Limits, continuity, derivatives, differentials, antiderivatives and definite integrals."
"Virginia Commonwealth University","Statistics & Operations Reserach (Operations Research)","MATH201","Calculus with Analytic Geometry II","4","4 lecture hours. 4 credits. Prerequisite: MATH 200 with a minimum grade of C. Applications of differentiation and integration. Selected topics in analytic geometry. Infinite series."
"Virginia Commonwealth University","Statistics & Operations Reserach (Operations Research)","MATH300","Introduction to Mathematical Reasoning","3","3 lecture hours. 3 credits. Prerequisite: MATH 201 with a minimum grade of C. (A core course for mathematics/applied mathematics majors.) An introduction to basic concepts of mathematical reasoning and the writing of proofs in an elementary setting. Direct, indirect and induction proofs. Illustrations of the concepts include basic proofs from mathematical logic, elementary set theory, elementary number theory, number systems, foundations of calculus, relations, equivalence relations, functions and counting with emphasis on combinatorial proofs. 758 Undergraduate courses"
"Virginia Commonwealth University","Statistics & Operations Reserach (Statistics)","MATH307","Multivariate Calculus","4","4 lecture hours. 4 credits. Prerequisite: MATH 201 with a minimum grade of C. The calculus of vector-valued functions and of functions of more than one variable. Partial derivatives, multiple integrals, line integrals, surface integrals and curvilinear coordinates. Lagrange multipliers; theorems of Green, Gauss and Stokes. Applications."
"Virginia Commonwealth University","Statistics & Operations Reserach (Statistics)","MATH310","Linear Algebra","3","3 lecture hours. 3 credits. Prerequisite: MATH 201 with a minimum grade of C. Systems of linear equations, vector spaces, linear dependence, bases, dimensions, linear mappings, matrices, determinants, quadratic forms, orthogonal reduction to diagonal form, eigenvalues and geometric applications."
"Virginia Commonwealth University","Statistics & Operations Reserach (Statistics)","MATH401","Introduction to Abstract Algebra","3","3 lecture hours. 3 credits. Prerequisites: MATH 300 and MATH 310, each with a minimum grade of C. An introduction to groups, rings and fields from an axiomatic point of view. Coset decomposition and basic morphisms."
"Virginia Commonwealth University","Statistics & Operations Reserach (Statistics)","OPER327","Mathematical Modeling","3","3 lecture hours. 3 credits. Prerequisite: MATH 200. Fundamental concepts of mathematical modeling. Topics may include differential equation models, optimization models and probabilistic models. Practical problems will be discussed throughout. OPER 391. Topics in Operations Research. 1-3 Hours. Semester course; 1-3 lecture hours. 1-3 credits. May be repeated with different topics for a maximum of 6 credits. A study of selected topics in operations research. See the Schedule of Classes for specific topics to be offered each semester and prerequisites. Because of the changing subject matter to be treated in this course, enrollment requires permission of the instructor."
"Virginia Commonwealth University","Statistics & Operations Reserach (Statistics)","OPER427","Deterministic Operations Research","3","3 lecture hours. 3 credits. Prerequisites: CMSC 245 or CMSC 255, MATH 310 and OPER 327. Introduction to topics in optimization including linear programming, network models and integer programming. Focuses on constructing sound models and on solving them using appropriate software. Algorithms and model properties are also discussed. Students may not receive degree credit for both OPER 427 and OPER 527. 762 Undergraduate courses"
"Virginia Commonwealth University","Statistics & Operations Reserach (Statistics)","OPER428","Stochastic Operations Research","3","3 lecture hours. 3 credits. Prerequisites: CMSC 245 or CMSC 255, MATH 310 and STAT 309. Introduction to topics in discrete-event and Monte Carlo simulation including the application of probabilistic models in real-world situations, random number generation, random variate generation and Monte Carlo integration. Students may not receive degree credit for both OPER 428 and OPER 528. Philosophy (PHIL)"
"Virginia Commonwealth University","Statistics & Operations Reserach (Statistics)","SSOR480","Consulting Using Advanced Analytics","3","3 lecture hours. 3 credits. Prerequisites: UNIV 200 or HONR 200; either OPER 427 and OPER 428, or STAT 321 and either STAT 305 or STAT 314. Enrollment is restricted to senior mathematical sciences majors with concentrations in general mathematical sciences, statistics or operations research. Capstone course designed to help students apply analysis techniques and attain proficiency in professional communication, both written and oral, in the context of statistics and operations research. Focuses on applying statistical and analytical concepts to real-world scenarios, working with messy data and communicating conclusions to audiences with varying degrees of mathematical expertise."
"Virginia Commonwealth University","Statistics & Operations Reserach (Statistics)","SSOR485","Career Planning and Professional Development for Statistics and Operations Research","1","1 lecture hour. 1 credit. Enrollment is restricted to junior or senior mathematical sciences majors in the general mathematical sciences, statistics or operations research concentrations. Designed to help students in statistics and operations research concentrations explore and evaluate career plans and prepare for entrance into graduate school or the workforce. Focuses on résumé preparation, interviewing skills, personal statements and evaluating ethical dilemmas. SSOR 492. Independent Study. 2-4 Hours. Semester course; variable hours. 2-4 credits. Maximum 4 credits per semester; maximum total of 6 credits. Generally open only to students of junior or senior standing who have acquired at least 12 credits in the departmental discipline. Determination of the amount of credit and permission of instructor and department chair must be procured prior to registration in the course. The student must submit a proposal for investigating some area or problem not contained in the regular curriculum. The results of the student's study will be presented in a report. 788 Undergraduate courses"
"Virginia Commonwealth University","Statistics & Operations Reserach (Statistics)","STAT212","Concepts of Statistics","3","3 lecture hours. 3 credits. Prerequisite: satisfactory score on the VCU Mathematics Placement Test within the one-year period immediately preceding the beginning of the course, or MATH 151, MATH 200 or MATH 201. Introductory statistics course with an emphasis on descriptive statistics, correlation and regression, probability, normal distributions, t distributions, and statistical inference. Graphing calculators will be used extensively. A core course for mathematical sciences. Students may receive credit toward graduation for only one of STAT 206, STAT 208, STAT 210, STAT 212, STAT 312 or SCMA 301. STAT 291. Topics in Statistics. 1-3 Hours. Semester course; 1-3 lecture hours. 1-3 credits. A study of selected topics in statistics. Specific topics may fulfill general education requirements. See the Schedule of Classes for specific topics and prerequisites."
"Virginia Commonwealth University","Statistics & Operations Reserach (Statistics)","STAT309","Introduction to Probability Theory","3","3 lecture hours. 3 credits. Prerequisites: MATH 307 and either MATH 211 or MATH 300. A study of the mathematical theory of probability, including finite and infinite sample spaces, random variables, discrete and continuous distributions, mathematical expectation, functions of random variables and sampling distributions."
"Virginia Commonwealth University","Statistics & Operations Reserach (Statistics)","STAT403","Introduction to Stochastic Processes","3","3 lecture hours. 3 credits. Prerequisites: MATH 307 and STAT 309. Introduction to the theory of stochastic processes and their applications. In-depth studies of random variables, conditional probability and conditional expectation. Topics include Markov chains, random walks, Poisson processes, birth and death processes and applications to classical problems (e.g., gambler's ruin, physics, etc.)."
"Virginia Commonwealth University","Statistics & Operations Reserach (Statistics)","HUMS202","Choices in a Consumer Society","1","1 lecture hour (delivered online). 1 credit. Corequisite: UNIV 111 or UNIV 112. Provides a framework for understanding the nature of choices made in a consumer society, with an emphasis on the financial consequences of those choices. Students will gain the practical knowledge needed to make informed personal financial decisions as they address immediate, short-term and long-term consumer choices. Administered primarily as a self-paced, computer-aided instructional course. HUMS 291. Special Topics in the Humanities and Sciences. 1-4 Hours. Semester course; 1-4 credits. May be repeated with different content. Specialized topics in the liberal arts and sciences designed to provide an overview of a topic not provided by an existing course or program. May be multidisciplinary. Graded as pass/fail or normal letter grading at the option of the instructor."
"Virginia Commonwealth University","Statistics & Operations Reserach (Statistics)","MATH200","Calculus with Analytic Geometry I","4","4 lecture hours. 4 credits. Prerequisite: MATH 151 with a minimum grade of C or satisfactory score on the VCU Mathematics Placement Test within the one-year period immediately preceding the beginning of the course. Limits, continuity, derivatives, differentials, antiderivatives and definite integrals."
